[{"__type__":"cc.Prefab","_name":"bossBoom","data":{"__id__":1}},{"__type__":"cc.Node","_name":"bossBoom","_level":1,"_components":[{"__type__":"cc.ParticleSystem","node":{"__id__":1},"_custom":true,"_file":{"__uuid__":"f2jQNbvC5EGp+5x5MC+8fH"},"_dstBlendFactor":1,"autoRemoveOnFinish":true,"totalParticles":400,"duration":0.05,"emissionRate":2000,"life":0.2,"lifeVar":0.1,"_startColor":{"__type__":"cc.Color","r":255,"g":102,"b":51,"a":226},"_startColorVar":{"__type__":"cc.Color","a":0},"_endColor":{"__type__":"cc.Color"},"_endColorVar":{"__type__":"cc.Color","a":0},"angle":76,"angleVar":180,"startSize":163,"startSizeVar":10,"endSize":-1,"gravity":{"__type__":"cc.Vec2","x":-20,"y":420},"speed":732,"speedVar":20,"tangentialAccel":-700}],"_prefab":{"__type__":"cc.PrefabInfo","root":{"__id__":1},"asset":{"__uuid__":"6aw7eak9NCYKS6PjbrVCC2"},"fileId":"90HLiEvJhEhrI2OHX1lHCr"},"_scale":{"__type__":"cc.Vec3","x":2,"y":2,"z":1},"_zIndex":0}]