{"__type__":"cc.JsonAsset","_name":"lineup_1001","json":[{"enemy7":"4","enemy6":"0","enemy5":"0","id":1,"enemy4":"0","enemy3":"0","enemy2":"0","enemy1":"4"},{"enemy7":"0","enemy6":"0","enemy5":"0","id":2,"enemy4":"0","enemy3":"0","enemy2":"0","enemy1":"0"},{"enemy7":"0","enemy6":"3","enemy5":"0","id":3,"enemy4":"0","enemy3":"0","enemy2":"3","enemy1":"0"},{"enemy7":"0","enemy6":"0","enemy5":"0","id":4,"enemy4":"0","enemy3":"0","enemy2":"0","enemy1":"0"},{"enemy7":"0","enemy6":"0","enemy5":"3","id":5,"enemy4":"0","enemy3":"3","enemy2":"0","enemy1":"0"},{"enemy7":"0","enemy6":"0","enemy5":"0","id":6,"enemy4":"0","enemy3":"0","enemy2":"0","enemy1":"0"},{"enemy7":"0","enemy6":"0","enemy5":"0","id":7,"enemy4":"5","enemy3":"0","enemy2":"0","enemy1":"0"}]}