{"__type__":"cc.JsonAsset","_name":"level_5","json":[{"nextOrderNum":2,"drop":"0","boomNum":"0","route":"1009","num":0,"orderNum":1,"pid":1,"delayTime":0,"id":5,"ballistic":"0","enemyID":1,"speed":5},{"nextOrderNum":3,"drop":"10001","boomNum":"1,2","route":"0","num":1,"orderNum":2,"pid":1,"delayTime":0,"id":5,"ballistic":"2","enemyID":8,"speed":3},{"nextOrderNum":4,"drop":"10001","boomNum":"0","route":"1","num":1,"orderNum":3,"pid":1,"delayTime":0,"id":5,"ballistic":"2","enemyID":7,"speed":2},{"nextOrderNum":5,"drop":"18","boomNum":"0","route":"1#0,2#1,3#2","num":3,"orderNum":4,"pid":1,"delayTime":0.4,"id":5,"ballistic":"1","enemyID":2,"speed":1.5},{"nextOrderNum":6,"drop":"0","boomNum":"1,2","route":"1003","num":1,"orderNum":5,"pid":1,"delayTime":0,"id":5,"ballistic":"2","enemyID":1,"speed":4},{"nextOrderNum":7,"drop":"1#10008,2#18","boomNum":"0","route":"1#0,2#1","num":2,"orderNum":6,"pid":1,"delayTime":1.8,"id":5,"ballistic":"2","enemyID":8,"speed":3.5},{"nextOrderNum":8,"drop":"1#10005,2#12,3#18","boomNum":"0","route":"1#0,2#2,3#1","num":3,"orderNum":7,"pid":1,"delayTime":1.8,"id":5,"ballistic":"2","enemyID":7,"speed":3.5},{"nextOrderNum":9,"drop":"1#18,2#18,3#18,4#10001","boomNum":"2","route":"1#5,2#2,3#6,4#2","num":4,"orderNum":8,"pid":2,"delayTime":0.4,"id":5,"ballistic":"1","enemyID":4,"speed":3},{"nextOrderNum":10,"drop":"1#10008,2#0,3#10008","boomNum":"0","route":"1#0,2#2,3#1","num":3,"orderNum":9,"pid":2,"delayTime":1.6,"id":5,"ballistic":"2","enemyID":7,"speed":2},{"nextOrderNum":11,"drop":"0","boomNum":"0","route":"1004","num":1,"orderNum":10,"pid":2,"delayTime":0,"id":5,"ballistic":"0","enemyID":1,"speed":3},{"nextOrderNum":12,"drop":"1#18,2#0,3#10008,4#0","boomNum":"1,3","route":"1#0,2#1,3#0,4#1","num":4,"orderNum":11,"pid":2,"delayTime":2,"id":5,"ballistic":"0","enemyID":8,"speed":3},{"nextOrderNum":13,"drop":"0","boomNum":"0","route":"1006","num":1,"orderNum":12,"pid":2,"delayTime":0,"id":5,"ballistic":"1","enemyID":1,"speed":3},{"nextOrderNum":14,"drop":"1#10001,2#10008","boomNum":"0","route":"2","num":2,"orderNum":13,"pid":3,"delayTime":1.5,"id":5,"ballistic":"2","enemyID":7,"speed":3},{"nextOrderNum":15,"drop":"1#0,2#10003,3#18,4#0","boomNum":"1,3","route":"0","num":4,"orderNum":14,"pid":3,"delayTime":2,"id":5,"ballistic":"0","enemyID":8,"speed":3},{"nextOrderNum":16,"drop":"1#0,2#18,3#0,4#18","boomNum":"0","route":"1","num":4,"orderNum":15,"pid":3,"delayTime":0.4,"id":5,"ballistic":"2","enemyID":3,"speed":3},{"nextOrderNum":17,"drop":"0","boomNum":"0","route":"1#3,2#4","num":2,"orderNum":16,"pid":4,"delayTime":0.4,"id":5,"ballistic":"1","enemyID":5,"speed":3},{"nextOrderNum":18,"drop":"10001","boomNum":"0","route":"2","num":1,"orderNum":17,"pid":4,"delayTime":0,"id":5,"ballistic":"2","enemyID":7,"speed":0},{"nextOrderNum":19,"drop":"10008","boomNum":"1,2","route":"1002","num":1,"orderNum":18,"pid":4,"delayTime":0,"id":5,"ballistic":"0","enemyID":1,"speed":4},{"nextOrderNum":20,"drop":"1#18,2#15,3#18,4#0","boomNum":"0","route":"1#5,2#2,3#6,4#5","num":4,"orderNum":19,"pid":4,"delayTime":0.4,"id":5,"ballistic":"1","enemyID":5,"speed":4},{"nextOrderNum":21,"drop":"1#18,2#0,3#10001","boomNum":"0","route":"1#0,2#1,3#1","num":3,"orderNum":20,"pid":5,"delayTime":2,"id":5,"ballistic":"2","enemyID":8,"speed":2},{"nextOrderNum":22,"drop":"1#10008,2#0,3#18","boomNum":"2,3","route":"1#0,2#1,3#1","num":3,"orderNum":21,"pid":5,"delayTime":2,"id":5,"ballistic":"2","enemyID":8,"speed":3},{"nextOrderNum":23,"drop":"1#18,2#10008,3#11","boomNum":"0","route":"1#0,2#1,3#2","num":3,"orderNum":22,"pid":5,"delayTime":0.4,"id":5,"ballistic":"1","enemyID":3,"speed":1.8},{"nextOrderNum":24,"drop":"1#10001,2#18,3#0","boomNum":"0","route":"1#0,2#1,3#2","num":3,"orderNum":23,"pid":6,"delayTime":2,"id":5,"ballistic":"2","enemyID":8,"speed":1},{"nextOrderNum":25,"drop":"1#18,2#10008,3#18","boomNum":"0","route":"1#0,2#1,3#2","num":3,"orderNum":24,"pid":6,"delayTime":0.4,"id":5,"ballistic":"0","enemyID":5,"speed":1.5},{"nextOrderNum":26,"drop":"1#0,2#18,3#18","boomNum":"1,2","route":"1#0,2#1,3#2","num":3,"orderNum":25,"pid":6,"delayTime":2.5,"id":5,"ballistic":"2","enemyID":8,"speed":4},{"nextOrderNum":27,"drop":"1#10008,2#10001,3#18","boomNum":"0","route":"1#0,2#1,3#2","num":3,"orderNum":26,"pid":7,"delayTime":2,"id":5,"ballistic":"0","enemyID":8,"speed":4},{"nextOrderNum":28,"drop":"1#10008,2#10001,3#12","boomNum":"2","route":"1#0,2#1,3#2","num":3,"orderNum":27,"pid":7,"delayTime":2.5,"id":5,"ballistic":"2","enemyID":7,"speed":4},{"nextOrderNum":29,"drop":"1#18,2#0,3#18,4#10001","boomNum":"0","route":"1#5,2#2,3#6,4#5","num":4,"orderNum":28,"pid":7,"delayTime":0.3,"id":5,"ballistic":"1","enemyID":2,"speed":1},{"nextOrderNum":30,"drop":"18","boomNum":"2,3","route":"3","num":1,"orderNum":29,"pid":8,"delayTime":0,"id":5,"ballistic":"2","enemyID":4,"speed":1.5},{"nextOrderNum":31,"drop":"1#18,2#0,3#18,4#18","boomNum":"0","route":"1#5,2#2,3#6,4#5","num":4,"orderNum":30,"pid":8,"delayTime":0.4,"id":5,"ballistic":"1","enemyID":2,"speed":1.6},{"nextOrderNum":32,"drop":"1#10001,2#18","boomNum":"0","route":"1#5,2#6","num":2,"orderNum":31,"pid":8,"delayTime":0.4,"id":5,"ballistic":"1","enemyID":3,"speed":1},{"nextOrderNum":33,"drop":"18","boomNum":"0","route":"4","num":1,"orderNum":32,"pid":9,"delayTime":0.5,"id":5,"ballistic":"2","enemyID":5,"speed":3},{"nextOrderNum":34,"drop":"0","boomNum":"1,2","route":"1100","num":1,"orderNum":33,"pid":9,"delayTime":0,"id":5,"ballistic":"0","enemyID":1,"speed":4},{"nextOrderNum":35,"drop":"1#18,2#0,3#18,4#18","boomNum":"0","route":"1#5,2#2,3#6,4#2","num":4,"orderNum":34,"pid":9,"delayTime":0.5,"id":5,"ballistic":"1","enemyID":3,"speed":3.5},{"nextOrderNum":36,"drop":"1#10001,2#11","boomNum":"0","route":"1#5,2#6","num":2,"orderNum":35,"pid":9,"delayTime":0.4,"id":5,"ballistic":"1","enemyID":5,"speed":1.5},{"nextOrderNum":37,"drop":"0","boomNum":"2","route":"1#5,2#2,3#6,4#5","num":4,"orderNum":36,"pid":10,"delayTime":0.5,"id":5,"ballistic":"1","enemyID":3,"speed":2},{"nextOrderNum":38,"drop":"10001","boomNum":"0","route":"1","num":1,"orderNum":37,"pid":10,"delayTime":0,"id":5,"ballistic":"2","enemyID":7,"speed":1.5},{"nextOrderNum":39,"drop":"0","boomNum":"1,3","route":"5","num":2,"orderNum":38,"pid":11,"delayTime":0.4,"id":5,"ballistic":"1","enemyID":6,"speed":1.5},{"nextOrderNum":40,"drop":"18","boomNum":"0","route":"1#5,2#6","num":2,"orderNum":39,"pid":11,"delayTime":0.5,"id":5,"ballistic":"1","enemyID":3,"speed":1.5},{"nextOrderNum":41,"drop":"18","boomNum":"0","route":"6","num":2,"orderNum":40,"pid":12,"delayTime":0.4,"id":5,"ballistic":"1","enemyID":5,"speed":2},{"nextOrderNum":-1,"drop":"0","boomNum":"0","route":"2","num":1,"orderNum":41,"pid":12,"delayTime":0,"id":5,"ballistic":"1,2","enemyID":11,"speed":33}]}