{"__type__":"cc.JsonAsset","_name":"Integral","json":[{"hpAdd":1,"id":1,"attackSeed":1,"attaackAdd":1},{"hpAdd":1.1,"id":2,"attackSeed":1.1,"attaackAdd":1.1},{"hpAdd":1.3,"id":3,"attackSeed":1.3,"attaackAdd":1.3},{"hpAdd":1.5,"id":4,"attackSeed":1.5,"attaackAdd":1.5},{"hpAdd":1.7,"id":5,"attackSeed":1.7,"attaackAdd":1.7},{"hpAdd":1.9,"id":6,"attackSeed":1.9,"attaackAdd":1.9},{"hpAdd":2.1,"id":7,"attackSeed":2.1,"attaackAdd":2.1},{"hpAdd":2.3,"id":8,"attackSeed":2.3,"attaackAdd":2.3},{"hpAdd":2.5,"id":9,"attackSeed":2.5,"attaackAdd":2.5},{"hpAdd":2.7,"id":10,"attackSeed":2.7,"attaackAdd":2.7},{"hpAdd":2.9,"id":11,"attackSeed":2.9,"attaackAdd":2.9},{"hpAdd":3.1,"id":12,"attackSeed":3.1,"attaackAdd":3.1},{"hpAdd":3.3,"id":13,"attackSeed":3.3,"attaackAdd":3.3},{"hpAdd":3.5,"id":14,"attackSeed":3.5,"attaackAdd":3.5},{"hpAdd":3.7,"id":15,"attackSeed":3.7,"attaackAdd":3.7},{"hpAdd":3.9,"id":16,"attackSeed":3.9,"attaackAdd":3.9},{"hpAdd":4.1,"id":17,"attackSeed":4.1,"attaackAdd":4.1},{"hpAdd":4.3,"id":18,"attackSeed":4.3,"attaackAdd":4.3},{"hpAdd":4.5,"id":19,"attackSeed":4.5,"attaackAdd":4.5},{"hpAdd":4.7,"id":20,"attackSeed":4.7,"attaackAdd":4.7},{"hpAdd":4.9,"id":21,"attackSeed":4.9,"attaackAdd":4.9},{"hpAdd":5.1,"id":22,"attackSeed":5.1,"attaackAdd":5.1},{"hpAdd":5.3,"id":23,"attackSeed":5.3,"attaackAdd":5.3},{"hpAdd":5.5,"id":24,"attackSeed":5.5,"attaackAdd":5.5},{"hpAdd":5.7,"id":25,"attackSeed":5.7,"attaackAdd":5.7},{"hpAdd":5.9,"id":26,"attackSeed":5.9,"attaackAdd":5.9},{"hpAdd":6.1,"id":27,"attackSeed":6.1,"attaackAdd":6.1},{"hpAdd":6.3,"id":28,"attackSeed":6.3,"attaackAdd":6.3},{"hpAdd":6.5,"id":29,"attackSeed":6.5,"attaackAdd":6.5},{"hpAdd":6.7,"id":30,"attackSeed":6.7,"attaackAdd":6.7},{"hpAdd":6.9,"id":31,"attackSeed":6.9,"attaackAdd":6.9},{"hpAdd":7.1,"id":32,"attackSeed":7.1,"attaackAdd":7.1},{"hpAdd":7.3,"id":33,"attackSeed":7.3,"attaackAdd":7.3},{"hpAdd":7.5,"id":34,"attackSeed":7.5,"attaackAdd":7.5},{"hpAdd":7.7,"id":35,"attackSeed":7.7,"attaackAdd":7.7},{"hpAdd":7.9,"id":36,"attackSeed":7.9,"attaackAdd":7.9},{"hpAdd":8.1,"id":37,"attackSeed":8.1,"attaackAdd":8.1},{"hpAdd":8.3,"id":38,"attackSeed":8.3,"attaackAdd":8.3},{"hpAdd":8.5,"id":39,"attackSeed":8.5,"attaackAdd":8.5},{"hpAdd":8.7,"id":40,"attackSeed":8.7,"attaackAdd":8.7},{"hpAdd":8.9,"id":41,"attackSeed":8.9,"attaackAdd":8.9},{"hpAdd":9.2,"id":42,"attackSeed":9.2,"attaackAdd":9.2},{"hpAdd":9.4,"id":43,"attackSeed":9.4,"attaackAdd":9.4},{"hpAdd":9.6,"id":44,"attackSeed":9.6,"attaackAdd":9.6},{"hpAdd":9.8,"id":45,"attackSeed":9.8,"attaackAdd":9.8},{"hpAdd":10,"id":46,"attackSeed":10,"attaackAdd":10},{"hpAdd":10.2,"id":47,"attackSeed":10.2,"attaackAdd":10.2},{"hpAdd":10.4,"id":48,"attackSeed":10.4,"attaackAdd":10.4},{"hpAdd":10.6,"id":49,"attackSeed":10.6,"attaackAdd":10.6},{"hpAdd":10.8,"id":50,"attackSeed":10.8,"attaackAdd":10.8},{"hpAdd":11,"id":51,"attackSeed":11,"attaackAdd":11},{"hpAdd":11.2,"id":52,"attackSeed":11.2,"attaackAdd":11.2},{"hpAdd":11.4,"id":53,"attackSeed":11.4,"attaackAdd":11.4},{"hpAdd":11.6,"id":54,"attackSeed":11.6,"attaackAdd":11.6},{"hpAdd":11.8,"id":55,"attackSeed":11.8,"attaackAdd":11.8},{"hpAdd":12,"id":56,"attackSeed":12,"attaackAdd":12},{"hpAdd":12.2,"id":57,"attackSeed":12.2,"attaackAdd":12.2},{"hpAdd":12.4,"id":58,"attackSeed":12.4,"attaackAdd":12.4},{"hpAdd":12.6,"id":59,"attackSeed":12.6,"attaackAdd":12.6},{"hpAdd":12.8,"id":60,"attackSeed":12.8,"attaackAdd":12.8},{"hpAdd":13,"id":61,"attackSeed":13,"attaackAdd":13},{"hpAdd":13.2,"id":62,"attackSeed":13.2,"attaackAdd":13.2},{"hpAdd":13.4,"id":63,"attackSeed":13.4,"attaackAdd":13.4},{"hpAdd":13.6,"id":64,"attackSeed":13.6,"attaackAdd":13.6},{"hpAdd":13.8,"id":65,"attackSeed":13.8,"attaackAdd":13.8},{"hpAdd":14,"id":66,"attackSeed":14,"attaackAdd":14},{"hpAdd":14.2,"id":67,"attackSeed":14.2,"attaackAdd":14.2},{"hpAdd":14.4,"id":68,"attackSeed":14.4,"attaackAdd":14.4},{"hpAdd":14.6,"id":69,"attackSeed":14.6,"attaackAdd":14.6},{"hpAdd":14.8,"id":70,"attackSeed":14.8,"attaackAdd":14.8},{"hpAdd":15,"id":71,"attackSeed":15,"attaackAdd":15},{"hpAdd":15.2,"id":72,"attackSeed":15.2,"attaackAdd":15.2},{"hpAdd":15.4,"id":73,"attackSeed":15.4,"attaackAdd":15.4},{"hpAdd":15.6,"id":74,"attackSeed":15.6,"attaackAdd":15.6},{"hpAdd":15.8,"id":75,"attackSeed":15.8,"attaackAdd":15.8},{"hpAdd":16,"id":76,"attackSeed":16,"attaackAdd":16},{"hpAdd":16.2,"id":77,"attackSeed":16.2,"attaackAdd":16.2},{"hpAdd":16.4,"id":78,"attackSeed":16.4,"attaackAdd":16.4},{"hpAdd":16.6,"id":79,"attackSeed":16.6,"attaackAdd":16.6},{"hpAdd":16.8,"id":80,"attackSeed":16.8,"attaackAdd":16.8},{"hpAdd":17,"id":81,"attackSeed":17,"attaackAdd":17},{"hpAdd":17.2,"id":82,"attackSeed":17.2,"attaackAdd":17.2},{"hpAdd":17.4,"id":83,"attackSeed":17.4,"attaackAdd":17.4},{"hpAdd":17.6,"id":84,"attackSeed":17.6,"attaackAdd":17.6},{"hpAdd":17.8,"id":85,"attackSeed":17.8,"attaackAdd":17.8},{"hpAdd":18,"id":86,"attackSeed":18,"attaackAdd":18},{"hpAdd":18.2,"id":87,"attackSeed":18.2,"attaackAdd":18.2},{"hpAdd":18.4,"id":88,"attackSeed":18.4,"attaackAdd":18.4},{"hpAdd":18.6,"id":89,"attackSeed":18.6,"attaackAdd":18.6},{"hpAdd":18.8,"id":90,"attackSeed":18.8,"attaackAdd":18.8},{"hpAdd":19,"id":91,"attackSeed":19,"attaackAdd":19},{"hpAdd":19.2,"id":92,"attackSeed":19.2,"attaackAdd":19.2},{"hpAdd":19.4,"id":93,"attackSeed":19.4,"attaackAdd":19.4},{"hpAdd":19.6,"id":94,"attackSeed":19.6,"attaackAdd":19.6},{"hpAdd":19.8,"id":95,"attackSeed":19.8,"attaackAdd":19.8},{"hpAdd":20,"id":96,"attackSeed":20,"attaackAdd":20},{"hpAdd":20.2,"id":97,"attackSeed":20.2,"attaackAdd":20.2},{"hpAdd":20.4,"id":98,"attackSeed":20.4,"attaackAdd":20.4},{"hpAdd":20.6,"id":99,"attackSeed":20.6,"attaackAdd":20.6},{"hpAdd":20.8,"id":100,"attackSeed":20.8,"attaackAdd":20.8}]}