{"__type__":"cc.JsonAsset","_name":"hero","json":[{"bloodNeedIncr":3,"bloodRadix":1,"initBlood":16,"access":0,"subSeq":1,"attackSpeedRadix":5,"level":1,"powerNeedIncr":5,"bloodNeed":3,"kind":1,"powerNeed":5,"attackSpeedNeed":3,"ballistic":1,"type":1,"attackSpeedNeedIncr":3,"descr":"0","accessParam":0,"initArmor":0,"initAttackSpeed":3.33,"skill":0,"powerRadix":1,"name":"赤色彗星","id":1,"initPower":16},{"bloodNeedIncr":3,"bloodRadix":1,"initBlood":16,"access":0,"subSeq":2,"attackSpeedRadix":5,"level":10,"powerNeedIncr":5,"bloodNeed":3,"kind":1,"powerNeed":5,"attackSpeedNeed":3,"ballistic":1,"type":1,"attackSpeedNeedIncr":3,"descr":"0","accessParam":0,"initArmor":0,"initAttackSpeed":3.33,"skill":0,"powerRadix":1,"name":"赤色彗星","id":2,"initPower":16},{"bloodNeedIncr":3,"bloodRadix":1,"initBlood":16,"access":0,"subSeq":3,"attackSpeedRadix":5,"level":25,"powerNeedIncr":5,"bloodNeed":3,"kind":1,"powerNeed":5,"attackSpeedNeed":3,"ballistic":1,"type":1,"attackSpeedNeedIncr":3,"descr":"0","accessParam":0,"initArmor":0,"initAttackSpeed":3.33,"skill":0,"powerRadix":1,"name":"赤色彗星","id":3,"initPower":16},{"bloodNeedIncr":3,"bloodRadix":1,"initBlood":16,"access":0,"subSeq":4,"attackSpeedRadix":5,"level":50,"powerNeedIncr":5,"bloodNeed":3,"kind":1,"powerNeed":5,"attackSpeedNeed":3,"ballistic":1,"type":1,"attackSpeedNeedIncr":3,"descr":"0","accessParam":0,"initArmor":0,"initAttackSpeed":3.33,"skill":0,"powerRadix":1,"name":"赤色彗星","id":4,"initPower":16},{"bloodNeedIncr":3,"bloodRadix":1,"initBlood":16,"access":0,"subSeq":5,"attackSpeedRadix":5,"level":80,"powerNeedIncr":5,"bloodNeed":3,"kind":1,"powerNeed":5,"attackSpeedNeed":3,"ballistic":1,"type":1,"attackSpeedNeedIncr":3,"descr":"0","accessParam":0,"initArmor":0,"initAttackSpeed":3.33,"skill":0,"powerRadix":1,"name":"赤色彗星","id":5,"initPower":16},{"bloodNeedIncr":30,"bloodRadix":10,"initBlood":30,"access":3,"subSeq":1,"attackSpeedRadix":5,"level":1,"powerNeedIncr":70,"bloodNeed":30,"kind":2,"powerNeed":70,"attackSpeedNeed":42,"ballistic":2,"type":2,"attackSpeedNeedIncr":42,"descr":"0","accessParam":0,"initArmor":0,"initAttackSpeed":3.33,"skill":0,"powerRadix":5,"name":"光速流星","id":6,"initPower":25},{"bloodNeedIncr":30,"bloodRadix":10,"initBlood":30,"access":3,"subSeq":2,"attackSpeedRadix":5,"level":10,"powerNeedIncr":70,"bloodNeed":30,"kind":2,"powerNeed":70,"attackSpeedNeed":42,"ballistic":2,"type":2,"attackSpeedNeedIncr":42,"descr":"0","accessParam":0,"initArmor":0,"initAttackSpeed":3.33,"skill":0,"powerRadix":5,"name":"光速流星","id":7,"initPower":25},{"bloodNeedIncr":30,"bloodRadix":10,"initBlood":30,"access":3,"subSeq":3,"attackSpeedRadix":5,"level":25,"powerNeedIncr":70,"bloodNeed":30,"kind":2,"powerNeed":70,"attackSpeedNeed":42,"ballistic":2,"type":2,"attackSpeedNeedIncr":42,"descr":"0","accessParam":0,"initArmor":0,"initAttackSpeed":3.33,"skill":0,"powerRadix":5,"name":"光速流星","id":8,"initPower":25},{"bloodNeedIncr":30,"bloodRadix":10,"initBlood":30,"access":3,"subSeq":4,"attackSpeedRadix":5,"level":50,"powerNeedIncr":70,"bloodNeed":30,"kind":2,"powerNeed":70,"attackSpeedNeed":42,"ballistic":2,"type":2,"attackSpeedNeedIncr":42,"descr":"0","accessParam":0,"initArmor":0,"initAttackSpeed":3.33,"skill":0,"powerRadix":5,"name":"光速流星","id":9,"initPower":25},{"bloodNeedIncr":30,"bloodRadix":10,"initBlood":30,"access":3,"subSeq":5,"attackSpeedRadix":5,"level":80,"powerNeedIncr":70,"bloodNeed":30,"kind":2,"powerNeed":70,"attackSpeedNeed":42,"ballistic":2,"type":2,"attackSpeedNeedIncr":42,"descr":"0","accessParam":0,"initArmor":0,"initAttackSpeed":3.33,"skill":0,"powerRadix":5,"name":"光速流星","id":10,"initPower":25},{"bloodNeedIncr":80,"bloodRadix":20,"initBlood":40,"access":1,"subSeq":1,"attackSpeedRadix":2,"level":1,"powerNeedIncr":200,"bloodNeed":80,"kind":3,"powerNeed":200,"attackSpeedNeed":120,"ballistic":1,"type":1,"attackSpeedNeedIncr":120,"descr":"0","accessParam":5000,"initArmor":0,"initAttackSpeed":1.33,"skill":0,"powerRadix":8,"name":"绿色迷踪","id":11,"initPower":20},{"bloodNeedIncr":80,"bloodRadix":20,"initBlood":40,"access":1,"subSeq":2,"attackSpeedRadix":2,"level":10,"powerNeedIncr":200,"bloodNeed":80,"kind":3,"powerNeed":200,"attackSpeedNeed":120,"ballistic":1,"type":1,"attackSpeedNeedIncr":120,"descr":"0","accessParam":5000,"initArmor":0,"initAttackSpeed":1.33,"skill":0,"powerRadix":8,"name":"绿色迷踪","id":12,"initPower":20},{"bloodNeedIncr":80,"bloodRadix":20,"initBlood":40,"access":1,"subSeq":3,"attackSpeedRadix":2,"level":25,"powerNeedIncr":200,"bloodNeed":80,"kind":3,"powerNeed":200,"attackSpeedNeed":120,"ballistic":1,"type":1,"attackSpeedNeedIncr":120,"descr":"0","accessParam":5000,"initArmor":0,"initAttackSpeed":1.33,"skill":0,"powerRadix":8,"name":"绿色迷踪","id":13,"initPower":20},{"bloodNeedIncr":80,"bloodRadix":20,"initBlood":40,"access":1,"subSeq":4,"attackSpeedRadix":2,"level":50,"powerNeedIncr":200,"bloodNeed":80,"kind":3,"powerNeed":200,"attackSpeedNeed":120,"ballistic":1,"type":1,"attackSpeedNeedIncr":120,"descr":"0","accessParam":5000,"initArmor":0,"initAttackSpeed":1.33,"skill":0,"powerRadix":8,"name":"绿色迷踪","id":14,"initPower":20},{"bloodNeedIncr":80,"bloodRadix":20,"initBlood":40,"access":1,"subSeq":5,"attackSpeedRadix":2,"level":80,"powerNeedIncr":200,"bloodNeed":80,"kind":3,"powerNeed":200,"attackSpeedNeed":120,"ballistic":1,"type":1,"attackSpeedNeedIncr":120,"descr":"0","accessParam":5000,"initArmor":0,"initAttackSpeed":1.33,"skill":0,"powerRadix":8,"name":"绿色迷踪","id":15,"initPower":20},{"bloodNeedIncr":6,"bloodRadix":1,"initBlood":22,"access":4,"subSeq":1,"attackSpeedRadix":3,"level":1,"powerNeedIncr":10,"bloodNeed":6,"kind":4,"powerNeed":10,"attackSpeedNeed":6,"ballistic":1,"type":1,"attackSpeedNeedIncr":6,"descr":"0","accessParam":1,"initArmor":0,"initAttackSpeed":4.33,"skill":0,"powerRadix":1,"name":"暗蓝之魂","id":16,"initPower":20},{"bloodNeedIncr":6,"bloodRadix":1,"initBlood":22,"access":4,"subSeq":2,"attackSpeedRadix":3,"level":10,"powerNeedIncr":10,"bloodNeed":6,"kind":4,"powerNeed":10,"attackSpeedNeed":6,"ballistic":1,"type":1,"attackSpeedNeedIncr":6,"descr":"0","accessParam":1,"initArmor":0,"initAttackSpeed":4.33,"skill":0,"powerRadix":1,"name":"暗蓝之魂","id":17,"initPower":20},{"bloodNeedIncr":6,"bloodRadix":1,"initBlood":22,"access":4,"subSeq":3,"attackSpeedRadix":3,"level":25,"powerNeedIncr":10,"bloodNeed":6,"kind":4,"powerNeed":10,"attackSpeedNeed":6,"ballistic":1,"type":1,"attackSpeedNeedIncr":6,"descr":"0","accessParam":1,"initArmor":0,"initAttackSpeed":4.33,"skill":0,"powerRadix":1,"name":"暗蓝之魂","id":18,"initPower":20},{"bloodNeedIncr":6,"bloodRadix":1,"initBlood":22,"access":4,"subSeq":4,"attackSpeedRadix":3,"level":50,"powerNeedIncr":10,"bloodNeed":6,"kind":4,"powerNeed":10,"attackSpeedNeed":6,"ballistic":1,"type":1,"attackSpeedNeedIncr":6,"descr":"0","accessParam":1,"initArmor":0,"initAttackSpeed":4.33,"skill":0,"powerRadix":1,"name":"暗蓝之魂","id":19,"initPower":20},{"bloodNeedIncr":6,"bloodRadix":1,"initBlood":22,"access":4,"subSeq":5,"attackSpeedRadix":3,"level":80,"powerNeedIncr":10,"bloodNeed":6,"kind":4,"powerNeed":10,"attackSpeedNeed":6,"ballistic":1,"type":1,"attackSpeedNeedIncr":6,"descr":"0","accessParam":1,"initArmor":0,"initAttackSpeed":4.33,"skill":0,"powerRadix":1,"name":"暗蓝之魂","id":20,"initPower":20}]}