{"__type__":"cc.JsonAsset","_name":"level_12","json":[{"nextOrderNum":2,"drop":"18","boomNum":"0","route":"4","num":4,"orderNum":1,"pid":0,"delayTime":1,"id":12,"ballistic":"1","enemyID":3,"speed":5},{"nextOrderNum":3,"drop":"10008","boomNum":"0","route":"4","num":1,"orderNum":2,"pid":0,"delayTime":1,"id":12,"ballistic":"2","enemyID":3,"speed":2},{"nextOrderNum":4,"drop":"1#10001,2#18,3#6","boomNum":"0","route":"3","num":3,"orderNum":3,"pid":1,"delayTime":1.5,"id":12,"ballistic":"2","enemyID":4,"speed":3},{"nextOrderNum":5,"drop":"10001","boomNum":"0","route":"1#0,2#1,3#2","num":3,"orderNum":4,"pid":1,"delayTime":0,"id":12,"ballistic":"2","enemyID":5,"speed":3},{"nextOrderNum":6,"drop":"1#10008,2#18","boomNum":"2,3","route":"1#0,2#1","num":2,"orderNum":5,"pid":1,"delayTime":2,"id":12,"ballistic":"1","enemyID":6,"speed":3},{"nextOrderNum":7,"drop":"1#10001,2#11","boomNum":"0","route":"1#1,2#0","num":2,"orderNum":6,"pid":1,"delayTime":2,"id":12,"ballistic":"1","enemyID":3,"speed":3},{"nextOrderNum":8,"drop":"1#10012,2#8,3#15","boomNum":"0","route":"1#0,2#1,3#2","num":3,"orderNum":7,"pid":1,"delayTime":0,"id":12,"ballistic":"2","enemyID":1,"speed":3},{"nextOrderNum":9,"drop":"1#18,2#18","boomNum":"2,3","route":"1#0,2#1","num":2,"orderNum":8,"pid":1,"delayTime":2,"id":12,"ballistic":"2","enemyID":2,"speed":3},{"nextOrderNum":10,"drop":"1#10001,2#10001","boomNum":"0","route":"1#1,2#0","num":2,"orderNum":9,"pid":1,"delayTime":2,"id":12,"ballistic":"1","enemyID":4,"speed":3},{"nextOrderNum":11,"drop":"18","boomNum":"0","route":"1#0,2#1,3#2","num":3,"orderNum":10,"pid":1,"delayTime":0,"id":12,"ballistic":"2","enemyID":5,"speed":3},{"nextOrderNum":12,"drop":"18","boomNum":"0","route":"1#0,2#1","num":2,"orderNum":11,"pid":1,"delayTime":2,"id":12,"ballistic":"2","enemyID":1,"speed":3},{"nextOrderNum":13,"drop":"1#10001,2#18","boomNum":"2,3","route":"1#1,2#0","num":2,"orderNum":12,"pid":1,"delayTime":2,"id":12,"ballistic":"1","enemyID":5,"speed":5},{"nextOrderNum":14,"drop":"1#1011,2#1013","boomNum":"0","route":"0","num":2,"orderNum":13,"pid":0,"delayTime":2.5,"id":12,"ballistic":"1","enemyID":8,"speed":2},{"nextOrderNum":15,"drop":"1#18,2#18,3#8","boomNum":"0","route":"1#0,2#1,3#2","num":3,"orderNum":14,"pid":1,"delayTime":0,"id":12,"ballistic":"2","enemyID":4,"speed":3},{"nextOrderNum":16,"drop":"10012","boomNum":"0","route":"1#0,2#1","num":2,"orderNum":15,"pid":1,"delayTime":2,"id":12,"ballistic":"2","enemyID":5,"speed":3},{"nextOrderNum":17,"drop":"1#18,2#10008","boomNum":"2,3","route":"1#1,2#0","num":2,"orderNum":16,"pid":1,"delayTime":2,"id":12,"ballistic":"1","enemyID":1,"speed":5},{"nextOrderNum":18,"drop":"1#10001,2#8,3#18,4#10001","boomNum":"0","route":"3","num":4,"orderNum":17,"pid":3,"delayTime":1.5,"id":12,"ballistic":"2","enemyID":2,"speed":6},{"nextOrderNum":19,"drop":"10008","boomNum":"0","route":"4","num":1,"orderNum":18,"pid":3,"delayTime":1.5,"id":12,"ballistic":"2","enemyID":3,"speed":3},{"nextOrderNum":20,"drop":"1#10012,2#10013,3#10010","boomNum":"1","route":"1","num":3,"orderNum":19,"pid":1,"delayTime":2.5,"id":12,"ballistic":"1","enemyID":7,"speed":2},{"nextOrderNum":21,"drop":"0","boomNum":"0","route":"4","num":4,"orderNum":20,"pid":0,"delayTime":1,"id":12,"ballistic":"1","enemyID":3,"speed":5},{"nextOrderNum":22,"drop":"1012","boomNum":"0","route":"4","num":1,"orderNum":21,"pid":0,"delayTime":1,"id":12,"ballistic":"2","enemyID":1,"speed":2},{"nextOrderNum":23,"drop":"18","boomNum":"2,3","route":"3","num":3,"orderNum":22,"pid":1,"delayTime":1.5,"id":12,"ballistic":"2","enemyID":4,"speed":3},{"nextOrderNum":24,"drop":"1#10001,2#11,3#10001","boomNum":"0","route":"4","num":3,"orderNum":23,"pid":1,"delayTime":1,"id":12,"ballistic":"1","enemyID":5,"speed":2},{"nextOrderNum":25,"drop":"18","boomNum":"0","route":"6","num":8,"orderNum":24,"pid":1,"delayTime":1.5,"id":12,"ballistic":"1","enemyID":2,"speed":10},{"nextOrderNum":26,"drop":"0","boomNum":"0","route":"5","num":2,"orderNum":25,"pid":1,"delayTime":1,"id":12,"ballistic":"1","enemyID":3,"speed":5},{"nextOrderNum":27,"drop":"10013","boomNum":"0","route":"0","num":1,"orderNum":26,"pid":1,"delayTime":2.5,"id":12,"ballistic":"1","enemyID":8,"speed":2},{"nextOrderNum":28,"drop":"1#18,2#8,3#18,4#6,5#18,6#0","boomNum":"0","route":"5","num":6,"orderNum":27,"pid":1,"delayTime":1.2,"id":12,"ballistic":"1","enemyID":3,"speed":5},{"nextOrderNum":29,"drop":"18","boomNum":"2,3","route":"1","num":2,"orderNum":28,"pid":0,"delayTime":2,"id":12,"ballistic":"2","enemyID":6,"speed":3},{"nextOrderNum":30,"drop":"1#10001,2#6,3#10001,4#0","boomNum":"0","route":"1#3,2#3,3#4,4#4","num":4,"orderNum":29,"pid":0,"delayTime":1.5,"id":12,"ballistic":"2","enemyID":6,"speed":5},{"nextOrderNum":31,"drop":"18","boomNum":"0","route":"1#3,2#3,3#4,4#4","num":4,"orderNum":30,"pid":0,"delayTime":1,"id":12,"ballistic":"1","enemyID":6,"speed":5},{"nextOrderNum":32,"drop":"0","boomNum":"0","route":"1#3,2#3,3#4,4#4","num":4,"orderNum":31,"pid":0,"delayTime":1.5,"id":12,"ballistic":"2","enemyID":3,"speed":5},{"nextOrderNum":33,"drop":"0","boomNum":"1","route":"1#3,2#3,3#4,4#4","num":4,"orderNum":32,"pid":0,"delayTime":1,"id":12,"ballistic":"1","enemyID":3,"speed":6},{"nextOrderNum":34,"drop":"18","boomNum":"0","route":"1#3,2#3,3#4,4#4","num":4,"orderNum":33,"pid":0,"delayTime":1.5,"id":12,"ballistic":"2","enemyID":3,"speed":6},{"nextOrderNum":35,"drop":"1#10001,2#6,3#10012,4#10001","boomNum":"0","route":"1#3,2#3,3#4,4#4","num":4,"orderNum":34,"pid":0,"delayTime":1,"id":12,"ballistic":"1","enemyID":4,"speed":7},{"nextOrderNum":36,"drop":"18","boomNum":"0","route":"4","num":4,"orderNum":35,"pid":0,"delayTime":1,"id":12,"ballistic":"1","enemyID":3,"speed":5},{"nextOrderNum":37,"drop":"10008","boomNum":"2,3","route":"4","num":1,"orderNum":36,"pid":0,"delayTime":1,"id":12,"ballistic":"2","enemyID":3,"speed":2},{"nextOrderNum":38,"drop":"1#18,2#8,3#10008","boomNum":"0","route":"3","num":3,"orderNum":37,"pid":1,"delayTime":1.5,"id":12,"ballistic":"2","enemyID":4,"speed":5},{"nextOrderNum":39,"drop":"1#10001,2#0,3#10001,4#18","boomNum":"0","route":"4","num":4,"orderNum":38,"pid":0,"delayTime":1,"id":12,"ballistic":"1","enemyID":3,"speed":5},{"nextOrderNum":40,"drop":"10012","boomNum":"0","route":"4","num":1,"orderNum":39,"pid":0,"delayTime":1,"id":12,"ballistic":"2","enemyID":1,"speed":2},{"nextOrderNum":41,"drop":"0","boomNum":"2,3","route":"3","num":3,"orderNum":40,"pid":1,"delayTime":1.5,"id":12,"ballistic":"2","enemyID":4,"speed":3},{"nextOrderNum":42,"drop":"1#10001,2#8,3#10012,4#6,5#10001,6#11","boomNum":"0","route":"4","num":6,"orderNum":41,"pid":3,"delayTime":1,"id":12,"ballistic":"2","enemyID":3,"speed":6},{"nextOrderNum":43,"drop":"18","boomNum":"0","route":"3","num":2,"orderNum":42,"pid":3,"delayTime":1.5,"id":12,"ballistic":"2","enemyID":3,"speed":4},{"nextOrderNum":44,"drop":"1#10013,2#10011,3#10001","boomNum":"0","route":"1#0,2#1,3#2","num":3,"orderNum":43,"pid":1,"delayTime":0.8,"id":12,"ballistic":"2","enemyID":8,"speed":3},{"nextOrderNum":45,"drop":"18","boomNum":"2,3","route":"3","num":6,"orderNum":44,"pid":3,"delayTime":1,"id":12,"ballistic":"2","enemyID":4,"speed":6},{"nextOrderNum":46,"drop":"18","boomNum":"0","route":"4","num":2,"orderNum":45,"pid":3,"delayTime":1.5,"id":12,"ballistic":"2","enemyID":4,"speed":6},{"nextOrderNum":47,"drop":"1#18,2#6,3#18,4#0,5#18,6#0","boomNum":"0","route":"4","num":6,"orderNum":46,"pid":3,"delayTime":1,"id":12,"ballistic":"2","enemyID":3,"speed":4},{"nextOrderNum":48,"drop":"18","boomNum":"0","route":"3","num":2,"orderNum":47,"pid":3,"delayTime":1.5,"id":12,"ballistic":"2","enemyID":3,"speed":4},{"nextOrderNum":49,"drop":"1#10013,2#10005","boomNum":"1,2","route":"1#1,2#2","num":2,"orderNum":48,"pid":2,"delayTime":2,"id":12,"ballistic":"2","enemyID":8,"speed":4},{"nextOrderNum":-1,"drop":"0","boomNum":"0","route":"2","num":1,"orderNum":49,"pid":2,"delayTime":0,"id":12,"ballistic":"0","enemyID":13,"speed":30}]}