{"__type__":"cc.JsonAsset","_name":"level_11","json":[{"nextOrderNum":2,"drop":"18","boomNum":"0","route":"1#0,2#1,3#2","num":3,"orderNum":1,"pid":1,"delayTime":0,"id":11,"ballistic":"2","enemyID":5,"speed":3},{"nextOrderNum":3,"drop":"18","boomNum":"0","route":"1#0,2#1","num":2,"orderNum":2,"pid":1,"delayTime":2,"id":11,"ballistic":"0","enemyID":5,"speed":3},{"nextOrderNum":4,"drop":"1#11,2#10001","boomNum":"0","route":"1#1,2#0","num":2,"orderNum":3,"pid":1,"delayTime":2,"id":11,"ballistic":"1","enemyID":6,"speed":3},{"nextOrderNum":5,"drop":"10013","boomNum":"0","route":"1","num":1,"orderNum":4,"pid":2,"delayTime":0,"id":11,"ballistic":"2","enemyID":7,"speed":2},{"nextOrderNum":6,"drop":"18","boomNum":"0","route":"1#0,2#1,3#2","num":3,"orderNum":5,"pid":2,"delayTime":0,"id":11,"ballistic":"2","enemyID":4,"speed":3},{"nextOrderNum":7,"drop":"18","boomNum":"2,3","route":"1#0,2#1","num":2,"orderNum":6,"pid":2,"delayTime":2,"id":11,"ballistic":"0","enemyID":3,"speed":3},{"nextOrderNum":8,"drop":"1#18,2#18","boomNum":"0","route":"1#1,2#0","num":2,"orderNum":7,"pid":3,"delayTime":2,"id":11,"ballistic":"1","enemyID":2,"speed":3},{"nextOrderNum":9,"drop":"1#10001,2#8","boomNum":"0","route":"1#1,2#0","num":2,"orderNum":8,"pid":3,"delayTime":2,"id":11,"ballistic":"1","enemyID":4,"speed":3},{"nextOrderNum":10,"drop":"10013","boomNum":"0","route":"0","num":1,"orderNum":9,"pid":3,"delayTime":0,"id":11,"ballistic":"2","enemyID":8,"speed":2},{"nextOrderNum":11,"drop":"1#18,2#18,3#1","boomNum":"0","route":"4","num":3,"orderNum":10,"pid":5,"delayTime":1,"id":11,"ballistic":"2","enemyID":2,"speed":5},{"nextOrderNum":12,"drop":"1#10001,2#10008,3#18","boomNum":"2,3","route":"4","num":3,"orderNum":11,"pid":6,"delayTime":2,"id":11,"ballistic":"1","enemyID":3,"speed":1},{"nextOrderNum":13,"drop":"10013","boomNum":"0","route":"0","num":1,"orderNum":12,"pid":6,"delayTime":0,"id":11,"ballistic":"2","enemyID":7,"speed":2},{"nextOrderNum":14,"drop":"18","boomNum":"0","route":"1#0,2#1,3#2","num":3,"orderNum":13,"pid":6,"delayTime":0,"id":11,"ballistic":"2","enemyID":5,"speed":3},{"nextOrderNum":15,"drop":"18","boomNum":"0","route":"1#0,2#1","num":2,"orderNum":14,"pid":7,"delayTime":2,"id":11,"ballistic":"1","enemyID":2,"speed":3},{"nextOrderNum":16,"drop":"1#10001,2#11","boomNum":"0","route":"1#1,2#0","num":2,"orderNum":15,"pid":7,"delayTime":2,"id":11,"ballistic":"1","enemyID":1,"speed":3},{"nextOrderNum":17,"drop":"18","boomNum":"0","route":"1#0,2#1,3#2","num":3,"orderNum":16,"pid":7,"delayTime":0,"id":11,"ballistic":"2","enemyID":4,"speed":3},{"nextOrderNum":18,"drop":"1#18,2#10008,3#18","boomNum":"2,3","route":"1#0,2#1,3#2","num":3,"orderNum":17,"pid":8,"delayTime":0,"id":11,"ballistic":"2","enemyID":5,"speed":3},{"nextOrderNum":19,"drop":"18","boomNum":"0","route":"1#0,2#1","num":2,"orderNum":18,"pid":1,"delayTime":2,"id":11,"ballistic":"1","enemyID":2,"speed":3},{"nextOrderNum":20,"drop":"1#18,2#10008","boomNum":"1","route":"1#1,2#0","num":2,"orderNum":19,"pid":2,"delayTime":2,"id":11,"ballistic":"1","enemyID":1,"speed":3},{"nextOrderNum":21,"drop":"18","boomNum":"0","route":"1#0,2#1,3#2","num":3,"orderNum":20,"pid":2,"delayTime":0,"id":11,"ballistic":"1","enemyID":4,"speed":3},{"nextOrderNum":22,"drop":"10008","boomNum":"2,3","route":"1#0,2#1,3#2","num":3,"orderNum":21,"pid":2,"delayTime":0,"id":11,"ballistic":"2","enemyID":5,"speed":3},{"nextOrderNum":23,"drop":"18","boomNum":"0","route":"1#0,2#1","num":2,"orderNum":22,"pid":2,"delayTime":2,"id":11,"ballistic":"1","enemyID":2,"speed":3},{"nextOrderNum":24,"drop":"1#18,2#10008","boomNum":"0","route":"1#1,2#0","num":2,"orderNum":23,"pid":3,"delayTime":2,"id":11,"ballistic":"1","enemyID":1,"speed":3},{"nextOrderNum":25,"drop":"18","boomNum":"0","route":"1#0,2#1,3#2","num":3,"orderNum":24,"pid":3,"delayTime":0,"id":11,"ballistic":"2","enemyID":4,"speed":3},{"nextOrderNum":26,"drop":"1#18,2#8,3#18","boomNum":"0","route":"4","num":3,"orderNum":25,"pid":5,"delayTime":1,"id":11,"ballistic":"2","enemyID":2,"speed":5},{"nextOrderNum":27,"drop":"1#10001,2#18,3#18","boomNum":"0","route":"4","num":3,"orderNum":26,"pid":6,"delayTime":2,"id":11,"ballistic":"1","enemyID":3,"speed":1},{"nextOrderNum":28,"drop":"1#18,2#18,3#10008","boomNum":"0","route":"3","num":3,"orderNum":27,"pid":5,"delayTime":1,"id":11,"ballistic":"2","enemyID":2,"speed":5},{"nextOrderNum":29,"drop":"0","boomNum":"1,2","route":"3","num":1,"orderNum":28,"pid":6,"delayTime":2,"id":11,"ballistic":"1","enemyID":3,"speed":1},{"nextOrderNum":30,"drop":"10013","boomNum":"0","route":"1","num":1,"orderNum":29,"pid":4,"delayTime":0,"id":11,"ballistic":"2","enemyID":7,"speed":2},{"nextOrderNum":31,"drop":"18","boomNum":"0","route":"1#0,2#1,3#2","num":3,"orderNum":30,"pid":4,"delayTime":0,"id":11,"ballistic":"2","enemyID":5,"speed":3},{"nextOrderNum":32,"drop":"10012","boomNum":"0","route":"1#0,2#1","num":2,"orderNum":31,"pid":5,"delayTime":2,"id":11,"ballistic":"1","enemyID":2,"speed":3},{"nextOrderNum":33,"drop":"1#18,2#6","boomNum":"0","route":"1#1,2#0","num":2,"orderNum":32,"pid":6,"delayTime":2,"id":11,"ballistic":"1","enemyID":1,"speed":3},{"nextOrderNum":34,"drop":"18","boomNum":"2,3","route":"1#0,2#1,3#2","num":3,"orderNum":33,"pid":6,"delayTime":0,"id":11,"ballistic":"2","enemyID":4,"speed":3},{"nextOrderNum":35,"drop":"10012","boomNum":"0","route":"4","num":1,"orderNum":34,"pid":5,"delayTime":1,"id":11,"ballistic":"1","enemyID":2,"speed":3},{"nextOrderNum":36,"drop":"1#10001,2#18,3#18","boomNum":"0","route":"4","num":3,"orderNum":35,"pid":6,"delayTime":2,"id":11,"ballistic":"2","enemyID":3,"speed":1},{"nextOrderNum":37,"drop":"1#18,2#18,3#11","boomNum":"0","route":"3","num":3,"orderNum":36,"pid":5,"delayTime":1,"id":11,"ballistic":"1","enemyID":2,"speed":5},{"nextOrderNum":38,"drop":"10001","boomNum":"0","route":"3","num":1,"orderNum":37,"pid":6,"delayTime":2,"id":11,"ballistic":"2","enemyID":3,"speed":1},{"nextOrderNum":39,"drop":"1#10008,2#18,3#18","boomNum":"2,3","route":"6","num":3,"orderNum":38,"pid":10,"delayTime":1,"id":11,"ballistic":"2","enemyID":5,"speed":3},{"nextOrderNum":40,"drop":"18","boomNum":"0","route":"6","num":1,"orderNum":39,"pid":11,"delayTime":1,"id":11,"ballistic":"1","enemyID":2,"speed":1.5},{"nextOrderNum":41,"drop":"10013","boomNum":"1","route":"0","num":1,"orderNum":40,"pid":11,"delayTime":1,"id":11,"ballistic":"2","enemyID":8,"speed":2},{"nextOrderNum":42,"drop":"18","boomNum":"0","route":"5","num":4,"orderNum":41,"pid":12,"delayTime":0,"id":11,"ballistic":"2","enemyID":3,"speed":5},{"nextOrderNum":43,"drop":"10001","boomNum":"2,3","route":"5","num":1,"orderNum":42,"pid":12,"delayTime":0,"id":11,"ballistic":"1","enemyID":3,"speed":3},{"nextOrderNum":44,"drop":"10011","boomNum":"0","route":"1","num":1,"orderNum":43,"pid":13,"delayTime":1,"id":11,"ballistic":"2","enemyID":8,"speed":0},{"nextOrderNum":45,"drop":"18","boomNum":"0","route":"3","num":1,"orderNum":44,"pid":13,"delayTime":1,"id":11,"ballistic":"1","enemyID":2,"speed":4},{"nextOrderNum":46,"drop":"1#10012,2#18,3#18,4#18","boomNum":"0","route":"3","num":4,"orderNum":45,"pid":14,"delayTime":2.5,"id":11,"ballistic":"2","enemyID":3,"speed":6},{"nextOrderNum":47,"drop":"1#10001,2#18,3#18,4#10008","boomNum":"0","route":"4","num":4,"orderNum":46,"pid":14,"delayTime":1.5,"id":11,"ballistic":"1","enemyID":3,"speed":6},{"nextOrderNum":48,"drop":"18","boomNum":"1,2","route":"1#0,2#1,3#2","num":3,"orderNum":47,"pid":20,"delayTime":0,"id":11,"ballistic":"2","enemyID":5,"speed":3},{"nextOrderNum":49,"drop":"18","boomNum":"0","route":"1#0,2#1","num":2,"orderNum":48,"pid":20,"delayTime":2,"id":11,"ballistic":"1","enemyID":2,"speed":3},{"nextOrderNum":50,"drop":"1#10012,2#11","boomNum":"0","route":"1#1,2#0","num":2,"orderNum":49,"pid":20,"delayTime":2,"id":11,"ballistic":"1","enemyID":1,"speed":3},{"nextOrderNum":51,"drop":"18","boomNum":"0","route":"1#0,2#1,3#2","num":3,"orderNum":50,"pid":20,"delayTime":0,"id":11,"ballistic":"2","enemyID":5,"speed":3},{"nextOrderNum":52,"drop":"18","boomNum":"0","route":"1#0,2#1","num":2,"orderNum":51,"pid":21,"delayTime":2,"id":11,"ballistic":"1","enemyID":2,"speed":3},{"nextOrderNum":53,"drop":"1#18,2#10001","boomNum":"0","route":"1#1,2#0","num":2,"orderNum":52,"pid":21,"delayTime":2,"id":11,"ballistic":"1","enemyID":1,"speed":3},{"nextOrderNum":54,"drop":"1#18,2#10008,3#10008","boomNum":"2,3","route":"4","num":3,"orderNum":53,"pid":22,"delayTime":1,"id":11,"ballistic":"2","enemyID":2,"speed":5},{"nextOrderNum":55,"drop":"1#0,2#18,3#18","boomNum":"0","route":"4","num":3,"orderNum":54,"pid":22,"delayTime":2,"id":11,"ballistic":"1","enemyID":3,"speed":1},{"nextOrderNum":56,"drop":"18","boomNum":"1","route":"1#0,2#1,3#2","num":3,"orderNum":55,"pid":23,"delayTime":0,"id":11,"ballistic":"1","enemyID":1,"speed":3},{"nextOrderNum":57,"drop":"1#10001,2#18","boomNum":"0","route":"1#0,2#1","num":2,"orderNum":56,"pid":23,"delayTime":2,"id":11,"ballistic":"0","enemyID":6,"speed":3},{"nextOrderNum":58,"drop":"1#18,2#6","boomNum":"1,2","route":"1#0,2#1","num":2,"orderNum":57,"pid":23,"delayTime":5,"id":11,"ballistic":"1","enemyID":6,"speed":3},{"nextOrderNum":59,"drop":"18","boomNum":"0","route":"1#0,2#1,3#2","num":3,"orderNum":58,"pid":23,"delayTime":1,"id":11,"ballistic":"2","enemyID":1,"speed":3},{"nextOrderNum":-1,"drop":"0","boomNum":"0","route":"2","num":1,"orderNum":59,"pid":23,"delayTime":2,"id":11,"ballistic":"1,2,3","enemyID":13,"speed":3}]}