{"__type__":"cc.JsonAsset","_name":"level_2","json":[{"nextOrderNum":2,"drop":"0","boomNum":"0","route":"1002","num":0,"orderNum":1,"pid":1,"delayTime":0,"id":2,"ballistic":"0","enemyID":1,"speed":2},{"nextOrderNum":3,"drop":"1#18,2#18,3#18","boomNum":"0","route":"1#0,2#1,3#2,4#0,5#1,6#2","num":3,"orderNum":2,"pid":1,"delayTime":0.7,"id":2,"ballistic":"0","enemyID":1,"speed":3},{"nextOrderNum":4,"drop":"0","boomNum":"0","route":"1#1,2#2,3#0,4#2","num":4,"orderNum":3,"pid":1,"delayTime":0.8,"id":2,"ballistic":"0","enemyID":2,"speed":2},{"nextOrderNum":5,"drop":"1#18,2#0,3#18","boomNum":"1","route":"1#2,2#1,3#0","num":3,"orderNum":4,"pid":2,"delayTime":0.7,"id":2,"ballistic":"1","enemyID":2,"speed":2.5},{"nextOrderNum":6,"drop":"0","boomNum":"0","route":"1#0,2#1,3#2","num":3,"orderNum":5,"pid":2,"delayTime":0.8,"id":2,"ballistic":"0","enemyID":1,"speed":2},{"nextOrderNum":7,"drop":"1#18,2#18,3#11,4#6","boomNum":"0","route":"1#1,2#2,3#0,4#2","num":4,"orderNum":6,"pid":2,"delayTime":0.6,"id":2,"ballistic":"0","enemyID":3,"speed":2},{"nextOrderNum":8,"drop":"1#0,2#18,3#18","boomNum":"1","route":"1#1,2#0,3#2,4#1","num":3,"orderNum":7,"pid":2,"delayTime":0.8,"id":2,"ballistic":"1","enemyID":2,"speed":2},{"nextOrderNum":9,"drop":"1#6,2#18,3#0,4#18","boomNum":"0","route":"1#2,2#2,3#0,4#0","num":4,"orderNum":8,"pid":3,"delayTime":0.7,"id":2,"ballistic":"0","enemyID":1,"speed":1.5},{"nextOrderNum":10,"drop":"0","boomNum":"0","route":"1#1,2#1,3#0,4#0","num":4,"orderNum":9,"pid":3,"delayTime":0.4,"id":2,"ballistic":"0","enemyID":2,"speed":2},{"nextOrderNum":11,"drop":"1#0,2#18,3#0,4#0","boomNum":"0","route":"1#3,2#4,3#3,4#4","num":4,"orderNum":10,"pid":3,"delayTime":1.6,"id":2,"ballistic":"0","enemyID":4,"speed":1.8},{"nextOrderNum":12,"drop":"1#0,2#18,3#18,4#0,5#0","boomNum":"1","route":"1#4,2#4,3#4,4#4,5#4","num":5,"orderNum":11,"pid":4,"delayTime":0.7,"id":2,"ballistic":"0","enemyID":2,"speed":2},{"nextOrderNum":13,"drop":"1#12,2#0,3#18,4#0,5#0","boomNum":"0","route":"1#3,2#3,3#3,4#3,5#3","num":5,"orderNum":12,"pid":4,"delayTime":0.7,"id":2,"ballistic":"0","enemyID":2,"speed":1.5},{"nextOrderNum":14,"drop":"1#18,2#0,3#18,4#18","boomNum":"0","route":"1#1,2#0,3#2,4#1","num":4,"orderNum":13,"pid":4,"delayTime":0.8,"id":2,"ballistic":"2","enemyID":5,"speed":2.5},{"nextOrderNum":15,"drop":"0","boomNum":"0","route":"1#5,2#6,3#0","num":3,"orderNum":14,"pid":5,"delayTime":0.6,"id":2,"ballistic":"0","enemyID":1,"speed":2.5},{"nextOrderNum":16,"drop":"18","boomNum":"0","route":"5","num":5,"orderNum":15,"pid":5,"delayTime":0.4,"id":2,"ballistic":"0","enemyID":2,"speed":1.8},{"nextOrderNum":17,"drop":"1#18,2#18,3#18,4#0,5#0","boomNum":"0","route":"6","num":5,"orderNum":16,"pid":5,"delayTime":0.4,"id":2,"ballistic":"0","enemyID":1,"speed":1.5},{"nextOrderNum":18,"drop":"0","boomNum":"1","route":"2","num":5,"orderNum":17,"pid":6,"delayTime":0.5,"id":2,"ballistic":"0","enemyID":3,"speed":1.5},{"nextOrderNum":19,"drop":"1#18,2#0,3#18,4#18","boomNum":"0","route":"1#1,2#0,3#2,4#1","num":4,"orderNum":18,"pid":6,"delayTime":0.8,"id":2,"ballistic":"0","enemyID":2,"speed":2},{"nextOrderNum":20,"drop":"1#18,2#0,3#0,4#0,5#0","boomNum":"0","route":"1#0,2#2,3#1,4#4,5#5","num":5,"orderNum":19,"pid":6,"delayTime":0.6,"id":2,"ballistic":"0","enemyID":5,"speed":2},{"nextOrderNum":21,"drop":"1#18,2#6,3#15,4#18","boomNum":"1","route":"1#2,2#3,3#2,4#4","num":4,"orderNum":20,"pid":7,"delayTime":1,"id":2,"ballistic":"0","enemyID":1,"speed":2},{"nextOrderNum":22,"drop":"0","boomNum":"0","route":"1#2,2#3,3#2,4#4","num":4,"orderNum":21,"pid":7,"delayTime":0.5,"id":2,"ballistic":"0","enemyID":2,"speed":0},{"nextOrderNum":23,"drop":"0","boomNum":"1","route":"1008","num":0,"orderNum":22,"pid":7,"delayTime":0,"id":2,"ballistic":"0","enemyID":1,"speed":5},{"nextOrderNum":24,"drop":"0","boomNum":"0","route":"1#5,2#6,3#0,4#1","num":4,"orderNum":23,"pid":7,"delayTime":0.5,"id":2,"ballistic":"0","enemyID":4,"speed":2},{"nextOrderNum":25,"drop":"1#18,2#18,3#0","boomNum":"0","route":"1#0,2#1,3#0,4#1","num":4,"orderNum":24,"pid":7,"delayTime":0.5,"id":2,"ballistic":"0","enemyID":2,"speed":2},{"nextOrderNum":26,"drop":"0","boomNum":"0","route":"1#1,2#0,3#1,4#0","num":4,"orderNum":25,"pid":7,"delayTime":0.5,"id":2,"ballistic":"1","enemyID":2,"speed":1.8},{"nextOrderNum":27,"drop":"1#18,2#18,3#18,4#0","boomNum":"0","route":"1#0,2#1,3#2,4#3","num":4,"orderNum":26,"pid":7,"delayTime":0.5,"id":2,"ballistic":"0","enemyID":2,"speed":1.6},{"nextOrderNum":28,"drop":"1#18,2#18,3#11,4#0","boomNum":"0","route":"1#1,2#0,3#2,4#4","num":4,"orderNum":27,"pid":7,"delayTime":0.5,"id":2,"ballistic":"0","enemyID":1,"speed":1.5},{"nextOrderNum":29,"drop":"0","boomNum":"1","route":"1#2,2#1,3#0,4#3","num":4,"orderNum":28,"pid":7,"delayTime":0.5,"id":2,"ballistic":"1","enemyID":2,"speed":1.5},{"nextOrderNum":30,"drop":"0","boomNum":"0","route":"1#1,2#0,3#2,4#4","num":4,"orderNum":29,"pid":7,"delayTime":0.5,"id":2,"ballistic":"0","enemyID":1,"speed":1.7},{"nextOrderNum":31,"drop":"1#18,2#0,3#18,4#0,5#0","boomNum":"0","route":"1#0,2#1,3#2,4#3","num":4,"orderNum":30,"pid":8,"delayTime":0.5,"id":2,"ballistic":"1","enemyID":2,"speed":1.6},{"nextOrderNum":32,"drop":"1#6,2#0,3#18","boomNum":"0","route":"1#0,2#5,3#6","num":3,"orderNum":31,"pid":9,"delayTime":0.6,"id":2,"ballistic":"0","enemyID":2,"speed":1},{"nextOrderNum":33,"drop":"0","boomNum":"0","route":"3","num":3,"orderNum":32,"pid":10,"delayTime":1,"id":2,"ballistic":"1","enemyID":1,"speed":1},{"nextOrderNum":34,"drop":"1#18,2#18,3#18","boomNum":"1","route":"4","num":3,"orderNum":33,"pid":11,"delayTime":1,"id":2,"ballistic":"0","enemyID":2,"speed":1},{"nextOrderNum":35,"drop":"1#18,2#18,3#11","boomNum":"0","route":"1#0,2#5,3#6","num":3,"orderNum":34,"pid":12,"delayTime":2,"id":2,"ballistic":"0","enemyID":1,"speed":1},{"nextOrderNum":-1,"drop":"0","boomNum":"0","route":"2","num":1,"orderNum":35,"pid":13,"delayTime":3,"id":2,"ballistic":"1,2,3","enemyID":10,"speed":35}]}