{"__type__":"cc.JsonAsset","_name":"lineup_1006","json":[{"enemy7":"0","enemy6":"0","enemy5":"0","id":1,"enemy4":"1","enemy3":"0","enemy2":"0","enemy1":"1"},{"enemy7":"0","enemy6":"0","enemy5":"0","id":2,"enemy4":"0","enemy3":"0","enemy2":"0","enemy1":"0"},{"enemy7":"0","enemy6":"0","enemy5":"0","id":3,"enemy4":"0","enemy3":"0","enemy2":"0","enemy1":"0"},{"enemy7":"0","enemy6":"0","enemy5":"0","id":4,"enemy4":"2","enemy3":"0","enemy2":"2","enemy1":"0"},{"enemy7":"0","enemy6":"0","enemy5":"0","id":5,"enemy4":"0","enemy3":"0","enemy2":"0","enemy1":"0"},{"enemy7":"0","enemy6":"0","enemy5":"0","id":6,"enemy4":"0","enemy3":"0","enemy2":"0","enemy1":"0"},{"enemy7":"1","enemy6":"0","enemy5":"1","id":7,"enemy4":"0","enemy3":"0","enemy2":"0","enemy1":"0"},{"enemy7":"0","enemy6":"0","enemy5":"0","id":8,"enemy4":"0","enemy3":"0","enemy2":"0","enemy1":"2"},{"enemy7":"0","enemy6":"0","enemy5":"0","id":9,"enemy4":"0","enemy3":"0","enemy2":"0","enemy1":"0"},{"enemy7":"0","enemy6":"2","enemy5":"0","id":10,"enemy4":"0","enemy3":"0","enemy2":"0","enemy1":"0"}]}