[{"__type__":"cc.BitmapFont","_name":"awardNum","spriteFrame":{"__uuid__":"f4uzT0/EpNOIlnYoR9M0Wn"},"fontSize":32,"_fntConfig":{"commonHeight":32,"fontSize":32,"atlasName":"awardNum.png","fontDefDictionary":{"48":{"rect":{"x":0,"y":0,"width":15,"height":20},"xOffset":0,"yOffset":0,"xAdvance":15},"49":{"rect":{"x":136,"y":0,"width":8,"height":19},"xOffset":0,"yOffset":0,"xAdvance":8},"50":{"rect":{"x":92,"y":0,"width":13,"height":20},"xOffset":0,"yOffset":0,"xAdvance":13},"51":{"rect":{"x":32,"y":0,"width":14,"height":20},"xOffset":0,"yOffset":0,"xAdvance":14},"52":{"rect":{"x":16,"y":0,"width":15,"height":20},"xOffset":0,"yOffset":0,"xAdvance":15},"53":{"rect":{"x":106,"y":0,"width":14,"height":19},"xOffset":0,"yOffset":0,"xAdvance":14},"54":{"rect":{"x":47,"y":0,"width":14,"height":20},"xOffset":0,"yOffset":0,"xAdvance":14},"55":{"rect":{"x":121,"y":0,"width":14,"height":19},"xOffset":0,"yOffset":0,"xAdvance":14},"56":{"rect":{"x":62,"y":0,"width":14,"height":20},"xOffset":0,"yOffset":0,"xAdvance":14},"57":{"rect":{"x":77,"y":0,"width":14,"height":20},"xOffset":0,"yOffset":0,"xAdvance":14}},"kerningDict":{}}},{"__type__":"cc.SpriteFrame","content":{"name":"awardNum","texture":"44n9c4I49GJJcTv/jucFFu","rect":[0,0,144,20],"offset":[-3,0.5],"originalSize":[150,21],"capInsets":[0,0,0,0]}}]