[{"__type__":"cc.SpriteFrame","content":{"name":"newexplain_item1","texture":"b1j3NERslMD56uBlyoRUGc","rect":[536,256,189,252],"offset":[0,0],"originalSize":[189,252],"rotated":1,"capInsets":[0,0,0,0]}},{"__type__":"cc.SpriteFrame","content":{"name":"newexplain_bg2","texture":"b1j3NERslMD56uBlyoRUGc","rect":[2,2,532,487],"offset":[0,0],"originalSize":[532,487],"capInsets":[0,0,0,0]}},{"__type__":"cc.SpriteFrame","content":{"name":"newexplain_item2","texture":"b1j3NERslMD56uBlyoRUGc","rect":[536,2,189,252],"offset":[0,0],"originalSize":[189,252],"capInsets":[0,0,0,0]}},{"__type__":"cc.SpriteFrame","content":{"name":"newexplain_title","texture":"b1j3NERslMD56uBlyoRUGc","rect":[790,256,216,63],"offset":[0,0],"originalSize":[216,63],"rotated":1,"capInsets":[0,0,0,0]}},{"__type__":"cc.SpriteFrame","content":{"name":"newexplain_bg1","texture":"b1j3NERslMD56uBlyoRUGc","rect":[727,2,189,252],"offset":[0,0],"originalSize":[189,252],"capInsets":[0,0,0,0]}},{"__type__":"cc.SpriteAtlas","_name":"newExplain.plist","_spriteFrames":{"newexplain_bg1":{"__uuid__":"c9k542ONNNS7VILadE2hGu"},"newexplain_bg2":{"__uuid__":"75uzCQ4iNC/JilcDZbJItK"},"newexplain_item1":{"__uuid__":"18z6rig2pJh6A+HPhJTRKk"},"newexplain_item2":{"__uuid__":"7efInwNntMqbJRr63zBbkK"},"newexplain_title":{"__uuid__":"8d7GezNzdLKID1qB/lyqPJ"}}}]