[[{"__type__":"cc.Prefab","_name":"heroBuff","data":{"__id__":1}},{"__type__":"cc.Node","_name":"heroBuff","_children":[{"__id__":2},{"__id__":4}],"_level":1,"_components":[{"__type__":"cc.Sprite","node":{"__id__":1},"_spriteFrame":{"__uuid__":"f7ldna73FKCawwX+th/aMh"}},{"__type__":"56c15ECIqJP753DMXs4RoWX","node":{"__id__":1},"spr_countdown":{"__id__":3},"txt_num":{"__id__":5}}],"_prefab":{"__type__":"cc.PrefabInfo","root":{"__id__":1},"asset":{"__uuid__":"2dgDx9P2FNZKJRQNi9bnAl"},"fileId":"9fihPLPCtFloqY//aty4a5"},"_contentSize":{"__type__":"cc.Size","width":42,"height":42},"_scale":{"__type__":"cc.Vec3","x":1,"y":1,"z":1},"_zIndex":0},{"__type__":"cc.Node","_name":"spr_countdown","_parent":{"__id__":1},"_level":2,"_components":[{"__id__":3}],"_prefab":{"__type__":"cc.PrefabInfo","root":{"__id__":1},"asset":{"__uuid__":"2dgDx9P2FNZKJRQNi9bnAl"},"fileId":"b5dEGAcOhH4qyvIOdLYpRZ"},"_contentSize":{"__type__":"cc.Size","width":42,"height":42},"_anchorPoint":{"__type__":"cc.Vec2","x":0.5},"_position":{"__type__":"cc.Vec3","y":-19.5},"_scale":{"__type__":"cc.Vec3","x":1,"y":1,"z":1},"_zIndex":0},{"__type__":"cc.Sprite","node":{"__id__":2},"_spriteFrame":{"__uuid__":"dfiQXSo7FHeZSbNDAMvD7B"}},{"__type__":"cc.Node","_name":"txt_num","_parent":{"__id__":1},"_level":2,"_components":[{"__id__":5}],"_prefab":{"__type__":"cc.PrefabInfo","root":{"__id__":1},"asset":{"__uuid__":"2dgDx9P2FNZKJRQNi9bnAl"},"fileId":"c8COJrdVFJwK68maSVwhHk"},"_contentSize":{"__type__":"cc.Size","width":11.12,"height":20},"_anchorPoint":{"__type__":"cc.Vec2","x":1,"y":0.5},"_position":{"__type__":"cc.Vec3","x":18,"y":-10},"_scale":{"__type__":"cc.Vec3","x":1,"y":1,"z":1},"_zIndex":0},{"__type__":"cc.Label","node":{"__id__":4},"_useOriginalSize":false,"_string":"1","_N$string":"1","_fontSize":20,"_lineHeight":20,"_N$horizontalAlign":1,"_N$verticalAlign":1}],{"__type__":"cc.SpriteFrame","content":{"name":"item_countdown","texture":"b1Uipd4T9BE6OPdaE9wgca","rect":[0,0,42,42],"offset":[0,0],"originalSize":[42,42],"capInsets":[0,0,0,0]}},{"__type__":"cc.SpriteFrame","content":{"name":"buff_item_1","texture":"55lB6nIvNH7rHesm5C8D8+","rect":[1,1,42,42],"offset":[0,0],"originalSize":[44,44],"capInsets":[0,0,0,0]}}]