[{"__type__":"cc.SpriteFrame","content":{"name":"wsparticle_25","texture":"4ej5d6nZNPV4e5fVe0LtsN","rect":[171,560,64,62],"offset":[0,0],"originalSize":[64,64],"rotated":1,"capInsets":[0,0,0,0]}},{"__type__":"cc.SpriteFrame","content":{"name":"wsparticle_missile1","texture":"4ej5d6nZNPV4e5fVe0LtsN","rect":[2,408,182,150],"offset":[0,0],"originalSize":[182,150],"capInsets":[0,0,0,0]}},{"__type__":"cc.SpriteFrame","content":{"name":"wsparticle_missile2","texture":"4ej5d6nZNPV4e5fVe0LtsN","rect":[2,252,186,154],"offset":[0,0],"originalSize":[186,154],"capInsets":[0,0,0,0]}},{"__type__":"cc.SpriteFrame","content":{"name":"wsparticle_20","texture":"4ej5d6nZNPV4e5fVe0LtsN","rect":[2,2,248,232],"offset":[0,-1],"originalSize":[256,256],"rotated":1,"capInsets":[0,0,0,0]}},{"__type__":"cc.SpriteFrame","content":{"name":"wsparticle_23","texture":"4ej5d6nZNPV4e5fVe0LtsN","rect":[2,560,114,114],"offset":[0,0],"originalSize":[118,118],"capInsets":[0,0,0,0]}},{"__type__":"cc.SpriteFrame","content":{"name":"wsparticle_24","texture":"4ej5d6nZNPV4e5fVe0LtsN","rect":[190,252,20,118],"offset":[-1,1],"originalSize":[24,126],"capInsets":[0,0,0,0]}},{"__type__":"cc.SpriteAtlas","_name":"wsparticle.plist","_spriteFrames":{"wsparticle_20":{"__uuid__":"6d8JXKroFAYLCebg+yHTDL"},"wsparticle_23":{"__uuid__":"76jkXUaURDVZarCmcWD7af"},"wsparticle_24":{"__uuid__":"c3J1/V85hApKOXW7roZPMD"},"wsparticle_25":{"__uuid__":"16XbtT8ydGNZ7eY9XuiZED"},"wsparticle_64":{"__uuid__":"ffJRSQfd5LIKoxI1PUXOFB"},"wsparticle_missile1":{"__uuid__":"2bAVMmGlVBI7O1wjN93Id5"},"wsparticle_missile2":{"__uuid__":"5a1VRvECROvqYJQf9f1fcs"}}},{"__type__":"cc.SpriteFrame","content":{"name":"wsparticle_64","texture":"4ej5d6nZNPV4e5fVe0LtsN","rect":[118,560,51,114],"offset":[0,0],"originalSize":[51,114],"capInsets":[0,0,0,0]}}]