[{"__type__":"cc.SpriteFrame","content":{"name":"btnEff_24","texture":"90Cn/54GxA4oY1XzU82oOO","rect":[144,314,140,76],"offset":[0,0],"originalSize":[140,76],"capInsets":[0,0,0,0]}},{"__type__":"cc.SpriteAtlas","_name":"btnEff.plist","_spriteFrames":{"btnEff_1":{"__uuid__":"a9TdNe8htL34dShn3aAzKY"},"btnEff_10":{"__uuid__":"ccoPbl8ctItaqe7cYnm8Tu"},"btnEff_11":{"__uuid__":"bd1UxE8dhMn60H4j3dl3HL"},"btnEff_12":{"__uuid__":"a6aG0kTt5NT58WQ7XTJFHG"},"btnEff_13":{"__uuid__":"9denTg6GJAVJBb6T8ntqxH"},"btnEff_14":{"__uuid__":"acdOXMd+JDOKZLkkmZ9tCq"},"btnEff_15":{"__uuid__":"209ssjA7VBPY1Zu0M1MJkT"},"btnEff_16":{"__uuid__":"92zQ7NDjFBPpSmPu4+6JW2"},"btnEff_17":{"__uuid__":"34ePMEvTdNe78mhBdg9r1C"},"btnEff_18":{"__uuid__":"50nE4y1JlLcbCAqe9kR8wL"},"btnEff_19":{"__uuid__":"edzscIS+xABp7ixezHmrpr"},"btnEff_2":{"__uuid__":"d12YgAKOxJZqU4Xve5fsC3"},"btnEff_20":{"__uuid__":"a6VX/SLkBKxqDMlinkXNHu"},"btnEff_21":{"__uuid__":"978icDj2REPI4JzuCSt4K9"},"btnEff_22":{"__uuid__":"fcXHXY9RNBfIbuQtRxa5Ge"},"btnEff_23":{"__uuid__":"cdbbfeDH9AdLH6pf7AYnoV"},"btnEff_24":{"__uuid__":"03sWoBcJdCfLUYdJLTmZgt"},"btnEff_25":{"__uuid__":"1fuSoAOwxEw5kDg16M4dcY"},"btnEff_26":{"__uuid__":"ecZ/1L/PFPtqnpMWiDLin3"},"btnEff_27":{"__uuid__":"f0tJ5TkR5DvYeMZW+V1MqZ"},"btnEff_28":{"__uuid__":"daMBdl6cVE25RXdvIWIGoT"},"btnEff_3":{"__uuid__":"7398lzE0BOd73IlSCcD1A5"},"btnEff_4":{"__uuid__":"dc3J84DUxHgaUViBdQZCjv"},"btnEff_5":{"__uuid__":"8cbfUD48JCCbfakxL0YjX6"},"btnEff_6":{"__uuid__":"3d7A4jb+tHdZSw27eAwlBe"},"btnEff_7":{"__uuid__":"5dn5wwCeBH4Kn6i6N9Z0oE"},"btnEff_8":{"__uuid__":"f56ubheVBFN4XXwEo1xxDf"},"btnEff_9":{"__uuid__":"66ypAgBhNKnry1M0WXEaVm"}}},{"__type__":"cc.SpriteFrame","content":{"name":"btnEff_25","texture":"90Cn/54GxA4oY1XzU82oOO","rect":[2,314,140,76],"offset":[0,0],"originalSize":[140,76],"capInsets":[0,0,0,0]}},{"__type__":"cc.SpriteFrame","content":{"name":"btnEff_15","texture":"90Cn/54GxA4oY1XzU82oOO","rect":[144,626,140,76],"offset":[0,0],"originalSize":[140,76],"capInsets":[0,0,0,0]}},{"__type__":"cc.SpriteFrame","content":{"name":"btnEff_17","texture":"90Cn/54GxA4oY1XzU82oOO","rect":[144,548,140,76],"offset":[0,0],"originalSize":[140,76],"capInsets":[0,0,0,0]}},{"__type__":"cc.SpriteFrame","content":{"name":"btnEff_6","texture":"90Cn/54GxA4oY1XzU82oOO","rect":[2,80,140,76],"offset":[0,0],"originalSize":[140,76],"capInsets":[0,0,0,0]}},{"__type__":"cc.SpriteFrame","content":{"name":"btnEff_18","texture":"90Cn/54GxA4oY1XzU82oOO","rect":[2,548,140,76],"offset":[0,0],"originalSize":[140,76],"capInsets":[0,0,0,0]}},{"__type__":"cc.SpriteFrame","content":{"name":"btnEff_7","texture":"90Cn/54GxA4oY1XzU82oOO","rect":[286,2,140,76],"offset":[0,0],"originalSize":[140,76],"rotated":1,"capInsets":[0,0,0,0]}},{"__type__":"cc.SpriteFrame","content":{"name":"btnEff_9","texture":"90Cn/54GxA4oY1XzU82oOO","rect":[2,2,140,76],"offset":[0,0],"originalSize":[140,76],"capInsets":[0,0,0,0]}},{"__type__":"cc.SpriteFrame","content":{"name":"btnEff_3","texture":"90Cn/54GxA4oY1XzU82oOO","rect":[144,158,140,76],"offset":[0,0],"originalSize":[140,76],"capInsets":[0,0,0,0]}},{"__type__":"cc.SpriteFrame","content":{"name":"btnEff_5","texture":"90Cn/54GxA4oY1XzU82oOO","rect":[144,80,140,76],"offset":[0,0],"originalSize":[140,76],"capInsets":[0,0,0,0]}},{"__type__":"cc.SpriteFrame","content":{"name":"btnEff_16","texture":"90Cn/54GxA4oY1XzU82oOO","rect":[2,626,140,76],"offset":[0,0],"originalSize":[140,76],"capInsets":[0,0,0,0]}},{"__type__":"cc.SpriteFrame","content":{"name":"btnEff_21","texture":"90Cn/54GxA4oY1XzU82oOO","rect":[144,392,140,76],"offset":[0,0],"originalSize":[140,76],"capInsets":[0,0,0,0]}},{"__type__":"cc.SpriteFrame","content":{"name":"btnEff_13","texture":"90Cn/54GxA4oY1XzU82oOO","rect":[2,704,140,76],"offset":[0,0],"originalSize":[140,76],"capInsets":[0,0,0,0]}},{"__type__":"cc.SpriteFrame","content":{"name":"btnEff_20","texture":"90Cn/54GxA4oY1XzU82oOO","rect":[2,470,140,76],"offset":[0,0],"originalSize":[140,76],"capInsets":[0,0,0,0]}},{"__type__":"cc.SpriteFrame","content":{"name":"btnEff_12","texture":"90Cn/54GxA4oY1XzU82oOO","rect":[144,704,140,76],"offset":[0,0],"originalSize":[140,76],"capInsets":[0,0,0,0]}},{"__type__":"cc.SpriteFrame","content":{"name":"btnEff_1","texture":"90Cn/54GxA4oY1XzU82oOO","rect":[144,782,140,76],"offset":[0,0],"originalSize":[140,76],"capInsets":[0,0,0,0]}},{"__type__":"cc.SpriteFrame","content":{"name":"btnEff_14","texture":"90Cn/54GxA4oY1XzU82oOO","rect":[286,570,140,76],"offset":[0,0],"originalSize":[140,76],"rotated":1,"capInsets":[0,0,0,0]}},{"__type__":"cc.SpriteFrame","content":{"name":"btnEff_11","texture":"90Cn/54GxA4oY1XzU82oOO","rect":[286,712,140,76],"offset":[0,0],"originalSize":[140,76],"rotated":1,"capInsets":[0,0,0,0]}},{"__type__":"cc.SpriteFrame","content":{"name":"btnEff_10","texture":"90Cn/54GxA4oY1XzU82oOO","rect":[2,782,140,76],"offset":[0,0],"originalSize":[140,76],"capInsets":[0,0,0,0]}},{"__type__":"cc.SpriteFrame","content":{"name":"btnEff_23","texture":"90Cn/54GxA4oY1XzU82oOO","rect":[286,286,140,76],"offset":[0,0],"originalSize":[140,76],"rotated":1,"capInsets":[0,0,0,0]}},{"__type__":"cc.SpriteFrame","content":{"name":"btnEff_2","texture":"90Cn/54GxA4oY1XzU82oOO","rect":[144,470,140,76],"offset":[0,0],"originalSize":[140,76],"capInsets":[0,0,0,0]}},{"__type__":"cc.SpriteFrame","content":{"name":"btnEff_28","texture":"90Cn/54GxA4oY1XzU82oOO","rect":[286,144,140,76],"offset":[0,0],"originalSize":[140,76],"rotated":1,"capInsets":[0,0,0,0]}},{"__type__":"cc.SpriteFrame","content":{"name":"btnEff_4","texture":"90Cn/54GxA4oY1XzU82oOO","rect":[2,158,140,76],"offset":[0,0],"originalSize":[140,76],"capInsets":[0,0,0,0]}},{"__type__":"cc.SpriteFrame","content":{"name":"btnEff_26","texture":"90Cn/54GxA4oY1XzU82oOO","rect":[144,236,140,76],"offset":[0,0],"originalSize":[140,76],"capInsets":[0,0,0,0]}},{"__type__":"cc.SpriteFrame","content":{"name":"btnEff_19","texture":"90Cn/54GxA4oY1XzU82oOO","rect":[286,428,140,76],"offset":[0,0],"originalSize":[140,76],"rotated":1,"capInsets":[0,0,0,0]}},{"__type__":"cc.SpriteFrame","content":{"name":"btnEff_27","texture":"90Cn/54GxA4oY1XzU82oOO","rect":[2,236,140,76],"offset":[0,0],"originalSize":[140,76],"capInsets":[0,0,0,0]}},{"__type__":"cc.SpriteFrame","content":{"name":"btnEff_8","texture":"90Cn/54GxA4oY1XzU82oOO","rect":[144,2,140,76],"offset":[0,0],"originalSize":[140,76],"capInsets":[0,0,0,0]}},{"__type__":"cc.SpriteFrame","content":{"name":"btnEff_22","texture":"90Cn/54GxA4oY1XzU82oOO","rect":[2,392,140,76],"offset":[0,0],"originalSize":[140,76],"capInsets":[0,0,0,0]}}]