[{"__type__":"cc.SpriteFrame","content":{"name":"power_circle_02","texture":"d8yHuAuVVGi7c5ZfOQ6fJd","rect":[2,724,104,112],"offset":[0,0],"originalSize":[104,112],"rotated":1,"capInsets":[0,0,0,0]}},{"__type__":"cc.AnimationClip","_name":"airPlane","_duration":0.6833333333333333,"wrapMode":"2","curveData":{"comps":{"cc.Sprite":{"spriteFrame":[{"frame":0,"value":{"__uuid__":"8ev8L+hqpPw7TJvnG3FPVo"}},{"frame":0.08333333333333333,"value":{"__uuid__":"17E8y58B9BzrlCFRjAgg4Y"}},{"frame":0.16666666666666666,"value":{"__uuid__":"ceakWbAIRHuotiB0hOmoR5"}},{"frame":0.2,"value":{"__uuid__":"ccymEVBexEl7hzy2FAKhoG"}},{"frame":0.25,"value":{"__uuid__":"4aOcwFYRdNU6iXG2MmLF/J"}},{"frame":0.3333333333333333,"value":{"__uuid__":"a5KvPiHxFNnojeflKj92dF"}},{"frame":0.4166666666666667,"value":{"__uuid__":"43tX5HDsZPaI2DfHoBQjQt"}},{"frame":0.5,"value":{"__uuid__":"ceakWbAIRHuotiB0hOmoR5"}},{"frame":0.5833333333333334,"value":{"__uuid__":"5caSHJXBZCU6r8z3/7oeZp"}},{"frame":0.6666666666666666,"value":{"__uuid__":"f1yRpkE0dCGYZ3WgI6iDHC"}}]}},"props":{"rotation":[{"frame":0,"value":0},{"frame":0.08333333333333333,"value":0},{"frame":0.16666666666666666,"value":0},{"frame":0.2,"value":-90},{"frame":0.25,"value":-90},{"frame":0.6666666666666666,"value":-90}],"scale":[{"frame":0,"value":{"__type__":"cc.Vec2","x":1.5,"y":1.5}}]}}},{"__type__":"cc.SpriteFrame","content":{"name":"power_circle_05","texture":"d8yHuAuVVGi7c5ZfOQ6fJd","rect":[2,416,122,94],"offset":[0,0],"originalSize":[122,94],"capInsets":[0,0,0,0]}},{"__type__":"cc.SpriteFrame","content":{"name":"power_circle_07","texture":"d8yHuAuVVGi7c5ZfOQ6fJd","rect":[2,310,122,104],"offset":[0,0],"originalSize":[122,104],"capInsets":[0,0,0,0]}},{"__type__":"cc.SpriteFrame","content":{"name":"power_circle_09","texture":"d8yHuAuVVGi7c5ZfOQ6fJd","rect":[2,830,106,110],"offset":[0,0],"originalSize":[106,110],"rotated":1,"capInsets":[0,0,0,0]}},{"__type__":"cc.SpriteFrame","content":{"name":"power_circle_01","texture":"d8yHuAuVVGi7c5ZfOQ6fJd","rect":[2,512,104,114],"offset":[0,0],"originalSize":[104,114],"rotated":1,"capInsets":[0,0,0,0]}},{"__type__":"cc.SpriteFrame","content":{"name":"power_circle_06","texture":"d8yHuAuVVGi7c5ZfOQ6fJd","rect":[2,108,124,100],"offset":[0,0],"originalSize":[124,100],"capInsets":[0,0,0,0]}},{"__type__":"cc.SpriteFrame","content":{"name":"power_circle_04","texture":"d8yHuAuVVGi7c5ZfOQ6fJd","rect":[2,210,124,98],"offset":[0,0],"originalSize":[124,98],"capInsets":[0,0,0,0]}},{"__type__":"cc.SpriteFrame","content":{"name":"power_circle_03","texture":"d8yHuAuVVGi7c5ZfOQ6fJd","rect":[2,2,124,104],"offset":[0,0],"originalSize":[124,104],"capInsets":[0,0,0,0]}},{"__type__":"cc.SpriteFrame","content":{"name":"power_circle_08","texture":"d8yHuAuVVGi7c5ZfOQ6fJd","rect":[2,618,112,104],"offset":[0,0],"originalSize":[112,104],"capInsets":[0,0,0,0]}}]