[{"__type__":"cc.SpriteFrame","content":{"name":"wsparticle_gongyouxin1_a_002","texture":"426qtiJaRH/7Ik1tkNk2K8","rect":[0,151,212,174],"offset":[-14,4],"originalSize":[270,230],"capInsets":[0,0,0,0]}},{"__type__":"cc.SpriteFrame","content":{"name":"wsparticle_gongyouxin1_a_007","texture":"426qtiJaRH/7Ik1tkNk2K8","rect":[368,203,118,112],"offset":[15,0],"originalSize":[270,230],"capInsets":[0,0,0,0]}},{"__type__":"cc.SpriteFrame","content":{"name":"wsparticle_gongyouxin1_b_004","texture":"426qtiJaRH/7Ik1tkNk2K8","rect":[428,405,68,62],"offset":[-6,-5],"originalSize":[100,100],"capInsets":[0,0,0,0]}},{"__type__":"cc.SpriteFrame","content":{"name":"wsparticle_gongyouxin1_b_001","texture":"426qtiJaRH/7Ik1tkNk2K8","rect":[212,453,48,50],"offset":[-2,-1],"originalSize":[100,100],"capInsets":[0,0,0,0]}},{"__type__":"cc.SpriteFrame","content":{"name":"wsparticle_gongyouxin1_a_004","texture":"426qtiJaRH/7Ik1tkNk2K8","rect":[0,0,254,150],"offset":[-2,-14],"originalSize":[270,230],"capInsets":[0,0,0,0]}},{"__type__":"cc.SpriteFrame","content":{"name":"wsparticle_gongyouxin1_b_002","texture":"426qtiJaRH/7Ik1tkNk2K8","rect":[274,322,82,76],"offset":[2,6],"originalSize":[100,100],"capInsets":[0,0,0,0]}},{"__type__":"cc.SpriteFrame","content":{"name":"wsparticle_gongyouxin1_b_007","texture":"426qtiJaRH/7Ik1tkNk2K8","rect":[149,453,62,56],"offset":[1,-7],"originalSize":[100,100],"capInsets":[0,0,0,0]}},{"__type__":"cc.SpriteAtlas","_name":"wsparticle_gongyouxin1.plist","_spriteFrames":{"wsparticle_gongyouxin1_a_001":{"__uuid__":"fbgRSGNoJGio6G+jZAIXfr"},"wsparticle_gongyouxin1_a_002":{"__uuid__":"16QRBzfdVED4brKUN69lWP"},"wsparticle_gongyouxin1_a_003":{"__uuid__":"92PB1tNCpBPoyAowAFBK1b"},"wsparticle_gongyouxin1_a_004":{"__uuid__":"47jW9ILAlOA7moQYHSI4IF"},"wsparticle_gongyouxin1_a_005":{"__uuid__":"e1yM9rcHlAYKA1Zn2J0MCI"},"wsparticle_gongyouxin1_a_006":{"__uuid__":"f2fPv3NyZIpqp+VUg3g0ot"},"wsparticle_gongyouxin1_a_007":{"__uuid__":"27f6Pii7dM6Zkv4S1QmxEb"},"wsparticle_gongyouxin1_b_001":{"__uuid__":"401SmexNRMkb8ao0weZJcn"},"wsparticle_gongyouxin1_b_002":{"__uuid__":"74LatxjuxCELWlNQoREQLG"},"wsparticle_gongyouxin1_b_003":{"__uuid__":"caozDUkCpOQKTR9gGElAU4"},"wsparticle_gongyouxin1_b_004":{"__uuid__":"31K0dzux5LLJi1V2nVjfBh"},"wsparticle_gongyouxin1_b_005":{"__uuid__":"bfWNBNtDhMSajfVqzOEIa0"},"wsparticle_gongyouxin1_b_006":{"__uuid__":"b5ip5J3F9MaqAMdUwprIsq"},"wsparticle_gongyouxin1_b_007":{"__uuid__":"89dLSTZ+dK44fi7MnsVzgZ"}}},{"__type__":"cc.SpriteFrame","content":{"name":"wsparticle_gongyouxin1_a_003","texture":"426qtiJaRH/7Ik1tkNk2K8","rect":[255,0,250,202],"offset":[-10,5],"originalSize":[270,230],"capInsets":[0,0,0,0]}},{"__type__":"cc.SpriteFrame","content":{"name":"wsparticle_gongyouxin1_b_006","texture":"426qtiJaRH/7Ik1tkNk2K8","rect":[274,399,78,84],"offset":[-5,6],"originalSize":[100,100],"capInsets":[0,0,0,0]}},{"__type__":"cc.SpriteFrame","content":{"name":"wsparticle_gongyouxin1_b_005","texture":"426qtiJaRH/7Ik1tkNk2K8","rect":[353,405,74,78],"offset":[-3,2],"originalSize":[100,100],"capInsets":[0,0,0,0]}},{"__type__":"cc.SpriteFrame","content":{"name":"wsparticle_gongyouxin1_b_003","texture":"426qtiJaRH/7Ik1tkNk2K8","rect":[368,316,94,88],"offset":[3,6],"originalSize":[100,100],"capInsets":[0,0,0,0]}},{"__type__":"cc.SpriteFrame","content":{"name":"wsparticle_gongyouxin1_a_005","texture":"426qtiJaRH/7Ik1tkNk2K8","rect":[0,326,148,136],"offset":[8,6],"originalSize":[270,230],"capInsets":[0,0,0,0]}},{"__type__":"cc.SpriteFrame","content":{"name":"wsparticle_gongyouxin1_a_006","texture":"426qtiJaRH/7Ik1tkNk2K8","rect":[213,203,154,118],"offset":[5,-1],"originalSize":[270,230],"capInsets":[0,0,0,0]}},{"__type__":"cc.SpriteFrame","content":{"name":"wsparticle_gongyouxin1_a_001","texture":"426qtiJaRH/7Ik1tkNk2K8","rect":[149,326,124,126],"offset":[-2,-4],"originalSize":[270,230],"capInsets":[0,0,0,0]}}]