[{"__type__":"cc.SpriteFrame","content":{"name":"dailytask_bg","texture":"55cgE7hGxA4YBGqphXUJ6M","rect":[2,2,170,847],"offset":[0,0],"originalSize":[172,847],"capInsets":[80,0,79,0]}},{"__type__":"cc.SpriteFrame","content":{"name":"fenxiang_fanhuianniu","texture":"b72N5vNotFpZBX2XU8k44d","rect":[0,0,82,82],"offset":[0,0],"originalSize":[82,82],"capInsets":[0,0,0,0]}},[{"__type__":"cc.Prefab","_name":"dailyTask","data":{"__id__":1}},{"__type__":"cc.Node","_name":"dailyTask","_children":[{"__id__":2},{"__id__":3},{"__id__":4},{"__id__":7}],"_level":1,"_components":[{"__type__":"17d54JqswxH9pevKyJlepop","node":{"__id__":1},"scroll_task":{"__id__":10},"itemPrefab":{"__uuid__":"dflzwF6dpDU5p4PAZ4qqC0"},"btn_close":{"__id__":6},"btnSound":{"__uuid__":"b5CnyjtFBNJ5UK59v+uqs2"}},{"__type__":"cc.Widget","node":{"__id__":1},"_alignFlags":2}],"_prefab":{"__type__":"cc.PrefabInfo","root":{"__id__":1},"asset":{"__uuid__":"a049ERLElEjoIzgfp4RxTp"},"fileId":"d0TTTX61ZPb5lFga77tOvR"},"_contentSize":{"__type__":"cc.Size","width":720,"height":1280},"_position":{"__type__":"cc.Vec3","x":360,"y":640},"_scale":{"__type__":"cc.Vec3","x":1,"y":1,"z":1},"_zIndex":0},{"__type__":"cc.Node","_name":"bg","_parent":{"__id__":1},"_level":2,"_components":[{"__type__":"cc.Sprite","node":{"__id__":2},"_spriteFrame":{"__uuid__":"0dRrnTVtlEh5BWMCwCnrQF"},"_type":1,"_sizeMode":0}],"_prefab":{"__type__":"cc.PrefabInfo","root":{"__id__":1},"asset":{"__uuid__":"a049ERLElEjoIzgfp4RxTp"},"fileId":"03lCtk2I9IPq9bNEpW3T9G"},"_contentSize":{"__type__":"cc.Size","width":650,"height":847},"_position":{"__type__":"cc.Vec3","y":74},"_scale":{"__type__":"cc.Vec3","x":1,"y":1,"z":1},"_zIndex":0},{"__type__":"cc.Node","_name":"New Sprite","_parent":{"__id__":1},"_level":2,"_components":[{"__type__":"cc.Sprite","node":{"__id__":3},"_spriteFrame":{"__uuid__":"deRdo4AABI27ffF5WSMu38"}}],"_prefab":{"__type__":"cc.PrefabInfo","root":{"__id__":1},"asset":{"__uuid__":"a049ERLElEjoIzgfp4RxTp"},"fileId":"6fWNmn6sxHZ4oINgATIDaj"},"_contentSize":{"__type__":"cc.Size","width":224,"height":55},"_position":{"__type__":"cc.Vec3","y":422},"_scale":{"__type__":"cc.Vec3","x":1,"y":1,"z":1},"_zIndex":0},{"__type__":"cc.Node","_name":"btn_close","_parent":{"__id__":1},"_children":[{"__id__":5}],"_level":2,"_components":[{"__type__":"cc.Sprite","node":{"__id__":4},"_type":1,"_sizeMode":2},{"__id__":6},{"__type__":"cc.Widget","node":{"__id__":4},"alignMode":2,"_alignFlags":4,"_bottom":247}],"_prefab":{"__type__":"cc.PrefabInfo","root":{"__id__":1},"asset":{"__uuid__":"a049ERLElEjoIzgfp4RxTp"},"fileId":"25tN+XOY5Ox5nj0GsYl4jx"},"_opacity":180,"_contentSize":{"__type__":"cc.Size","width":200,"height":60},"_position":{"__type__":"cc.Vec3","y":-363},"_scale":{"__type__":"cc.Vec3","x":1,"y":1,"z":1},"_zIndex":0},{"__type__":"cc.Node","_name":"New Label","_parent":{"__id__":4},"_level":3,"_components":[{"__type__":"cc.Label","node":{"__id__":5},"_useOriginalSize":false,"_string":"点击跳过 >>","_N$string":"点击跳过 >>","_fontSize":30,"_N$horizontalAlign":1,"_N$verticalAlign":1}],"_prefab":{"__type__":"cc.PrefabInfo","root":{"__id__":1},"asset":{"__uuid__":"a049ERLElEjoIzgfp4RxTp"},"fileId":"dcsBkqOf1GJLme48lLD97k"},"_contentSize":{"__type__":"cc.Size","width":163.37,"height":40},"_scale":{"__type__":"cc.Vec3","x":1,"y":1,"z":1},"_zIndex":0},{"__type__":"cc.Button","node":{"__id__":4},"clickEvents":[{"__type__":"cc.ClickEvent","target":{"__id__":1},"component":"dailyTask","handler":"onBtnClose"}],"_N$transition":3,"transition":3,"_N$normalColor":{"__type__":"cc.Color","r":255,"g":255,"b":255},"_N$pressedColor":{"__type__":"cc.Color","r":255,"g":255,"b":255},"pressedColor":{"__type__":"cc.Color","r":255,"g":255,"b":255},"_N$disabledColor":{"__type__":"cc.Color","r":255,"g":255,"b":255},"_N$normalSprite":{"__uuid__":"20UD9nuiZPjJcsjGJ/0SPS"},"_N$pressedSprite":{"__uuid__":"e97GVMl6JHh5Ml5qEDdSGa"},"pressedSprite":{"__uuid__":"e97GVMl6JHh5Ml5qEDdSGa"},"_N$hoverSprite":{"__uuid__":"f0BIwQ8D5Ml7nTNQbh1YlS"},"hoverSprite":{"__uuid__":"f0BIwQ8D5Ml7nTNQbh1YlS"},"_N$disabledSprite":{"__uuid__":"29FYIk+N1GYaeWH/q1NxQO"},"_N$target":{"__id__":4}},{"__type__":"cc.Node","_name":"scroll_task","_parent":{"__id__":1},"_children":[{"__id__":8}],"_level":2,"_components":[{"__type__":"cc.Sprite","node":{"__id__":7},"_type":1,"_sizeMode":0},{"__id__":10}],"_prefab":{"__type__":"cc.PrefabInfo","root":{"__id__":1},"asset":{"__uuid__":"a049ERLElEjoIzgfp4RxTp"},"fileId":"47dKALNdBNjoR3qRrq18Zd"},"_contentSize":{"__type__":"cc.Size","width":565,"height":660},"_position":{"__type__":"cc.Vec3","x":1,"y":33},"_scale":{"__type__":"cc.Vec3","x":1,"y":1,"z":1},"_zIndex":0},{"__type__":"cc.Node","_name":"view","_parent":{"__id__":7},"_children":[{"__id__":9}],"_components":[{"__type__":"cc.Mask","node":{"__id__":8}}],"_prefab":{"__type__":"cc.PrefabInfo","root":{"__id__":1},"asset":{"__uuid__":"a049ERLElEjoIzgfp4RxTp"},"fileId":"8asKQTOIlNnpSwE+vZJ8hy"},"_contentSize":{"__type__":"cc.Size","width":565,"height":660},"_scale":{"__type__":"cc.Vec3","x":1,"y":1,"z":1},"_zIndex":0},{"__type__":"cc.Node","_name":"content","_parent":{"__id__":8},"_prefab":{"__type__":"cc.PrefabInfo","root":{"__id__":1},"asset":{"__uuid__":"a049ERLElEjoIzgfp4RxTp"},"fileId":"80A1yS7ZNGbYiZukdghLPi"},"_contentSize":{"__type__":"cc.Size","width":565,"height":660},"_anchorPoint":{"__type__":"cc.Vec2","x":0.5,"y":1},"_position":{"__type__":"cc.Vec3","y":330},"_scale":{"__type__":"cc.Vec3","x":1,"y":1,"z":1},"_zIndex":0},{"__type__":"cc.ScrollView","node":{"__id__":7},"horizontal":false,"brake":0.75,"bounceDuration":0.23,"_N$content":{"__id__":9},"content":{"__id__":9},"_N$horizontalScrollBar":null,"_N$verticalScrollBar":null}],{"__type__":"cc.SpriteFrame","content":{"name":"dailytask_title","texture":"55cgE7hGxA4YBGqphXUJ6M","rect":[174,2,224,55],"offset":[0,0],"originalSize":[224,55],"rotated":1,"capInsets":[0,0,0,0]}}]