[[{"__type__":"cc.Prefab","_name":"sysMessage","data":{"__id__":1}},{"__type__":"cc.Node","_name":"sysMessage","_children":[{"__id__":2},{"__id__":3}],"_level":1,"_components":[{"__type__":"cc.Sprite","node":{"__id__":1}},{"__type__":"8f13dKL0pRFSqgJxi9+4hCQ","node":{"__id__":1},"txtTips":{"__id__":5}}],"_prefab":{"__type__":"cc.PrefabInfo","root":{"__id__":1},"asset":{"__uuid__":"44dN3RQ1pMxJuFrkcDlsxO"},"fileId":"acebwbM8lGL5Q7OBs6vT5v"},"_contentSize":{"__type__":"cc.Size","width":100,"height":100},"_scale":{"__type__":"cc.Vec3","x":1.4,"y":1.4,"z":1},"_zIndex":0},{"__type__":"cc.Node","_name":"spr_bg","_parent":{"__id__":1},"_level":2,"_components":[{"__type__":"cc.Sprite","node":{"__id__":2},"_spriteFrame":{"__uuid__":"b6x4Q6SpVBYrWxfQUMvDU+"}}],"_prefab":{"__type__":"cc.PrefabInfo","root":{"__id__":1},"asset":{"__uuid__":"44dN3RQ1pMxJuFrkcDlsxO"},"fileId":"bfQI35hTdJCptasScJAiti"},"_opacity":200,"_color":{"__type__":"cc.Color","r":59,"g":52,"b":42},"_contentSize":{"__type__":"cc.Size","width":405,"height":67},"_position":{"__type__":"cc.Vec3","x":-0.10000000000000009,"y":0.7},"_scale":{"__type__":"cc.Vec3","x":1,"y":1,"z":1},"_zIndex":0},{"__type__":"cc.Node","_name":"sysTips","_parent":{"__id__":1},"_children":[{"__id__":4}],"_level":2,"_components":[{"__id__":5}],"_prefab":{"__type__":"cc.PrefabInfo","root":{"__id__":1},"asset":{"__uuid__":"44dN3RQ1pMxJuFrkcDlsxO"},"fileId":"92RMzK4MtGXJw3qrZ7xtun"},"_contentSize":{"__type__":"cc.Size","width":129,"height":50},"_position":{"__type__":"cc.Vec3","x":-0.7,"y":0.7},"_scale":{"__type__":"cc.Vec3","x":1,"y":1,"z":1},"_zIndex":0},{"__type__":"cc.PrivateNode","_name":"RICHTEXT_CHILD","_parent":{"__id__":3},"_level":3,"_components":[{"__type__":"cc.Label","node":{"__id__":4},"_string":"系统提示信息!","_N$string":"系统提示信息!","_fontSize":20,"_lineHeight":50,"_N$verticalAlign":1}],"_prefab":{"__type__":"cc.PrefabInfo","root":{"__id__":1},"asset":{"__uuid__":"44dN3RQ1pMxJuFrkcDlsxO"},"fileId":"94nQfFIepJY7uigznnjY9T"},"_contentSize":{"__type__":"cc.Size","width":129,"height":50},"_anchorPoint":{"__type__":"cc.Vec2"},"_position":{"__type__":"cc.Vec3","x":-64.5,"y":-25},"_scale":{"__type__":"cc.Vec3","x":1,"y":1,"z":1},"_zIndex":-32768},{"__type__":"cc.RichText","node":{"__id__":3},"_N$string":"<color=#ffffff><b>系统提示信息!</b></color>","_N$fontSize":20,"_N$lineHeight":50}],{"__type__":"cc.SpriteFrame","content":{"name":"huodekkuang","texture":"33HOawfPtGeJHCOP294aYR","rect":[0,0,405,67],"offset":[0,0],"originalSize":[405,67],"capInsets":[0,0,0,0]}}]