[{"__type__":"cc.SpriteFrame","content":{"name":"dailytask_icon_bg","texture":"55cgE7hGxA4YBGqphXUJ6M","rect":[2,851,94,94],"offset":[0,0],"originalSize":[94,94],"capInsets":[0,0,0,0]}},{"__type__":"cc.SpriteFrame","content":{"name":"dailytask_btn_go","texture":"55cgE7hGxA4YBGqphXUJ6M","rect":[179,363,133,50],"offset":[0,0],"originalSize":[133,50],"rotated":1,"capInsets":[0,0,0,0]}},{"__type__":"cc.SpriteFrame","content":{"name":"dailytask_btn_receive","texture":"55cgE7hGxA4YBGqphXUJ6M","rect":[179,228,133,50],"offset":[0,0],"originalSize":[133,50],"rotated":1,"capInsets":[0,0,0,0]}},{"__type__":"cc.SpriteFrame","content":{"name":"dailytask_bg2","texture":"55cgE7hGxA4YBGqphXUJ6M","rect":[98,851,56,108],"offset":[0,0],"originalSize":[56,108],"rotated":1,"capInsets":[28,0,28,0]}},[{"__type__":"cc.Prefab","_name":"dailyTaskItem","data":{"__id__":1}},{"__type__":"cc.Node","_name":"dailyTaskItem","_children":[{"__id__":2},{"__id__":3},{"__id__":9},{"__id__":13},{"__id__":15}],"_level":1,"_components":[{"__type__":"b3a3fmB8s9Mr4EfgmTfnqGG","node":{"__id__":1},"node_award":{"__id__":3},"spr_icon":{"__id__":6},"lab_num":{"__id__":8},"rtx_desc":{"__id__":12},"btn_go":{"__id__":14},"btn_receive":{"__id__":16},"btnSound":{"__uuid__":"b5CnyjtFBNJ5UK59v+uqs2"}}],"_prefab":{"__type__":"cc.PrefabInfo","root":{"__id__":1},"asset":{"__uuid__":"dflzwF6dpDU5p4PAZ4qqC0"},"fileId":"9ds9JnzYRGrIFSgXwpFrgB"},"_contentSize":{"__type__":"cc.Size","width":565,"height":110},"_position":{"__type__":"cc.Vec3","x":2,"y":226},"_scale":{"__type__":"cc.Vec3","x":1,"y":1,"z":1},"_zIndex":0},{"__type__":"cc.Node","_name":"New Sprite","_parent":{"__id__":1},"_level":3,"_components":[{"__type__":"cc.Sprite","node":{"__id__":2},"_spriteFrame":{"__uuid__":"950DWMwB5PEoEVHcRYfhkE"},"_type":1,"_sizeMode":0}],"_prefab":{"__type__":"cc.PrefabInfo","root":{"__id__":1},"asset":{"__uuid__":"dflzwF6dpDU5p4PAZ4qqC0"},"fileId":"24V7kHSyhG/53/b6kgYxjk"},"_contentSize":{"__type__":"cc.Size","width":555,"height":108},"_scale":{"__type__":"cc.Vec3","x":1,"y":1,"z":1},"_zIndex":0},{"__type__":"cc.Node","_name":"node_award","_parent":{"__id__":1},"_children":[{"__id__":4},{"__id__":5},{"__id__":7}],"_level":3,"_prefab":{"__type__":"cc.PrefabInfo","root":{"__id__":1},"asset":{"__uuid__":"dflzwF6dpDU5p4PAZ4qqC0"},"fileId":"05WzlFsZ9HragkfsQi7NOh"},"_contentSize":{"__type__":"cc.Size","width":94,"height":94},"_position":{"__type__":"cc.Vec3","x":-222.5,"y":-0.7},"_scale":{"__type__":"cc.Vec3","x":1,"y":1,"z":1},"_zIndex":0},{"__type__":"cc.Node","_name":"New Sprite","_parent":{"__id__":3},"_level":4,"_components":[{"__type__":"cc.Sprite","node":{"__id__":4},"_spriteFrame":{"__uuid__":"2c07CnRdBDZ6W7GF8M8Hf0"}}],"_prefab":{"__type__":"cc.PrefabInfo","root":{"__id__":1},"asset":{"__uuid__":"dflzwF6dpDU5p4PAZ4qqC0"},"fileId":"aag4zpYwxLKoRHXxCFyBhz"},"_contentSize":{"__type__":"cc.Size","width":94,"height":94},"_scale":{"__type__":"cc.Vec3","x":1,"y":1,"z":1},"_zIndex":0},{"__type__":"cc.Node","_name":"spr_icon","_parent":{"__id__":3},"_level":4,"_components":[{"__id__":6}],"_prefab":{"__type__":"cc.PrefabInfo","root":{"__id__":1},"asset":{"__uuid__":"dflzwF6dpDU5p4PAZ4qqC0"},"fileId":"c7wpvdrIhEaIZAQd20YREp"},"_contentSize":{"__type__":"cc.Size","width":69,"height":61},"_position":{"__type__":"cc.Vec3","x":0.5,"y":10.5},"_scale":{"__type__":"cc.Vec3","x":1,"y":1,"z":1},"_zIndex":0},{"__type__":"cc.Sprite","node":{"__id__":5},"_spriteFrame":{"__uuid__":"faueif9/FK5K78ka0OgE2O"},"_sizeMode":2},{"__type__":"cc.Node","_name":"lab_num","_parent":{"__id__":3},"_level":4,"_components":[{"__id__":8}],"_prefab":{"__type__":"cc.PrefabInfo","root":{"__id__":1},"asset":{"__uuid__":"dflzwF6dpDU5p4PAZ4qqC0"},"fileId":"28DXx/d/pGoJVIv3+GRDYW"},"_color":{"__type__":"cc.Color","r":112,"g":247,"b":255},"_contentSize":{"__type__":"cc.Size","width":59.94,"height":22},"_position":{"__type__":"cc.Vec3","x":-1.5,"y":-31},"_scale":{"__type__":"cc.Vec3","x":1,"y":1,"z":1},"_zIndex":0},{"__type__":"cc.Label","node":{"__id__":7},"_useOriginalSize":false,"_string":"x2000","_N$string":"x2000","_fontSize":22,"_lineHeight":22,"_N$horizontalAlign":1,"_N$verticalAlign":1},{"__type__":"cc.Node","_name":"rtx_desc","_parent":{"__id__":1},"_children":[{"__id__":10},{"__id__":11}],"_level":3,"_components":[{"__id__":12}],"_prefab":{"__type__":"cc.PrefabInfo","root":{"__id__":1},"asset":{"__uuid__":"dflzwF6dpDU5p4PAZ4qqC0"},"fileId":"e2JBLL/+xEgLc9TkgpMd8D"},"_color":{"__type__":"cc.Color","r":254,"g":255,"b":255},"_contentSize":{"__type__":"cc.Size","width":200,"height":60},"_anchorPoint":{"__type__":"cc.Vec2","y":0.5},"_position":{"__type__":"cc.Vec3","x":-163.2,"y":2.8},"_scale":{"__type__":"cc.Vec3","x":1,"y":1,"z":1},"_zIndex":0},{"__type__":"cc.PrivateNode","_name":"RICHTEXT_CHILD","_parent":{"__id__":9},"_level":4,"_components":[{"__type__":"cc.Label","node":{"__id__":10},"_string":"完成所有日常任务","_N$string":"完成所有日常任务","_fontSize":25,"_lineHeight":30,"_N$verticalAlign":1}],"_prefab":{"__type__":"cc.PrefabInfo","root":{"__id__":1},"asset":{"__uuid__":"dflzwF6dpDU5p4PAZ4qqC0"},"fileId":"eclf0SJGVO767kqCXDwTmJ"},"_color":{"__type__":"cc.Color","r":254,"g":255,"b":255},"_contentSize":{"__type__":"cc.Size","width":200,"height":30},"_anchorPoint":{"__type__":"cc.Vec2"},"_scale":{"__type__":"cc.Vec3","x":1,"y":1,"z":1},"_zIndex":-32768},{"__type__":"cc.PrivateNode","_name":"RICHTEXT_CHILD","_parent":{"__id__":9},"_level":4,"_components":[{"__type__":"cc.Label","node":{"__id__":11},"_string":"(10/10)","_N$string":"(10/10)","_fontSize":25,"_lineHeight":30,"_N$verticalAlign":1}],"_prefab":{"__type__":"cc.PrefabInfo","root":{"__id__":1},"asset":{"__uuid__":"dflzwF6dpDU5p4PAZ4qqC0"},"fileId":"f0R3qgKApLGJoKo8P6xjeZ"},"_color":{"__type__":"cc.Color","r":255,"g":231,"b":96},"_contentSize":{"__type__":"cc.Size","width":79.21,"height":30},"_anchorPoint":{"__type__":"cc.Vec2"},"_position":{"__type__":"cc.Vec3","y":-30},"_scale":{"__type__":"cc.Vec3","x":1,"y":1,"z":1},"_zIndex":-32768},{"__type__":"cc.RichText","node":{"__id__":9},"_N$string":"<color=#feffff>完成所有日常任务\n</c><color=#ffe760>(10/10)</color>","_N$fontSize":25,"_N$lineHeight":30},{"__type__":"cc.Node","_name":"btn_go","_parent":{"__id__":1},"_level":3,"_components":[{"__type__":"cc.Sprite","node":{"__id__":13},"_spriteFrame":{"__uuid__":"598xHpDVhGsptk6WWyn4hW"},"_type":1,"_sizeMode":2},{"__id__":14}],"_prefab":{"__type__":"cc.PrefabInfo","root":{"__id__":1},"asset":{"__uuid__":"dflzwF6dpDU5p4PAZ4qqC0"},"fileId":"dbA+syGoFDw6a7QWV6Bq83"},"_contentSize":{"__type__":"cc.Size","width":133,"height":50},"_position":{"__type__":"cc.Vec3","x":200.5},"_scale":{"__type__":"cc.Vec3","x":1,"y":1,"z":1},"_zIndex":0},{"__type__":"cc.Button","node":{"__id__":13},"clickEvents":[{"__type__":"cc.ClickEvent","target":{"__id__":1},"component":"dailyTaskItem","handler":"onBtnGo"}],"_N$enableAutoGrayEffect":true,"_N$transition":3,"transition":3,"_N$normalColor":{"__type__":"cc.Color","r":255,"g":255,"b":255},"_N$pressedColor":{"__type__":"cc.Color","r":255,"g":255,"b":255},"pressedColor":{"__type__":"cc.Color","r":255,"g":255,"b":255},"_N$disabledColor":{"__type__":"cc.Color","r":255,"g":255,"b":255},"_N$normalSprite":{"__uuid__":"598xHpDVhGsptk6WWyn4hW"},"_N$pressedSprite":{"__uuid__":"e97GVMl6JHh5Ml5qEDdSGa"},"pressedSprite":{"__uuid__":"e97GVMl6JHh5Ml5qEDdSGa"},"_N$hoverSprite":{"__uuid__":"f0BIwQ8D5Ml7nTNQbh1YlS"},"hoverSprite":{"__uuid__":"f0BIwQ8D5Ml7nTNQbh1YlS"},"_N$disabledSprite":{"__uuid__":"29FYIk+N1GYaeWH/q1NxQO"},"_N$target":{"__id__":13}},{"__type__":"cc.Node","_name":"btn_receive","_parent":{"__id__":1},"_level":3,"_components":[{"__type__":"cc.Sprite","node":{"__id__":15},"_spriteFrame":{"__uuid__":"95U1MffWhCq40cyFQrT6HQ"},"_type":1,"_sizeMode":2},{"__id__":16}],"_prefab":{"__type__":"cc.PrefabInfo","root":{"__id__":1},"asset":{"__uuid__":"dflzwF6dpDU5p4PAZ4qqC0"},"fileId":"2bARiLDcFHP4a0N7Of6qLZ"},"_contentSize":{"__type__":"cc.Size","width":133,"height":50},"_position":{"__type__":"cc.Vec3","x":201.5},"_scale":{"__type__":"cc.Vec3","x":1,"y":1,"z":1},"_zIndex":0},{"__type__":"cc.Button","node":{"__id__":15},"clickEvents":[{"__type__":"cc.ClickEvent","target":{"__id__":1},"component":"dailyTaskItem","handler":"onBtnReceive"}],"_N$enableAutoGrayEffect":true,"_N$transition":3,"transition":3,"_N$normalColor":{"__type__":"cc.Color","r":255,"g":255,"b":255},"_N$pressedColor":{"__type__":"cc.Color","r":255,"g":255,"b":255},"pressedColor":{"__type__":"cc.Color","r":255,"g":255,"b":255},"_N$disabledColor":{"__type__":"cc.Color","r":255,"g":255,"b":255},"_N$normalSprite":{"__uuid__":"95U1MffWhCq40cyFQrT6HQ"},"_N$pressedSprite":{"__uuid__":"e97GVMl6JHh5Ml5qEDdSGa"},"pressedSprite":{"__uuid__":"e97GVMl6JHh5Ml5qEDdSGa"},"_N$hoverSprite":{"__uuid__":"f0BIwQ8D5Ml7nTNQbh1YlS"},"hoverSprite":{"__uuid__":"f0BIwQ8D5Ml7nTNQbh1YlS"},"_N$disabledSprite":{"__uuid__":"29FYIk+N1GYaeWH/q1NxQO"},"_N$target":{"__id__":15}}],{"__type__":"cc.SpriteFrame","content":{"name":"item_2","texture":"52DpR968BB6LRuuOms+yYD","rect":[0,0,69,61],"offset":[0,0],"originalSize":[69,61],"capInsets":[0,0,0,0]}}]