{"__type__":"cc.JsonAsset","_name":"enemy","json":[{"runspeed":340,"initBlood":2,"initArmor":0,"initAttackSpeed":1,"powerRadix":1,"rewardType":0,"limitAry":"0","rewardPoint":10,"id":1,"initPower":1,"type":1},{"runspeed":335,"initBlood":2,"initArmor":0,"initAttackSpeed":1,"powerRadix":1,"rewardType":0,"limitAry":"0","rewardPoint":10,"id":2,"initPower":1,"type":1},{"runspeed":305,"initBlood":5,"initArmor":0,"initAttackSpeed":1,"powerRadix":2,"rewardType":0,"limitAry":"0","rewardPoint":10,"id":3,"initPower":1,"type":1},{"runspeed":295,"initBlood":5,"initArmor":0,"initAttackSpeed":1,"powerRadix":2,"rewardType":0,"limitAry":"0","rewardPoint":10,"id":4,"initPower":1,"type":1},{"runspeed":295,"initBlood":5,"initArmor":0,"initAttackSpeed":1,"powerRadix":2,"rewardType":0,"limitAry":"0","rewardPoint":10,"id":5,"initPower":1,"type":1},{"runspeed":300,"initBlood":5,"initArmor":0,"initAttackSpeed":1,"powerRadix":2,"rewardType":0,"limitAry":"0","rewardPoint":10,"id":6,"initPower":1,"type":1},{"runspeed":150,"initBlood":20,"initArmor":0,"initAttackSpeed":1,"powerRadix":2,"rewardType":0,"limitAry":"0","rewardPoint":15,"id":7,"initPower":1.25,"type":2},{"runspeed":150,"initBlood":20,"initArmor":0,"initAttackSpeed":2,"powerRadix":2,"rewardType":0,"limitAry":"0","rewardPoint":15,"id":8,"initPower":1.25,"type":2},{"runspeed":2,"initBlood":500,"initArmor":2.19,"initAttackSpeed":2,"powerRadix":2.5,"rewardType":1,"limitAry":"0","rewardPoint":500,"id":9,"initPower":1.25,"type":3},{"runspeed":2,"initBlood":600,"initArmor":3.19,"initAttackSpeed":2,"powerRadix":3,"rewardType":2,"limitAry":"0","rewardPoint":500,"id":10,"initPower":1.85,"type":3},{"runspeed":2,"initBlood":600,"initArmor":3.55,"initAttackSpeed":2,"powerRadix":3.5,"rewardType":1,"limitAry":"0","rewardPoint":500,"id":11,"initPower":1.85,"type":3},{"runspeed":2,"initBlood":700,"initArmor":5.34,"initAttackSpeed":2,"powerRadix":4.5,"rewardType":2,"limitAry":"0","rewardPoint":500,"id":12,"initPower":3.95,"type":3},{"runspeed":2,"initBlood":800,"initArmor":6.46,"initAttackSpeed":2,"powerRadix":6.5,"rewardType":1,"limitAry":"0","rewardPoint":500,"id":13,"initPower":4.95,"type":3},{"runspeed":2,"initBlood":1000,"initArmor":7.21,"initAttackSpeed":2,"powerRadix":8.5,"rewardType":2,"limitAry":"0","rewardPoint":500,"id":14,"initPower":5.95,"type":3}]}