{"__type__":"cc.JsonAsset","_name":"level_4","json":[{"nextOrderNum":2,"drop":"1#18,2#18,3#18","boomNum":"0","route":"3","num":3,"orderNum":1,"pid":1,"delayTime":0.5,"id":4,"ballistic":"1","enemyID":1,"speed":1.4},{"nextOrderNum":3,"drop":"0","boomNum":"1,2","route":"4","num":3,"orderNum":2,"pid":1,"delayTime":0.5,"id":4,"ballistic":"2","enemyID":4,"speed":1.5},{"nextOrderNum":4,"drop":"1#18,2#0,3#18","boomNum":"0","route":"1#1,2#0,3#2","num":3,"orderNum":3,"pid":1,"delayTime":0.3,"id":4,"ballistic":"0","enemyID":2,"speed":1},{"nextOrderNum":5,"drop":"1#18,2#11,3#18","boomNum":"0","route":"3","num":3,"orderNum":4,"pid":1,"delayTime":1,"id":4,"ballistic":"1","enemyID":3,"speed":1.8},{"nextOrderNum":6,"drop":"18","boomNum":"0","route":"4","num":3,"orderNum":5,"pid":2,"delayTime":1,"id":4,"ballistic":"1","enemyID":4,"speed":1.5},{"nextOrderNum":7,"drop":"1#18,2#15,3#18","boomNum":"1","route":"3","num":3,"orderNum":6,"pid":2,"delayTime":1,"id":4,"ballistic":"0","enemyID":5,"speed":1.8},{"nextOrderNum":8,"drop":"18","boomNum":"0","route":"2","num":3,"orderNum":7,"pid":2,"delayTime":1,"id":4,"ballistic":"2","enemyID":6,"speed":2},{"nextOrderNum":9,"drop":"1#18,2#18,3#0","boomNum":"0","route":"4","num":3,"orderNum":8,"pid":2,"delayTime":1,"id":4,"ballistic":"0","enemyID":3,"speed":1.8},{"nextOrderNum":10,"drop":"1#18,2#6,3#18","boomNum":"0","route":"3","num":3,"orderNum":9,"pid":3,"delayTime":1,"id":4,"ballistic":"0","enemyID":3,"speed":1.8},{"nextOrderNum":11,"drop":"1#18,2#18,3#0","boomNum":"2,3","route":"2","num":3,"orderNum":10,"pid":3,"delayTime":0.4,"id":4,"ballistic":"1","enemyID":1,"speed":2},{"nextOrderNum":12,"drop":"0","boomNum":"0","route":"4","num":3,"orderNum":11,"pid":3,"delayTime":1,"id":4,"ballistic":"0","enemyID":4,"speed":2},{"nextOrderNum":13,"drop":"1#18,2#11,3#6,4#0","boomNum":"0","route":"1#1,2#0,3#2,4#1","num":4,"orderNum":12,"pid":3,"delayTime":2,"id":4,"ballistic":"2","enemyID":8,"speed":2},{"nextOrderNum":14,"drop":"1#18,2#18,3#0,4#18","boomNum":"0","route":"1#2,2#1,3#0,4#0","num":4,"orderNum":13,"pid":4,"delayTime":0.5,"id":4,"ballistic":"1","enemyID":4,"speed":2},{"nextOrderNum":15,"drop":"1#18,2#8,3#18","boomNum":"0","route":"3","num":3,"orderNum":14,"pid":4,"delayTime":0.3,"id":4,"ballistic":"0","enemyID":2,"speed":1.5},{"nextOrderNum":16,"drop":"1#18,2#12,3#18","boomNum":"0","route":"4","num":3,"orderNum":15,"pid":4,"delayTime":1,"id":4,"ballistic":"0","enemyID":3,"speed":1.3},{"nextOrderNum":17,"drop":"0","boomNum":"1,2","route":"1#1,2#0,3#2,4#1","num":4,"orderNum":16,"pid":4,"delayTime":0.5,"id":4,"ballistic":"1","enemyID":4,"speed":1.5},{"nextOrderNum":18,"drop":"1#18,2#0,3#18","boomNum":"0","route":"3","num":3,"orderNum":17,"pid":5,"delayTime":1,"id":4,"ballistic":"1","enemyID":3,"speed":3},{"nextOrderNum":19,"drop":"18","boomNum":"0","route":"4","num":3,"orderNum":18,"pid":5,"delayTime":0.3,"id":4,"ballistic":"1","enemyID":2,"speed":1},{"nextOrderNum":20,"drop":"1#18,2#18,3#0,4#0","boomNum":"0","route":"1#2,2#1,3#0,4#2","num":4,"orderNum":19,"pid":5,"delayTime":0.4,"id":4,"ballistic":"0","enemyID":4,"speed":1.5},{"nextOrderNum":21,"drop":"1#18,2#18,3#0","boomNum":"0","route":"3","num":3,"orderNum":20,"pid":5,"delayTime":0.4,"id":4,"ballistic":"2","enemyID":4,"speed":1},{"nextOrderNum":22,"drop":"1#12,2#0","boomNum":"1,2","route":"1#0,2#1","num":2,"orderNum":21,"pid":6,"delayTime":2,"id":4,"ballistic":"2","enemyID":8,"speed":1.8},{"nextOrderNum":23,"drop":"1#18,2#18,3#0","boomNum":"0","route":"4","num":3,"orderNum":22,"pid":6,"delayTime":0.3,"id":4,"ballistic":"0","enemyID":1,"speed":1},{"nextOrderNum":24,"drop":"1#18,2#0","boomNum":"0","route":"1#1,2#0","num":2,"orderNum":23,"pid":6,"delayTime":2,"id":4,"ballistic":"2","enemyID":8,"speed":3},{"nextOrderNum":25,"drop":"1#6,2#18,3#18,4#18,5#18,6#0","boomNum":"0","route":"1#5,2#6,3#6,4#5,5#6,6#5","num":6,"orderNum":24,"pid":7,"delayTime":0.3,"id":4,"ballistic":"0","enemyID":2,"speed":1.5},{"nextOrderNum":26,"drop":"18","boomNum":"0","route":"1#1,2#0,3#1,4#0","num":4,"orderNum":25,"pid":7,"delayTime":0.4,"id":4,"ballistic":"1","enemyID":1,"speed":1.5},{"nextOrderNum":27,"drop":"1#18,2#11,3#6,4#0","boomNum":"1,3","route":"1#2,2#1,3#2,4#1","num":4,"orderNum":26,"pid":7,"delayTime":0.3,"id":4,"ballistic":"2","enemyID":3,"speed":1.4},{"nextOrderNum":28,"drop":"1#18,2#18,3#0,4#0","boomNum":"0","route":"1#1,2#2,3#0,4#2","num":4,"orderNum":27,"pid":7,"delayTime":0.4,"id":4,"ballistic":"2","enemyID":6,"speed":2},{"nextOrderNum":29,"drop":"1#18,2#0,3#18","boomNum":"0","route":"1","num":3,"orderNum":28,"pid":7,"delayTime":2,"id":4,"ballistic":"2","enemyID":7,"speed":0},{"nextOrderNum":30,"drop":"0","boomNum":"0","route":"6","num":4,"orderNum":29,"pid":8,"delayTime":0.3,"id":4,"ballistic":"0","enemyID":2,"speed":1.3},{"nextOrderNum":31,"drop":"1#18,2#0,3#18,4#18","boomNum":"0","route":"2","num":4,"orderNum":30,"pid":8,"delayTime":0.4,"id":4,"ballistic":"1","enemyID":3,"speed":1.5},{"nextOrderNum":32,"drop":"1#18,2#12,3#0","boomNum":"0","route":"0","num":3,"orderNum":31,"pid":8,"delayTime":2,"id":4,"ballistic":"2","enemyID":7,"speed":4},{"nextOrderNum":33,"drop":"1#18,2#18,3#0","boomNum":"1","route":"0","num":3,"orderNum":32,"pid":9,"delayTime":0.4,"id":4,"ballistic":"0","enemyID":2,"speed":1.3},{"nextOrderNum":34,"drop":"18","boomNum":"0","route":"1","num":4,"orderNum":33,"pid":9,"delayTime":0.3,"id":4,"ballistic":"1","enemyID":1,"speed":1.3},{"nextOrderNum":35,"drop":"1#18,2#0,3#0","boomNum":"0","route":"0","num":3,"orderNum":34,"pid":8,"delayTime":2,"id":4,"ballistic":"2","enemyID":7,"speed":0},{"nextOrderNum":36,"drop":"1#0,2#18,3#0","boomNum":"1","route":"1","num":3,"orderNum":35,"pid":7,"delayTime":2,"id":4,"ballistic":"2","enemyID":8,"speed":0},{"nextOrderNum":37,"drop":"18","boomNum":"0","route":"2","num":3,"orderNum":36,"pid":11,"delayTime":1.6,"id":4,"ballistic":"0","enemyID":4,"speed":4.5},{"nextOrderNum":38,"drop":"1#18,2#18,3#0,4#18","boomNum":"0","route":"2","num":4,"orderNum":37,"pid":11,"delayTime":0.5,"id":4,"ballistic":"2","enemyID":5,"speed":1.5},{"nextOrderNum":39,"drop":"0","boomNum":"1,2","route":"1","num":4,"orderNum":38,"pid":11,"delayTime":0.5,"id":4,"ballistic":"0","enemyID":4,"speed":1.6},{"nextOrderNum":40,"drop":"1#18,2#18,3#0","boomNum":"0","route":"3","num":3,"orderNum":39,"pid":12,"delayTime":0.4,"id":4,"ballistic":"0","enemyID":6,"speed":1},{"nextOrderNum":41,"drop":"1#11,2#0,3#18,4#18","boomNum":"1,2","route":"3","num":4,"orderNum":40,"pid":12,"delayTime":0.4,"id":4,"ballistic":"2","enemyID":3,"speed":1.5},{"nextOrderNum":42,"drop":"1#6,2#18,3#0,4#0","boomNum":"0","route":"4","num":4,"orderNum":41,"pid":12,"delayTime":0.4,"id":4,"ballistic":"0","enemyID":6,"speed":1.5},{"nextOrderNum":43,"drop":"1#18,2#18","boomNum":"1","route":"2","num":2,"orderNum":42,"pid":13,"delayTime":2,"id":4,"ballistic":"2","enemyID":7,"speed":4},{"nextOrderNum":44,"drop":"1#18,2#15,3#11","boomNum":"0","route":"3","num":3,"orderNum":43,"pid":13,"delayTime":0.4,"id":4,"ballistic":"2","enemyID":3,"speed":4},{"nextOrderNum":45,"drop":"18","boomNum":"0","route":"3","num":3,"orderNum":44,"pid":13,"delayTime":0.4,"id":4,"ballistic":"0","enemyID":1,"speed":1.3},{"nextOrderNum":46,"drop":"1#18,2#0,3#8","boomNum":"2,3","route":"4","num":3,"orderNum":45,"pid":14,"delayTime":0.4,"id":4,"ballistic":"1","enemyID":2,"speed":1.5},{"nextOrderNum":47,"drop":"18","boomNum":"0","route":"4","num":3,"orderNum":46,"pid":14,"delayTime":0.4,"id":4,"ballistic":"0","enemyID":4,"speed":1.3},{"nextOrderNum":48,"drop":"1#18,2#0,3#18","boomNum":"0","route":"4","num":3,"orderNum":47,"pid":14,"delayTime":0.4,"id":4,"ballistic":"2","enemyID":4,"speed":1.4},{"nextOrderNum":49,"drop":"1#18,2#0,3#18","boomNum":"2,3","route":"4","num":3,"orderNum":48,"pid":15,"delayTime":0.4,"id":4,"ballistic":"0","enemyID":4,"speed":1.5},{"nextOrderNum":50,"drop":"18","boomNum":"0","route":"3","num":3,"orderNum":49,"pid":15,"delayTime":0.3,"id":4,"ballistic":"1","enemyID":2,"speed":1.6},{"nextOrderNum":51,"drop":"1#18,2#0,3#8","boomNum":"0","route":"3","num":3,"orderNum":50,"pid":15,"delayTime":0.4,"id":4,"ballistic":"2","enemyID":3,"speed":1.5},{"nextOrderNum":52,"drop":"1#18,2#0,3#18,4#18","boomNum":"1,2","route":"6","num":4,"orderNum":51,"pid":16,"delayTime":0.4,"id":4,"ballistic":"0","enemyID":2,"speed":1.5},{"nextOrderNum":53,"drop":"0","boomNum":"0","route":"5","num":4,"orderNum":52,"pid":16,"delayTime":0.4,"id":4,"ballistic":"1","enemyID":4,"speed":0},{"nextOrderNum":54,"drop":"1#18,2#18,3#0,4#0","boomNum":"0","route":"6","num":4,"orderNum":53,"pid":16,"delayTime":0.4,"id":4,"ballistic":"2","enemyID":5,"speed":6},{"nextOrderNum":-1,"drop":"0","boomNum":"0","route":"5","num":1,"orderNum":54,"pid":17,"delayTime":0,"id":4,"ballistic":"1,2","enemyID":12,"speed":33}]}