{"__type__":"cc.JsonAsset","_name":"level_9","json":[{"nextOrderNum":2,"drop":"18","boomNum":"0","route":"4","num":3,"orderNum":1,"pid":1,"delayTime":1,"id":9,"ballistic":"2","enemyID":2,"speed":5},{"nextOrderNum":3,"drop":"11","boomNum":"0","route":"4","num":1,"orderNum":2,"pid":1,"delayTime":0,"id":9,"ballistic":"0","enemyID":3,"speed":2},{"nextOrderNum":4,"drop":"10001","boomNum":"0","route":"0","num":1,"orderNum":3,"pid":1,"delayTime":0,"id":9,"ballistic":"2","enemyID":8,"speed":0},{"nextOrderNum":5,"drop":"10008","boomNum":"1","route":"1","num":1,"orderNum":4,"pid":1,"delayTime":0,"id":9,"ballistic":"2","enemyID":8,"speed":0},{"nextOrderNum":6,"drop":"1#11,2#18,3#18","boomNum":"1,2","route":"3","num":3,"orderNum":5,"pid":1,"delayTime":1,"id":9,"ballistic":"1","enemyID":4,"speed":5},{"nextOrderNum":7,"drop":"10001","boomNum":"0","route":"3","num":1,"orderNum":6,"pid":1,"delayTime":0,"id":9,"ballistic":"1","enemyID":5,"speed":2},{"nextOrderNum":8,"drop":"10010","boomNum":"0","route":"1","num":1,"orderNum":7,"pid":1,"delayTime":0,"id":9,"ballistic":"2","enemyID":8,"speed":0},{"nextOrderNum":9,"drop":"12","boomNum":"0","route":"0","num":1,"orderNum":8,"pid":1,"delayTime":1,"id":9,"ballistic":"2","enemyID":8,"speed":2},{"nextOrderNum":10,"drop":"1#15,2#18,3#6","boomNum":"0","route":"3","num":3,"orderNum":9,"pid":1,"delayTime":1.5,"id":9,"ballistic":"1","enemyID":1,"speed":4},{"nextOrderNum":11,"drop":"18","boomNum":"2,3","route":"2","num":1,"orderNum":10,"pid":1,"delayTime":0,"id":9,"ballistic":"0","enemyID":3,"speed":2},{"nextOrderNum":12,"drop":"1#10001,2#10009","boomNum":"0","route":"1#0,2#2","num":2,"orderNum":11,"pid":6,"delayTime":1,"id":9,"ballistic":"2","enemyID":7,"speed":3},{"nextOrderNum":13,"drop":"18","boomNum":"0","route":"1#2,2#3,3#2,4#4","num":4,"orderNum":12,"pid":7,"delayTime":1,"id":9,"ballistic":"0","enemyID":1,"speed":3},{"nextOrderNum":14,"drop":"18","boomNum":"1","route":"1#2,2#3,3#2,4#4,5#2,6#5,7#6","num":7,"orderNum":13,"pid":7,"delayTime":2,"id":9,"ballistic":"1","enemyID":3,"speed":3},{"nextOrderNum":15,"drop":"1#0,2#0","boomNum":"0","route":"1#5,2#6","num":2,"orderNum":14,"pid":7,"delayTime":0.5,"id":9,"ballistic":"0","enemyID":1,"speed":3},{"nextOrderNum":16,"drop":"18","boomNum":"0","route":"1#3,2#4","num":2,"orderNum":15,"pid":7,"delayTime":0.5,"id":9,"ballistic":"1","enemyID":5,"speed":3},{"nextOrderNum":17,"drop":"10008","boomNum":"0","route":"1#5,2#6","num":2,"orderNum":16,"pid":7,"delayTime":0.5,"id":9,"ballistic":"0","enemyID":5,"speed":3},{"nextOrderNum":18,"drop":"0","boomNum":"0","route":"1#3,2#4","num":2,"orderNum":17,"pid":7,"delayTime":0.5,"id":9,"ballistic":"1","enemyID":3,"speed":1},{"nextOrderNum":19,"drop":"10001","boomNum":"0","route":"1#5,2#6","num":2,"orderNum":18,"pid":7,"delayTime":0.5,"id":9,"ballistic":"0","enemyID":6,"speed":1},{"nextOrderNum":20,"drop":"18","boomNum":"0","route":"1#3,2#4","num":2,"orderNum":19,"pid":7,"delayTime":0.5,"id":9,"ballistic":"0","enemyID":6,"speed":1},{"nextOrderNum":21,"drop":"10008","boomNum":"0","route":"1#5,2#6","num":2,"orderNum":20,"pid":7,"delayTime":0.5,"id":9,"ballistic":"1","enemyID":2,"speed":1},{"nextOrderNum":22,"drop":"1#10008,2#10001,3#10005","boomNum":"3","route":"1#0,2#1,3#2","num":3,"orderNum":21,"pid":8,"delayTime":2,"id":9,"ballistic":"2","enemyID":8,"speed":1},{"nextOrderNum":23,"drop":"1#18,2#8,3#6","boomNum":"0","route":"1#0,2#5,3#6","num":3,"orderNum":22,"pid":9,"delayTime":3,"id":9,"ballistic":"0","enemyID":2,"speed":1},{"nextOrderNum":24,"drop":"1#8,2#10001,3#18","boomNum":"1","route":"4","num":3,"orderNum":23,"pid":1,"delayTime":1.5,"id":9,"ballistic":"1","enemyID":3,"speed":4},{"nextOrderNum":25,"drop":"10008","boomNum":"0","route":"2","num":1,"orderNum":24,"pid":1,"delayTime":0,"id":9,"ballistic":"0","enemyID":4,"speed":2},{"nextOrderNum":26,"drop":"1#8,2#18,3#0,4#11,5#18,6#0","boomNum":"0","route":"4","num":6,"orderNum":25,"pid":1,"delayTime":1,"id":9,"ballistic":"1","enemyID":2,"speed":0},{"nextOrderNum":27,"drop":"1#18,2#18,3#0,4#0,5#0,6#18","boomNum":"1,2","route":"3","num":6,"orderNum":26,"pid":1,"delayTime":1,"id":9,"ballistic":"1","enemyID":5,"speed":0},{"nextOrderNum":28,"drop":"10001","boomNum":"0","route":"2","num":1,"orderNum":27,"pid":1,"delayTime":0,"id":9,"ballistic":"2","enemyID":7,"speed":13},{"nextOrderNum":29,"drop":"1#18,2#18,3#0,4#0,5#18","boomNum":"0","route":"6","num":5,"orderNum":28,"pid":1,"delayTime":2.5,"id":9,"ballistic":"2","enemyID":5,"speed":0},{"nextOrderNum":30,"drop":"1#18,2#18,3#0,4#18,5#0","boomNum":"0","route":"3","num":5,"orderNum":29,"pid":1,"delayTime":2,"id":9,"ballistic":"1","enemyID":4,"speed":13},{"nextOrderNum":31,"drop":"1#6,2#18,3#1","boomNum":"0","route":"4","num":3,"orderNum":30,"pid":1,"delayTime":1,"id":9,"ballistic":"1","enemyID":2,"speed":2},{"nextOrderNum":32,"drop":"0","boomNum":"0","route":"3","num":3,"orderNum":31,"pid":1,"delayTime":1,"id":9,"ballistic":"0","enemyID":1,"speed":3},{"nextOrderNum":33,"drop":"18","boomNum":"0","route":"2","num":3,"orderNum":32,"pid":1,"delayTime":1,"id":9,"ballistic":"1","enemyID":2,"speed":2},{"nextOrderNum":34,"drop":"1#18,2#18,3#0","boomNum":"0","route":"4","num":3,"orderNum":33,"pid":1,"delayTime":1,"id":9,"ballistic":"0","enemyID":3,"speed":3},{"nextOrderNum":35,"drop":"18","boomNum":"1,2","route":"3","num":3,"orderNum":34,"pid":1,"delayTime":1,"id":9,"ballistic":"1","enemyID":4,"speed":3},{"nextOrderNum":36,"drop":"18","boomNum":"0","route":"2","num":3,"orderNum":35,"pid":1,"delayTime":1,"id":9,"ballistic":"1","enemyID":5,"speed":1},{"nextOrderNum":37,"drop":"1#18,2#18,3#10001","boomNum":"0","route":"4","num":3,"orderNum":36,"pid":1,"delayTime":1,"id":9,"ballistic":"1","enemyID":3,"speed":2},{"nextOrderNum":38,"drop":"10001","boomNum":"0","route":"1#1,2#0","num":2,"orderNum":37,"pid":1,"delayTime":2,"id":9,"ballistic":"2","enemyID":8,"speed":3},{"nextOrderNum":39,"drop":"1#18,2#15","boomNum":"1","route":"1#6,2#5","num":2,"orderNum":38,"pid":1,"delayTime":0,"id":9,"ballistic":"1","enemyID":1,"speed":2},{"nextOrderNum":40,"drop":"18","boomNum":"1,2","route":"3","num":3,"orderNum":39,"pid":1,"delayTime":1,"id":9,"ballistic":"0","enemyID":2,"speed":3},{"nextOrderNum":41,"drop":"18","boomNum":"0","route":"4","num":3,"orderNum":40,"pid":1,"delayTime":1,"id":9,"ballistic":"0","enemyID":5,"speed":2},{"nextOrderNum":42,"drop":"18","boomNum":"0","route":"1#1,2#0","num":2,"orderNum":41,"pid":1,"delayTime":1,"id":9,"ballistic":"1","enemyID":3,"speed":0},{"nextOrderNum":43,"drop":"1#18,2#6,3#18","boomNum":"0","route":"3","num":3,"orderNum":42,"pid":1,"delayTime":1,"id":9,"ballistic":"1","enemyID":4,"speed":3},{"nextOrderNum":44,"drop":"18","boomNum":"0","route":"4","num":3,"orderNum":43,"pid":1,"delayTime":1,"id":9,"ballistic":"1","enemyID":3,"speed":2},{"nextOrderNum":45,"drop":"10001","boomNum":"2,3","route":"1#1,2#2","num":2,"orderNum":44,"pid":1,"delayTime":1,"id":9,"ballistic":"0","enemyID":4,"speed":0},{"nextOrderNum":46,"drop":"18","boomNum":"0","route":"3","num":1,"orderNum":45,"pid":1,"delayTime":0,"id":9,"ballistic":"2","enemyID":2,"speed":1},{"nextOrderNum":47,"drop":"1#10010,2#11,3#18","boomNum":"0","route":"1#0,2#1,3#2","num":3,"orderNum":46,"pid":1,"delayTime":1,"id":9,"ballistic":"2","enemyID":8,"speed":4},{"nextOrderNum":48,"drop":"10008","boomNum":"1","route":"1#0,2#1,3#2","num":3,"orderNum":47,"pid":1,"delayTime":1,"id":9,"ballistic":"2","enemyID":7,"speed":4},{"nextOrderNum":49,"drop":"18","boomNum":"0","route":"1#5,2#2,3#6,4#5","num":4,"orderNum":48,"pid":1,"delayTime":1,"id":9,"ballistic":"1","enemyID":2,"speed":1},{"nextOrderNum":50,"drop":"0","boomNum":"0","route":"3","num":1,"orderNum":49,"pid":1,"delayTime":0,"id":9,"ballistic":"1","enemyID":3,"speed":4},{"nextOrderNum":51,"drop":"18","boomNum":"0","route":"1#5,2#2,3#6,4#5","num":4,"orderNum":50,"pid":1,"delayTime":1,"id":9,"ballistic":"1","enemyID":2,"speed":3},{"nextOrderNum":52,"drop":"10008","boomNum":"0","route":"1#5,2#6","num":2,"orderNum":51,"pid":1,"delayTime":3,"id":9,"ballistic":"1","enemyID":3,"speed":4},{"nextOrderNum":53,"drop":"0","boomNum":"0","route":"4","num":1,"orderNum":52,"pid":1,"delayTime":3,"id":9,"ballistic":"1","enemyID":1,"speed":3},{"nextOrderNum":54,"drop":"18","boomNum":"0","route":"1#5,2#2,3#6,4#2","num":4,"orderNum":53,"pid":1,"delayTime":1,"id":9,"ballistic":"1","enemyID":3,"speed":3},{"nextOrderNum":55,"drop":"10008","boomNum":"0","route":"1#5,2#6","num":2,"orderNum":54,"pid":1,"delayTime":3,"id":9,"ballistic":"1","enemyID":2,"speed":3},{"nextOrderNum":56,"drop":"18","boomNum":"3","route":"3","num":4,"orderNum":55,"pid":1,"delayTime":1,"id":9,"ballistic":"2","enemyID":6,"speed":0},{"nextOrderNum":57,"drop":"18","boomNum":"0","route":"6","num":2,"orderNum":56,"pid":1,"delayTime":1,"id":9,"ballistic":"0","enemyID":3,"speed":6},{"nextOrderNum":58,"drop":"10008","boomNum":"1","route":"6","num":1,"orderNum":57,"pid":1,"delayTime":0,"id":9,"ballistic":"0","enemyID":3,"speed":3},{"nextOrderNum":59,"drop":"10001","boomNum":"0","route":"0","num":1,"orderNum":58,"pid":1,"delayTime":0,"id":9,"ballistic":"2","enemyID":7,"speed":0},{"nextOrderNum":60,"drop":"1#18,2#0,3#18,4#18","boomNum":"1,2","route":"6","num":4,"orderNum":59,"pid":1,"delayTime":2.5,"id":9,"ballistic":"1","enemyID":5,"speed":2},{"nextOrderNum":61,"drop":"18","boomNum":"0","route":"5","num":2,"orderNum":60,"pid":1,"delayTime":3,"id":9,"ballistic":"1","enemyID":5,"speed":3},{"nextOrderNum":62,"drop":"10005","boomNum":"0","route":"1","num":1,"orderNum":61,"pid":1,"delayTime":0,"id":9,"ballistic":"2","enemyID":8,"speed":1},{"nextOrderNum":-1,"drop":"0","boomNum":"0","route":"2","num":1,"orderNum":62,"pid":1,"delayTime":0,"id":9,"ballistic":"1,2,3","enemyID":13,"speed":30}]}