[{"__type__":"cc.SpriteFrame","content":{"name":"btn_chuzhan","texture":"bdRX1tFEtCO6U7TTuj6R0p","rect":[0,0,312,94],"offset":[0,0],"originalSize":[312,94],"capInsets":[0,0,0,0]}},{"__type__":"cc.SpriteFrame","content":{"name":"fighting_star","texture":"f2C8eQ4ZlKmLogK/q2HAGF","rect":[0,0,60,56],"offset":[0,0],"originalSize":[60,56],"capInsets":[0,0,0,0]}},{"__type__":"cc.SpriteFrame","content":{"name":"beginfight_plane_world","texture":"3afwn+JElMgLUJaMEn+awk","rect":[964,209,129,38],"offset":[0,0],"originalSize":[129,38],"rotated":1,"capInsets":[0,0,0,0]}},{"__type__":"cc.SpriteFrame","content":{"name":"beginfight_star_bg1","texture":"3afwn+JElMgLUJaMEn+awk","rect":[815,209,218,74],"offset":[0,0],"originalSize":[218,74],"rotated":1,"capInsets":[0,0,0,0]}},{"__type__":"cc.SpriteFrame","content":{"name":"qiandao_fanhui","texture":"c8tN9j67hKyK0G/6rgJwU8","rect":[0,0,112,86],"offset":[0,0],"originalSize":[112,86],"capInsets":[0,0,0,0]}},{"__type__":"cc.SpriteFrame","content":{"name":"plane_1_1","texture":"7dwi6bhENO06lFRfC6C733","rect":[0,0,121,87],"offset":[0,0],"originalSize":[121,87],"capInsets":[0,0,0,0]}},{"__type__":"cc.SpriteFrame","content":{"name":"btn_chuzhan_arrow","texture":"40v/aV0/xGQ6FWPc5EZf57","rect":[0,0,57,85],"offset":[0,0],"originalSize":[57,85],"capInsets":[0,0,0,0]}},{"__type__":"cc.SpriteFrame","content":{"name":"beginfight_plane_bg","texture":"3afwn+JElMgLUJaMEn+awk","rect":[815,2,205,205],"offset":[0,0],"originalSize":[205,205],"capInsets":[0,0,0,0]}},{"__type__":"cc.SpriteFrame","content":{"name":"beginfight_star_bg2","texture":"3afwn+JElMgLUJaMEn+awk","rect":[891,209,208,71],"offset":[0,0],"originalSize":[208,71],"rotated":1,"capInsets":[0,0,0,0]}},{"__type__":"cc.SpriteFrame","content":{"name":"beginfight_bg2","texture":"3afwn+JElMgLUJaMEn+awk","rect":[537,2,276,494],"offset":[0,0],"originalSize":[276,494],"capInsets":[0,0,0,0]}},[{"__type__":"cc.Prefab","_name":"beginFight","data":{"__id__":1}},{"__type__":"cc.Node","_name":"beginFight","_children":[{"__id__":2},{"__id__":3},{"__id__":4},{"__id__":5},{"__id__":6},{"__id__":8},{"__id__":9},{"__id__":10},{"__id__":11},{"__id__":13},{"__id__":17},{"__id__":20},{"__id__":22},{"__id__":24},{"__id__":25},{"__id__":27}],"_level":1,"_components":[{"__type__":"cc.Sprite","node":{"__id__":1},"_type":1,"_sizeMode":0},{"__type__":"cc.Layout","node":{"__id__":1},"_layoutSize":{"__type__":"cc.Size","width":750,"height":1334}},{"__type__":"cc.Widget","node":{"__id__":1},"_alignFlags":45,"_left":-15,"_right":-15,"_top":-27,"_bottom":-27,"_originalWidth":720,"_originalHeight":1280},{"__type__":"9f6f0r84idJIIzOPmcFQjX+","node":{"__id__":1},"txtStar":{"__id__":12},"btn_close":{"__id__":7},"btn_start":{"__id__":19},"scroll_view":{"__id__":16},"spr_plane":{"__id__":23},"btn_left":{"__id__":26},"btn_right":{"__id__":28},"spr_eff":{"__id__":21}}],"_prefab":{"__type__":"cc.PrefabInfo","root":{"__id__":1},"asset":{"__uuid__":"cf3bSTye1G46RunmST/2H/"},"fileId":"6fQgjoKVZIUqKeww4D9mZe"},"_contentSize":{"__type__":"cc.Size","width":750,"height":1334},"_position":{"__type__":"cc.Vec3","x":360,"y":640},"_scale":{"__type__":"cc.Vec3","x":1,"y":1,"z":1},"_zIndex":0},{"__type__":"cc.Node","_name":"bg1","_parent":{"__id__":1},"_level":2,"_components":[{"__type__":"cc.Sprite","node":{"__id__":2},"_spriteFrame":{"__uuid__":"8cSQjYCm1OiJuPqnUlKDTb"}}],"_prefab":{"__type__":"cc.PrefabInfo","root":{"__id__":1},"asset":{"__uuid__":"cf3bSTye1G46RunmST/2H/"},"fileId":"26gPhhMqxBdZ62zLNL0diz"},"_contentSize":{"__type__":"cc.Size","width":276,"height":494},"_position":{"__type__":"cc.Vec3","x":-138,"y":202},"_scale":{"__type__":"cc.Vec3","x":1,"y":1.24,"z":1},"_zIndex":0},{"__type__":"cc.Node","_name":"bg2","_parent":{"__id__":1},"_level":2,"_components":[{"__type__":"cc.Sprite","node":{"__id__":3},"_spriteFrame":{"__uuid__":"da8W/2rCFDL4+ztQ0ZehRg"}}],"_prefab":{"__type__":"cc.PrefabInfo","root":{"__id__":1},"asset":{"__uuid__":"cf3bSTye1G46RunmST/2H/"},"fileId":"6fq+sV16ZPzKE7gje1rY6Y"},"_contentSize":{"__type__":"cc.Size","width":295,"height":533},"_position":{"__type__":"cc.Vec3","x":-148,"y":204},"_scale":{"__type__":"cc.Vec3","x":1,"y":1.24,"z":1},"_zIndex":0},{"__type__":"cc.Node","_name":"bg3","_parent":{"__id__":1},"_level":2,"_components":[{"__type__":"cc.Sprite","node":{"__id__":4},"_spriteFrame":{"__uuid__":"8cSQjYCm1OiJuPqnUlKDTb"}}],"_prefab":{"__type__":"cc.PrefabInfo","root":{"__id__":1},"asset":{"__uuid__":"cf3bSTye1G46RunmST/2H/"},"fileId":"e57sfyritBJ7XJuqzma0wr"},"_contentSize":{"__type__":"cc.Size","width":276,"height":494},"_position":{"__type__":"cc.Vec3","x":137,"y":202},"_scale":{"__type__":"cc.Vec3","x":-1,"y":1.24,"z":1},"_zIndex":0},{"__type__":"cc.Node","_name":"bg4","_parent":{"__id__":1},"_level":2,"_components":[{"__type__":"cc.Sprite","node":{"__id__":5},"_spriteFrame":{"__uuid__":"da8W/2rCFDL4+ztQ0ZehRg"}}],"_prefab":{"__type__":"cc.PrefabInfo","root":{"__id__":1},"asset":{"__uuid__":"cf3bSTye1G46RunmST/2H/"},"fileId":"dfYHJZ4YBCrIDJK5npy9sW"},"_contentSize":{"__type__":"cc.Size","width":295,"height":533},"_position":{"__type__":"cc.Vec3","x":146.5,"y":204.1},"_scale":{"__type__":"cc.Vec3","x":-1,"y":1.24,"z":1},"_zIndex":0},{"__type__":"cc.Node","_name":"btn_close","_parent":{"__id__":1},"_level":2,"_components":[{"__type__":"cc.Sprite","node":{"__id__":6},"_spriteFrame":{"__uuid__":"3c1wj5ZdtGm4xaiSY+kOn8"},"_type":1,"_sizeMode":2},{"__id__":7}],"_prefab":{"__type__":"cc.PrefabInfo","root":{"__id__":1},"asset":{"__uuid__":"cf3bSTye1G46RunmST/2H/"},"fileId":"b9B1bshB9Ev53/FX6Ysxed"},"_contentSize":{"__type__":"cc.Size","width":112,"height":86},"_position":{"__type__":"cc.Vec3","x":230,"y":482},"_scale":{"__type__":"cc.Vec3","x":1,"y":1,"z":1},"_zIndex":0},{"__type__":"cc.Button","node":{"__id__":6},"clickEvents":[{"__type__":"cc.ClickEvent","target":{"__id__":1},"component":"beginFight","handler":"handleBtnClose"}],"_N$transition":3,"transition":3,"_N$normalColor":{"__type__":"cc.Color","r":255,"g":255,"b":255},"_N$pressedColor":{"__type__":"cc.Color","r":255,"g":255,"b":255},"pressedColor":{"__type__":"cc.Color","r":255,"g":255,"b":255},"_N$disabledColor":{"__type__":"cc.Color","r":255,"g":255,"b":255},"_N$normalSprite":{"__uuid__":"f0BIwQ8D5Ml7nTNQbh1YlS"},"_N$pressedSprite":{"__uuid__":"e97GVMl6JHh5Ml5qEDdSGa"},"pressedSprite":{"__uuid__":"e97GVMl6JHh5Ml5qEDdSGa"},"_N$hoverSprite":{"__uuid__":"f0BIwQ8D5Ml7nTNQbh1YlS"},"hoverSprite":{"__uuid__":"f0BIwQ8D5Ml7nTNQbh1YlS"},"_N$disabledSprite":{"__uuid__":"29FYIk+N1GYaeWH/q1NxQO"},"_N$target":{"__id__":6}},{"__type__":"cc.Node","_name":"starbg1","_parent":{"__id__":1},"_level":2,"_components":[{"__type__":"cc.Sprite","node":{"__id__":8},"_spriteFrame":{"__uuid__":"88YNurPzNPNoahF3ks6reb"}}],"_prefab":{"__type__":"cc.PrefabInfo","root":{"__id__":1},"asset":{"__uuid__":"cf3bSTye1G46RunmST/2H/"},"fileId":"31uYT1wtRMtJtftBlhfS71"},"_contentSize":{"__type__":"cc.Size","width":208,"height":71},"_position":{"__type__":"cc.Vec3","x":-128.7,"y":459.5},"_scale":{"__type__":"cc.Vec3","x":1,"y":1,"z":1},"_zIndex":0},{"__type__":"cc.Node","_name":"starbg2","_parent":{"__id__":1},"_level":2,"_components":[{"__type__":"cc.Sprite","node":{"__id__":9},"_spriteFrame":{"__uuid__":"38FXHhyjtNRpnzMCn5KajY"}}],"_prefab":{"__type__":"cc.PrefabInfo","root":{"__id__":1},"asset":{"__uuid__":"cf3bSTye1G46RunmST/2H/"},"fileId":"8659nLhKxNspb3+pepD2iw"},"_contentSize":{"__type__":"cc.Size","width":218,"height":74},"_position":{"__type__":"cc.Vec3","x":-124,"y":457},"_scale":{"__type__":"cc.Vec3","x":1,"y":1,"z":1},"_zIndex":0},{"__type__":"cc.Node","_name":"spStar","_parent":{"__id__":1},"_level":2,"_components":[{"__type__":"cc.Sprite","node":{"__id__":10},"_spriteFrame":{"__uuid__":"18wKG33ixKo7SS0pxX2P2n"}}],"_prefab":{"__type__":"cc.PrefabInfo","root":{"__id__":1},"asset":{"__uuid__":"cf3bSTye1G46RunmST/2H/"},"fileId":"a8EXy+W2RE/oUe4jFV8rel"},"_contentSize":{"__type__":"cc.Size","width":64,"height":62},"_position":{"__type__":"cc.Vec3","x":-198,"y":459},"_scale":{"__type__":"cc.Vec3","x":0.8,"y":0.8,"z":1},"_zIndex":0},{"__type__":"cc.Node","_name":"txtStar","_parent":{"__id__":1},"_level":2,"_components":[{"__id__":12},{"__type__":"cc.LabelOutline","node":{"__id__":11}}],"_prefab":{"__type__":"cc.PrefabInfo","root":{"__id__":1},"asset":{"__uuid__":"cf3bSTye1G46RunmST/2H/"},"fileId":"28zjxgk91LM4eiBIkzoJQm"},"_color":{"__type__":"cc.Color","r":254,"g":254,"b":255},"_contentSize":{"__type__":"cc.Size","width":102.11,"height":36},"_anchorPoint":{"__type__":"cc.Vec2","y":0.5},"_position":{"__type__":"cc.Vec3","x":-158.6,"y":459.8},"_scale":{"__type__":"cc.Vec3","x":1,"y":1,"z":1},"_zIndex":0},{"__type__":"cc.Label","node":{"__id__":11},"_useOriginalSize":false,"_string":"99874","_N$string":"99874","_fontSize":36,"_lineHeight":36,"_N$horizontalAlign":1,"_N$verticalAlign":1},{"__type__":"cc.Node","_name":"scrollview","_parent":{"__id__":1},"_children":[{"__id__":14}],"_level":2,"_components":[{"__id__":16}],"_prefab":{"__type__":"cc.PrefabInfo","root":{"__id__":1},"asset":{"__uuid__":"cf3bSTye1G46RunmST/2H/"},"fileId":"62f2q4g41ERaq3erHPjLiv"},"_contentSize":{"__type__":"cc.Size","width":480,"height":470},"_position":{"__type__":"cc.Vec3","y":160},"_scale":{"__type__":"cc.Vec3","x":1,"y":1,"z":1},"_zIndex":0},{"__type__":"cc.Node","_name":"view","_parent":{"__id__":13},"_children":[{"__id__":15}],"_components":[{"__type__":"cc.Mask","node":{"__id__":14}}],"_prefab":{"__type__":"cc.PrefabInfo","root":{"__id__":1},"asset":{"__uuid__":"cf3bSTye1G46RunmST/2H/"},"fileId":"57LCM4yTZDAJxhAzgooLJA"},"_contentSize":{"__type__":"cc.Size","width":480,"height":470},"_scale":{"__type__":"cc.Vec3","x":1,"y":1,"z":1},"_zIndex":0},{"__type__":"cc.Node","_name":"content","_parent":{"__id__":14},"_prefab":{"__type__":"cc.PrefabInfo","root":{"__id__":1},"asset":{"__uuid__":"cf3bSTye1G46RunmST/2H/"},"fileId":"f5gE72/clC9IJa096Jc5TC"},"_contentSize":{"__type__":"cc.Size","width":480,"height":470},"_anchorPoint":{"__type__":"cc.Vec2","x":0.5,"y":1},"_position":{"__type__":"cc.Vec3","y":235},"_scale":{"__type__":"cc.Vec3","x":1,"y":1,"z":1},"_zIndex":0},{"__type__":"cc.ScrollView","node":{"__id__":13},"horizontal":false,"brake":0.75,"bounceDuration":0.23,"_N$content":{"__id__":15},"content":{"__id__":15},"_N$horizontalScrollBar":null,"_N$verticalScrollBar":null},{"__type__":"cc.Node","_name":"btn_start","_parent":{"__id__":1},"_children":[{"__id__":18}],"_level":2,"_components":[{"__type__":"cc.Sprite","node":{"__id__":17},"_spriteFrame":{"__uuid__":"04SzeizEhPca6Xi0hCelT7"},"_type":1,"_sizeMode":2},{"__id__":19}],"_prefab":{"__type__":"cc.PrefabInfo","root":{"__id__":1},"asset":{"__uuid__":"cf3bSTye1G46RunmST/2H/"},"fileId":"9abh39/gNOAYzNgrmRUyfn"},"_contentSize":{"__type__":"cc.Size","width":312,"height":94},"_position":{"__type__":"cc.Vec3","x":-5,"y":-444},"_scale":{"__type__":"cc.Vec3","x":1,"y":1,"z":1},"_zIndex":0},{"__type__":"cc.Node","_name":"Label","_parent":{"__id__":17},"_components":[{"__type__":"cc.Label","node":{"__id__":18},"_useOriginalSize":false,"_string":"开始游戏","_N$string":"开始游戏","_fontSize":50,"_lineHeight":48,"_enableWrapText":false,"_N$horizontalAlign":1,"_N$verticalAlign":1,"_N$overflow":1},{"__type__":"cc.LabelOutline","node":{"__id__":18}}],"_prefab":{"__type__":"cc.PrefabInfo","root":{"__id__":1},"asset":{"__uuid__":"cf3bSTye1G46RunmST/2H/"},"fileId":"c67Dz8iNdCCr1h+Kita3ky"},"_color":{"__type__":"cc.Color","r":254,"g":254,"b":255},"_contentSize":{"__type__":"cc.Size","width":220,"height":60},"_position":{"__type__":"cc.Vec3","y":8},"_scale":{"__type__":"cc.Vec3","x":1,"y":1,"z":1},"_zIndex":0},{"__type__":"cc.Button","node":{"__id__":17},"clickEvents":[{"__type__":"cc.ClickEvent","target":{"__id__":1},"component":"beginFight","handler":"handleBtnStart"}],"_N$transition":3,"transition":3,"_N$normalColor":{"__type__":"cc.Color","r":255,"g":255,"b":255},"_N$pressedColor":{"__type__":"cc.Color","r":255,"g":255,"b":255},"pressedColor":{"__type__":"cc.Color","r":255,"g":255,"b":255},"_N$disabledColor":{"__type__":"cc.Color","r":255,"g":255,"b":255},"_N$normalSprite":{"__uuid__":"f0BIwQ8D5Ml7nTNQbh1YlS"},"_N$pressedSprite":{"__uuid__":"e97GVMl6JHh5Ml5qEDdSGa"},"pressedSprite":{"__uuid__":"e97GVMl6JHh5Ml5qEDdSGa"},"_N$hoverSprite":{"__uuid__":"f0BIwQ8D5Ml7nTNQbh1YlS"},"hoverSprite":{"__uuid__":"f0BIwQ8D5Ml7nTNQbh1YlS"},"_N$disabledSprite":{"__uuid__":"29FYIk+N1GYaeWH/q1NxQO"},"_N$target":{"__id__":17}},{"__type__":"cc.Node","_name":"spr_eff","_parent":{"__id__":1},"_level":2,"_components":[{"__id__":21}],"_prefab":{"__type__":"cc.PrefabInfo","root":{"__id__":1},"asset":{"__uuid__":"cf3bSTye1G46RunmST/2H/"},"fileId":"c6SuFzyZRD+4rS2deQu6on"},"_contentSize":{"__type__":"cc.Size","width":205,"height":205},"_position":{"__type__":"cc.Vec3","x":-3.4,"y":-257.5},"_scale":{"__type__":"cc.Vec3","x":1,"y":1,"z":1},"_zIndex":0},{"__type__":"cc.Sprite","node":{"__id__":20},"_spriteFrame":{"__uuid__":"6eKbUxC0tIS7VU0Feg7brN"}},{"__type__":"cc.Node","_name":"spr_plane","_parent":{"__id__":1},"_level":2,"_components":[{"__id__":23}],"_prefab":{"__type__":"cc.PrefabInfo","root":{"__id__":1},"asset":{"__uuid__":"cf3bSTye1G46RunmST/2H/"},"fileId":"45QoVfcKRBwq5wsaWeZDHq"},"_contentSize":{"__type__":"cc.Size","width":121,"height":87},"_position":{"__type__":"cc.Vec3","x":-3,"y":-245},"_scale":{"__type__":"cc.Vec3","x":1,"y":1,"z":1},"_zIndex":0},{"__type__":"cc.Sprite","node":{"__id__":22},"_spriteFrame":{"__uuid__":"48K2plMH1Bx40sW7RzT4Y7"}},{"__type__":"cc.Node","_name":"New Sprite","_parent":{"__id__":1},"_level":2,"_components":[{"__type__":"cc.Sprite","node":{"__id__":24},"_spriteFrame":{"__uuid__":"34Vg2FZpFAdrgTnSG4GN/u"}}],"_prefab":{"__type__":"cc.PrefabInfo","root":{"__id__":1},"asset":{"__uuid__":"cf3bSTye1G46RunmST/2H/"},"fileId":"f45og83jFIkbr2z71oL9bu"},"_contentSize":{"__type__":"cc.Size","width":129,"height":38},"_position":{"__type__":"cc.Vec3","x":-2.6,"y":-341.4},"_scale":{"__type__":"cc.Vec3","x":1,"y":1,"z":1},"_zIndex":0},{"__type__":"cc.Node","_name":"btn_left","_parent":{"__id__":1},"_level":2,"_components":[{"__type__":"cc.Sprite","node":{"__id__":25},"_spriteFrame":{"__uuid__":"53ovbPq3lKlpAhZbmXycOW"}},{"__type__":"cc.Animation","node":{"__id__":25},"_defaultClip":{"__uuid__":"26CqtlVk9CaIfDT0KDDlPc"},"_clips":[{"__uuid__":"26CqtlVk9CaIfDT0KDDlPc"}],"playOnLoad":true},{"__id__":26}],"_prefab":{"__type__":"cc.PrefabInfo","root":{"__id__":1},"asset":{"__uuid__":"cf3bSTye1G46RunmST/2H/"},"fileId":"acelS4xuxF0qxd3+eBoROo"},"_contentSize":{"__type__":"cc.Size","width":57,"height":85},"_position":{"__type__":"cc.Vec3","x":-177,"y":-249},"_scale":{"__type__":"cc.Vec3","x":-1,"y":1,"z":1},"_zIndex":0},{"__type__":"cc.Button","node":{"__id__":25},"clickEvents":[{"__type__":"cc.ClickEvent","target":{"__id__":1},"component":"beginFight","handler":"onBtnLeft"}],"_N$enableAutoGrayEffect":true,"_N$target":{"__id__":25}},{"__type__":"cc.Node","_name":"btn_right","_parent":{"__id__":1},"_level":2,"_components":[{"__type__":"cc.Sprite","node":{"__id__":27},"_spriteFrame":{"__uuid__":"53ovbPq3lKlpAhZbmXycOW"}},{"__type__":"cc.Animation","node":{"__id__":27},"_defaultClip":{"__uuid__":"26CqtlVk9CaIfDT0KDDlPc"},"_clips":[{"__uuid__":"26CqtlVk9CaIfDT0KDDlPc"}],"playOnLoad":true},{"__id__":28}],"_prefab":{"__type__":"cc.PrefabInfo","root":{"__id__":1},"asset":{"__uuid__":"cf3bSTye1G46RunmST/2H/"},"fileId":"71IEpr1nxM7oUSn1/2DYeu"},"_contentSize":{"__type__":"cc.Size","width":57,"height":85},"_position":{"__type__":"cc.Vec3","x":173,"y":-248},"_scale":{"__type__":"cc.Vec3","x":1,"y":1,"z":1},"_zIndex":0},{"__type__":"cc.Button","node":{"__id__":27},"clickEvents":[{"__type__":"cc.ClickEvent","target":{"__id__":1},"component":"beginFight","handler":"onBtnRight"}],"_N$enableAutoGrayEffect":true,"_N$target":{"__id__":27}}],{"__type__":"cc.SpriteFrame","content":{"name":"beginfight_bg1","texture":"3afwn+JElMgLUJaMEn+awk","rect":[2,2,295,533],"offset":[0,0],"originalSize":[295,533],"rotated":1,"capInsets":[0,0,0,0]}}]