{"__type__":"cc.JsonAsset","_name":"level_1","json":[{"nextOrderNum":2,"drop":"1#18,2#18,3#0,4#18","boomNum":"0","route":"4","num":6,"orderNum":1,"pid":1,"delayTime":0.3,"id":1,"ballistic":"0","enemyID":1,"speed":0},{"nextOrderNum":3,"drop":"0","boomNum":"0","route":"1004","num":1,"orderNum":2,"pid":1,"delayTime":1,"id":1,"ballistic":"0","enemyID":1,"speed":1.5},{"nextOrderNum":4,"drop":"0","boomNum":"0","route":"1103","num":4,"orderNum":3,"pid":1,"delayTime":1,"id":1,"ballistic":"2","enemyID":1,"speed":3},{"nextOrderNum":5,"drop":"18","boomNum":"0","route":"1#3,2#4","num":2,"orderNum":4,"pid":1,"delayTime":0.4,"id":1,"ballistic":"0","enemyID":2,"speed":2},{"nextOrderNum":6,"drop":"1#11,2#18","boomNum":"0","route":"1#3,2#4","num":2,"orderNum":5,"pid":1,"delayTime":0.4,"id":1,"ballistic":"0","enemyID":1,"speed":1},{"nextOrderNum":7,"drop":"0","boomNum":"0","route":"2","num":1,"orderNum":6,"pid":1,"delayTime":2,"id":1,"ballistic":"0","enemyID":2,"speed":0},{"nextOrderNum":8,"drop":"0","boomNum":"0","route":"1006","num":1,"orderNum":7,"pid":2,"delayTime":1,"id":1,"ballistic":"0","enemyID":1,"speed":1},{"nextOrderNum":9,"drop":"10009","boomNum":"0","route":"2","num":1,"orderNum":8,"pid":2,"delayTime":0.8,"id":1,"ballistic":"0","enemyID":7,"speed":0},{"nextOrderNum":10,"drop":"0","boomNum":"0","route":"1#0,2#1","num":2,"orderNum":9,"pid":0,"delayTime":0.8,"id":1,"ballistic":"0","enemyID":2,"speed":3.5},{"nextOrderNum":11,"drop":"1#18,2#18,3#11,4#18,5#18,6#0","boomNum":"0","route":"3","num":6,"orderNum":10,"pid":2,"delayTime":0.3,"id":1,"ballistic":"0","enemyID":2,"speed":3.5},{"nextOrderNum":12,"drop":"0","boomNum":"0","route":"4","num":6,"orderNum":11,"pid":2,"delayTime":0.3,"id":1,"ballistic":"0","enemyID":1,"speed":0},{"nextOrderNum":13,"drop":"0","boomNum":"0","route":"1001","num":1,"orderNum":12,"pid":2,"delayTime":1,"id":1,"ballistic":"0","enemyID":1,"speed":1},{"nextOrderNum":14,"drop":"0","boomNum":"0","route":"1102","num":1,"orderNum":13,"pid":2,"delayTime":1,"id":1,"ballistic":"2","enemyID":1,"speed":1.5},{"nextOrderNum":15,"drop":"0","boomNum":"0","route":"1010","num":1,"orderNum":14,"pid":2,"delayTime":1,"id":1,"ballistic":"0","enemyID":1,"speed":2.5},{"nextOrderNum":16,"drop":"0","boomNum":"0","route":"1009","num":1,"orderNum":15,"pid":3,"delayTime":1,"id":1,"ballistic":"0","enemyID":1,"speed":4},{"nextOrderNum":17,"drop":"10009","boomNum":"0","route":"2","num":1,"orderNum":16,"pid":3,"delayTime":0.8,"id":1,"ballistic":"0","enemyID":7,"speed":5},{"nextOrderNum":18,"drop":"0","boomNum":"0","route":"3","num":8,"orderNum":17,"pid":3,"delayTime":0.3,"id":1,"ballistic":"0","enemyID":1,"speed":2.5},{"nextOrderNum":19,"drop":"1#18,2#18,3#0,4#18,5#18,6#0,7#0,8#0","boomNum":"0","route":"4","num":8,"orderNum":18,"pid":4,"delayTime":0.3,"id":1,"ballistic":"0","enemyID":2,"speed":1},{"nextOrderNum":20,"drop":"0","boomNum":"0","route":"1010","num":1,"orderNum":19,"pid":4,"delayTime":1,"id":1,"ballistic":"0","enemyID":1,"speed":1.5},{"nextOrderNum":21,"drop":"18","boomNum":"0","route":"1#0,2#1","num":2,"orderNum":20,"pid":4,"delayTime":0.3,"id":1,"ballistic":"0","enemyID":1,"speed":1},{"nextOrderNum":22,"drop":"0","boomNum":"0","route":"1011","num":1,"orderNum":21,"pid":5,"delayTime":1,"id":1,"ballistic":"0","enemyID":2,"speed":2},{"nextOrderNum":23,"drop":"18","boomNum":"0","route":"0","num":3,"orderNum":22,"pid":5,"delayTime":0.5,"id":1,"ballistic":"0","enemyID":2,"speed":2},{"nextOrderNum":24,"drop":"18","boomNum":"0","route":"1","num":3,"orderNum":23,"pid":7,"delayTime":0.5,"id":1,"ballistic":"0","enemyID":1,"speed":1.5},{"nextOrderNum":25,"drop":"18","boomNum":"0","route":"0","num":1,"orderNum":24,"pid":7,"delayTime":0,"id":1,"ballistic":"0","enemyID":7,"speed":0},{"nextOrderNum":26,"drop":"18","boomNum":"0","route":"2","num":1,"orderNum":25,"pid":7,"delayTime":0,"id":1,"ballistic":"0","enemyID":1,"speed":0},{"nextOrderNum":27,"drop":"0","boomNum":"0","route":"1003","num":1,"orderNum":26,"pid":7,"delayTime":0,"id":1,"ballistic":"0","enemyID":1,"speed":2},{"nextOrderNum":28,"drop":"0","boomNum":"0","route":"1004","num":1,"orderNum":27,"pid":7,"delayTime":0,"id":1,"ballistic":"0","enemyID":1,"speed":5},{"nextOrderNum":-1,"drop":"0","boomNum":"0","route":"2","num":1,"orderNum":28,"pid":13,"delayTime":3,"id":1,"ballistic":"1,2,3","enemyID":9,"speed":35}]}