[{"__type__":"cc.SpriteFrame","content":{"name":"beginfight_star_gray","texture":"3afwn+JElMgLUJaMEn+awk","rect":[964,395,40,37],"offset":[0,0],"originalSize":[40,37],"capInsets":[0,0,0,0]}},{"__type__":"cc.SpriteFrame","content":{"name":"beginfight_dire","texture":"3afwn+JElMgLUJaMEn+awk","rect":[499,299,36,103],"offset":[0,0],"originalSize":[36,103],"capInsets":[0,0,0,0]}},{"__type__":"cc.SpriteFrame","content":{"name":"beginfight_plane_world","texture":"3afwn+JElMgLUJaMEn+awk","rect":[964,209,129,38],"offset":[0,0],"originalSize":[129,38],"rotated":1,"capInsets":[0,0,0,0]}},{"__type__":"cc.SpriteFrame","content":{"name":"beginfight_star_bg1","texture":"3afwn+JElMgLUJaMEn+awk","rect":[815,209,218,74],"offset":[0,0],"originalSize":[218,74],"rotated":1,"capInsets":[0,0,0,0]}},{"__type__":"cc.SpriteFrame","content":{"name":"beginfight_item_bg","texture":"3afwn+JElMgLUJaMEn+awk","rect":[2,422,473,101],"offset":[0,0],"originalSize":[473,101],"capInsets":[0,0,0,0]}},{"__type__":"cc.SpriteFrame","content":{"name":"beginfight_plane_bg","texture":"3afwn+JElMgLUJaMEn+awk","rect":[815,2,205,205],"offset":[0,0],"originalSize":[205,205],"capInsets":[0,0,0,0]}},{"__type__":"cc.SpriteFrame","content":{"name":"beginfight_star_bg2","texture":"3afwn+JElMgLUJaMEn+awk","rect":[891,209,208,71],"offset":[0,0],"originalSize":[208,71],"rotated":1,"capInsets":[0,0,0,0]}},{"__type__":"cc.SpriteFrame","content":{"name":"beginfight_bg2","texture":"3afwn+JElMgLUJaMEn+awk","rect":[537,2,276,494],"offset":[0,0],"originalSize":[276,494],"capInsets":[0,0,0,0]}},{"__type__":"cc.SpriteAtlas","_name":"beginfight.plist","_spriteFrames":{"beginfight_bg1":{"__uuid__":"da8W/2rCFDL4+ztQ0ZehRg"},"beginfight_bg2":{"__uuid__":"8cSQjYCm1OiJuPqnUlKDTb"},"beginfight_close":{"__uuid__":"97+m48iVBCqr/SqX+5Qbk/"},"beginfight_dire":{"__uuid__":"21bR7e425Ecruzr24PsUI6"},"beginfight_item_bg":{"__uuid__":"482eLkG6tJxblMBWwPLgCL"},"beginfight_item_choose":{"__uuid__":"efFwhPARdCkZYnKFdKNnxz"},"beginfight_plane_bg":{"__uuid__":"6eKbUxC0tIS7VU0Feg7brN"},"beginfight_plane_world":{"__uuid__":"34Vg2FZpFAdrgTnSG4GN/u"},"beginfight_selected":{"__uuid__":"f9bx2MEGJC+7lQttH134EH"},"beginfight_star_bg1":{"__uuid__":"38FXHhyjtNRpnzMCn5KajY"},"beginfight_star_bg2":{"__uuid__":"88YNurPzNPNoahF3ks6reb"},"beginfight_star_gray":{"__uuid__":"08yTVcJElNtZzB+WevQ6nd"}}},{"__type__":"cc.SpriteFrame","content":{"name":"beginfight_close","texture":"3afwn+JElMgLUJaMEn+awk","rect":[815,429,65,65],"offset":[0,0],"originalSize":[65,65],"capInsets":[0,0,0,0]}},{"__type__":"cc.SpriteFrame","content":{"name":"beginfight_bg1","texture":"3afwn+JElMgLUJaMEn+awk","rect":[2,2,295,533],"offset":[0,0],"originalSize":[295,533],"rotated":1,"capInsets":[0,0,0,0]}},{"__type__":"cc.SpriteFrame","content":{"name":"beginfight_item_choose","texture":"3afwn+JElMgLUJaMEn+awk","rect":[2,299,495,121],"offset":[0,0],"originalSize":[495,121],"capInsets":[0,0,0,0]}},{"__type__":"cc.SpriteFrame","content":{"name":"beginfight_selected","texture":"3afwn+JElMgLUJaMEn+awk","rect":[964,340,52,53],"offset":[0,0],"originalSize":[52,53],"capInsets":[0,0,0,0]}}]