{"__type__":"cc.JsonAsset","_name":"BossGift","json":[{"reward":18,"other":1,"id":1},{"reward":18,"other":2,"id":2},{"reward":18,"other":3,"id":3},{"reward":18,"other":4,"id":4},{"reward":18,"other":5,"id":5},{"reward":18,"other":6,"id":6},{"reward":18,"other":7,"id":7},{"reward":18,"other":8,"id":8},{"reward":18,"other":1,"id":9},{"reward":18,"other":2,"id":10},{"reward":18,"other":3,"id":11},{"reward":18,"other":4,"id":12},{"reward":6,"other":5,"id":13},{"reward":18,"other":6,"id":14},{"reward":18,"other":7,"id":15},{"reward":15,"other":8,"id":16},{"reward":18,"other":1,"id":17},{"reward":18,"other":2,"id":18},{"reward":18,"other":3,"id":19},{"reward":18,"other":4,"id":20},{"reward":18,"other":5,"id":21},{"reward":18,"other":6,"id":22},{"reward":18,"other":7,"id":23},{"reward":11,"other":8,"id":24},{"reward":18,"other":1,"id":25},{"reward":18,"other":2,"id":26},{"reward":18,"other":3,"id":27},{"reward":18,"other":4,"id":28},{"reward":6,"other":5,"id":29},{"reward":18,"other":6,"id":30},{"reward":18,"other":7,"id":31},{"reward":18,"other":8,"id":32},{"reward":18,"other":1,"id":33},{"reward":18,"other":2,"id":34},{"reward":18,"other":3,"id":35},{"reward":18,"other":4,"id":36},{"reward":1,"other":5,"id":37},{"reward":18,"other":6,"id":38},{"reward":18,"other":7,"id":39},{"reward":18,"other":8,"id":40},{"reward":15,"other":1,"id":41},{"reward":18,"other":2,"id":42},{"reward":18,"other":3,"id":43},{"reward":18,"other":4,"id":44},{"reward":18,"other":5,"id":45},{"reward":18,"other":6,"id":46},{"reward":6,"other":7,"id":47},{"reward":18,"other":8,"id":48},{"reward":18,"other":1,"id":49},{"reward":18,"other":2,"id":50},{"reward":18,"other":3,"id":51},{"reward":18,"other":4,"id":52},{"reward":18,"other":5,"id":53},{"reward":18,"other":6,"id":54},{"reward":18,"other":7,"id":55},{"reward":18,"other":8,"id":56},{"reward":18,"other":1,"id":57},{"reward":18,"other":2,"id":58},{"reward":6,"other":3,"id":59},{"reward":18,"other":4,"id":60},{"reward":18,"other":5,"id":61},{"reward":18,"other":6,"id":62},{"reward":18,"other":7,"id":63},{"reward":18,"other":8,"id":64},{"reward":18,"other":1,"id":65},{"reward":18,"other":2,"id":66},{"reward":15,"other":3,"id":67},{"reward":18,"other":4,"id":68},{"reward":18,"other":5,"id":69},{"reward":18,"other":6,"id":70},{"reward":18,"other":7,"id":71},{"reward":18,"other":8,"id":72},{"reward":18,"other":1,"id":73},{"reward":18,"other":2,"id":74},{"reward":18,"other":3,"id":75},{"reward":18,"other":4,"id":76},{"reward":18,"other":5,"id":77},{"reward":18,"other":6,"id":78},{"reward":18,"other":7,"id":79},{"reward":6,"other":8,"id":80}]}