{"__type__":"cc.JsonAsset","_name":"levels","json":[{"nextOrderNum":2,"drop":"0","route":"1#0,2#1,3#2","num":3,"orderNum":1,"pid":1,"delayTime":0,"id":1,"ballistic":"0","enemyID":1,"speed":3},{"nextOrderNum":3,"drop":"0","route":"1#0,2#1","num":2,"orderNum":2,"pid":1,"delayTime":2,"id":1,"ballistic":"0","enemyID":1,"speed":3},{"nextOrderNum":4,"drop":"18","route":"1#1,2#0","num":2,"orderNum":3,"pid":1,"delayTime":2,"id":1,"ballistic":"1","enemyID":1,"speed":3},{"nextOrderNum":5,"drop":"0","route":"1#0,2#1,3#2","num":3,"orderNum":4,"pid":1,"delayTime":0,"id":1,"ballistic":"1","enemyID":1,"speed":1},{"nextOrderNum":6,"drop":"0","route":"1#0,2#1,3#2","num":3,"orderNum":5,"pid":2,"delayTime":0,"id":1,"ballistic":"1","enemyID":1,"speed":2},{"nextOrderNum":7,"drop":"18","route":"1#2,2#2","num":2,"orderNum":6,"pid":2,"delayTime":3,"id":1,"ballistic":"0","enemyID":1,"speed":3},{"nextOrderNum":8,"drop":"18","route":"1#3,2#3,3#4,4#4","num":4,"orderNum":7,"pid":0,"delayTime":1,"id":1,"ballistic":"1","enemyID":1,"speed":2},{"nextOrderNum":9,"drop":"18","route":"1#0,2#1","num":2,"orderNum":8,"pid":2,"delayTime":5,"id":1,"ballistic":"0","enemyID":1,"speed":3},{"nextOrderNum":10,"drop":"0","route":"1#0,2#1,3#2","num":3,"orderNum":9,"pid":2,"delayTime":1,"id":1,"ballistic":"1","enemyID":1,"speed":3},{"nextOrderNum":11,"drop":"1#18,2#11","route":"1#1,2#2","num":2,"orderNum":10,"pid":2,"delayTime":2,"id":1,"ballistic":"0","enemyID":8,"speed":4},{"nextOrderNum":12,"drop":"0","route":"1#0,2#1,2#2","num":3,"orderNum":11,"pid":2,"delayTime":2,"id":1,"ballistic":"1","enemyID":1,"speed":2},{"nextOrderNum":13,"drop":"0","route":"1#3,2#3,3#3","num":3,"orderNum":12,"pid":3,"delayTime":1,"id":1,"ballistic":"0","enemyID":1,"speed":2},{"nextOrderNum":14,"drop":"18","route":"1#4,2#4,3#4","num":2,"orderNum":13,"pid":3,"delayTime":1,"id":1,"ballistic":"1","enemyID":1,"speed":2},{"nextOrderNum":15,"drop":"0","route":"1#3,2#4","num":2,"orderNum":14,"pid":3,"delayTime":0,"id":1,"ballistic":"2","enemyID":7,"speed":2},{"nextOrderNum":16,"drop":"0","route":"1#4,2#4,3#4","num":3,"orderNum":15,"pid":4,"delayTime":1,"id":1,"ballistic":"0","enemyID":1,"speed":2},{"nextOrderNum":17,"drop":"18","route":"1#3,2#3,3#3","num":2,"orderNum":16,"pid":4,"delayTime":1,"id":1,"ballistic":"1","enemyID":1,"speed":2},{"nextOrderNum":18,"drop":"0","route":"1#0,2#2","num":2,"orderNum":17,"pid":4,"delayTime":0,"id":1,"ballistic":"0","enemyID":8,"speed":3},{"nextOrderNum":19,"drop":"15","route":"1#5,2#6,3#3,4#4,5#0,6#1","num":6,"orderNum":18,"pid":5,"delayTime":0,"id":1,"ballistic":"0","enemyID":1,"speed":3},{"nextOrderNum":20,"drop":"18","route":"5","num":2,"orderNum":19,"pid":5,"delayTime":1,"id":1,"ballistic":"1","enemyID":1,"speed":3},{"nextOrderNum":21,"drop":"18","route":"1#5,2#6","num":2,"orderNum":20,"pid":5,"delayTime":3,"id":1,"ballistic":"2","enemyID":7,"speed":3},{"nextOrderNum":22,"drop":"0","route":"6","num":4,"orderNum":21,"pid":6,"delayTime":1,"id":1,"ballistic":"0","enemyID":1,"speed":0},{"nextOrderNum":23,"drop":"0","route":"1","num":1,"orderNum":22,"pid":6,"delayTime":0,"id":1,"ballistic":"0","enemyID":1,"speed":0},{"nextOrderNum":24,"drop":"1#18,2#11","route":"1#0,2#2","num":2,"orderNum":23,"pid":6,"delayTime":1,"id":1,"ballistic":"2","enemyID":7,"speed":3},{"nextOrderNum":25,"drop":"0","route":"1#2,2#3,3#2,4#4","num":4,"orderNum":24,"pid":7,"delayTime":1,"id":1,"ballistic":"0","enemyID":1,"speed":3},{"nextOrderNum":26,"drop":"18","route":"1#2,2#3,3#2,4#4,5#2,6#5,7#6","num":7,"orderNum":25,"pid":7,"delayTime":2,"id":1,"ballistic":"1","enemyID":1,"speed":3},{"nextOrderNum":27,"drop":"0","route":"1#5,2#6","num":2,"orderNum":26,"pid":7,"delayTime":0.5,"id":1,"ballistic":"0","enemyID":1,"speed":3},{"nextOrderNum":28,"drop":"18","route":"1#3,2#4","num":2,"orderNum":27,"pid":7,"delayTime":0.5,"id":1,"ballistic":"1","enemyID":1,"speed":3},{"nextOrderNum":29,"drop":"0","route":"1#5,2#6","num":2,"orderNum":28,"pid":7,"delayTime":0.5,"id":1,"ballistic":"0","enemyID":1,"speed":3},{"nextOrderNum":30,"drop":"18","route":"1#3,2#4","num":2,"orderNum":29,"pid":7,"delayTime":0.5,"id":1,"ballistic":"1","enemyID":1,"speed":1},{"nextOrderNum":31,"drop":"0","route":"1#5,2#6","num":2,"orderNum":30,"pid":7,"delayTime":0.5,"id":1,"ballistic":"0","enemyID":1,"speed":1},{"nextOrderNum":32,"drop":"18","route":"1#3,2#4","num":2,"orderNum":31,"pid":7,"delayTime":0.5,"id":1,"ballistic":"0","enemyID":1,"speed":1},{"nextOrderNum":33,"drop":"0","route":"1#5,2#6","num":2,"orderNum":32,"pid":7,"delayTime":0.5,"id":1,"ballistic":"1","enemyID":1,"speed":1},{"nextOrderNum":34,"drop":"18","route":"1#0,2#1,3#2","num":3,"orderNum":33,"pid":8,"delayTime":2,"id":1,"ballistic":"1","enemyID":8,"speed":1},{"nextOrderNum":35,"drop":"18","route":"1#0,2#5,3#6","num":3,"orderNum":34,"pid":9,"delayTime":3,"id":1,"ballistic":"0","enemyID":1,"speed":1},{"nextOrderNum":36,"drop":"18","route":"3","num":3,"orderNum":35,"pid":10,"delayTime":1,"id":1,"ballistic":"1","enemyID":1,"speed":2},{"nextOrderNum":37,"drop":"0","route":"4","num":3,"orderNum":36,"pid":11,"delayTime":1,"id":1,"ballistic":"0","enemyID":1,"speed":1},{"nextOrderNum":38,"drop":"18","route":"1#0,2#5,3#6","num":3,"orderNum":37,"pid":12,"delayTime":2,"id":1,"ballistic":"1","enemyID":1,"speed":5},{"nextOrderNum":-1,"drop":"0","route":"2","num":1,"orderNum":38,"pid":13,"delayTime":3,"id":1,"ballistic":"1,2,3","enemyID":9,"speed":35}]}