[[{"__type__":"cc.SceneAsset","_name":"Tmp","scene":{"__id__":1},"asyncLoadAssets":null},{"__type__":"cc.Scene","_name":"New Node","_children":[{"__id__":2}],"_anchorPoint":{"__type__":"cc.Vec2"},"_scale":{"__type__":"cc.Vec3","x":0.4413933108168398,"y":0.4413933108168398,"z":1},"_zIndex":0,"autoReleaseAssets":null},{"__type__":"cc.Node","_name":"Canvas","_parent":{"__id__":1},"_children":[{"__id__":3},{"__id__":5},{"__id__":6},{"__id__":7}],"_components":[{"__type__":"cc.Canvas","node":{"__id__":2},"_designResolution":{"__type__":"cc.Size","width":720,"height":1280},"_fitWidth":true,"_fitHeight":false}],"_contentSize":{"__type__":"cc.Size","width":720,"height":1280},"_position":{"__type__":"cc.Vec3","x":360,"y":640},"_scale":{"__type__":"cc.Vec3","x":1,"y":1,"z":1},"_zIndex":0,"_id":"81YfoiX69FbpdLPXbLj6k1"},{"__type__":"cc.Node","_name":"Main Camera","_parent":{"__id__":2},"_level":1,"_components":[{"__type__":"cc.Camera","node":{"__id__":3},"_clearFlags":7,"_depth":-1},{"__type__":"5bb707G8ChE3pV5u7Qx78kb","node":{"__id__":3},"spr_bg":{"__id__":4},"nod_mask":{"__id__":6},"nod_loading":{"__id__":7},"lab_process":{"__id__":10},"lab_desc":{"__id__":12}}],"_scale":{"__type__":"cc.Vec3","x":1,"y":1,"z":1},"_zIndex":0},{"__type__":"cc.Sprite","node":{"__id__":5},"_spriteFrame":{"__uuid__":"8fss9po1BEQqLZEhgLzjqk"},"_sizeMode":0},{"__type__":"cc.Node","_name":"spr_bg","_parent":{"__id__":2},"_level":1,"_components":[{"__id__":4}],"_contentSize":{"__type__":"cc.Size","width":720,"height":1600},"_scale":{"__type__":"cc.Vec3","x":1,"y":1,"z":1},"_zIndex":0},{"__type__":"cc.Node","_name":"nod_mask","_parent":{"__id__":2},"_level":1,"_contentSize":{"__type__":"cc.Size","width":720,"height":1280},"_scale":{"__type__":"cc.Vec3","x":1,"y":1,"z":1},"_zIndex":0},{"__type__":"cc.Node","_name":"nod_loading","_parent":{"__id__":2},"_children":[{"__id__":8},{"__id__":9},{"__id__":11}],"_level":1,"_scale":{"__type__":"cc.Vec3","x":1,"y":1,"z":1},"_zIndex":0},{"__type__":"cc.Node","_name":"New Sprite","_parent":{"__id__":7},"_level":2,"_components":[{"__type__":"cc.Sprite","node":{"__id__":8},"_spriteFrame":{"__uuid__":"c6kEp5QFVMcLz6WnZeHH65"}}],"_contentSize":{"__type__":"cc.Size","width":149,"height":124},"_position":{"__type__":"cc.Vec3","x":1,"y":102},"_scale":{"__type__":"cc.Vec3","x":1,"y":1,"z":1},"_zIndex":0},{"__type__":"cc.Node","_name":"lab_process","_parent":{"__id__":7},"_level":2,"_components":[{"__id__":10},{"__type__":"cc.LabelOutline","node":{"__id__":9},"_color":{"__type__":"cc.Color","r":88,"g":142,"b":224},"_width":0.2}],"_color":{"__type__":"cc.Color","r":88,"g":142,"b":224},"_contentSize":{"__type__":"cc.Size","width":60.44,"height":30},"_position":{"__type__":"cc.Vec3","x":-2,"y":-13},"_scale":{"__type__":"cc.Vec3","x":1,"y":1,"z":1},"_zIndex":0},{"__type__":"cc.Label","node":{"__id__":9},"_useOriginalSize":false,"_string":"25%","_N$string":"25%","_fontSize":30,"_lineHeight":30,"_N$horizontalAlign":1,"_N$verticalAlign":1},{"__type__":"cc.Node","_name":"lab_desc","_parent":{"__id__":7},"_level":2,"_components":[{"__id__":12},{"__type__":"cc.LabelOutline","node":{"__id__":11},"_color":{"__type__":"cc.Color","r":88,"g":142,"b":224},"_width":0.2}],"_color":{"__type__":"cc.Color","r":88,"g":142,"b":224},"_contentSize":{"__type__":"cc.Size","width":385.4,"height":30},"_position":{"__type__":"cc.Vec3","x":15.5,"y":-333.8},"_scale":{"__type__":"cc.Vec3","x":1,"y":1,"z":1},"_zIndex":0},{"__type__":"cc.Label","node":{"__id__":11},"_useOriginalSize":false,"_string":"正在拼命加载资源，请稍后...","_N$string":"正在拼命加载资源，请稍后...","_fontSize":30,"_lineHeight":30,"_N$horizontalAlign":1,"_N$verticalAlign":1}],{"__type__":"cc.SpriteFrame","content":{"name":"plane_4_1","texture":"5bJLZ00AtO4ZDGFxwz/dlJ","rect":[0,0,149,124],"offset":[0,0],"originalSize":[149,124],"capInsets":[0,0,0,0]}}]