[{"__type__":"cc.SpriteFrame","content":{"name":"eff_shield_1","texture":"fc8902CuZC2om/bHdMYE2i","rect":[250,746,246,246],"offset":[1,1],"originalSize":[256,256],"capInsets":[0,0,0,0]}},[{"__type__":"cc.Prefab","_name":"shieldEff","data":{"__id__":1}},{"__type__":"cc.Node","_name":"shieldEff","_children":[{"__id__":2},{"__id__":3}],"_level":1,"_prefab":{"__type__":"cc.PrefabInfo","root":{"__id__":1},"asset":{"__uuid__":"1eNLkU5J5GZLZkenZGYUEw"},"fileId":"1cS4NKE79BkqzqxQzRY/ld"},"_contentSize":{"__type__":"cc.Size","width":246,"height":246},"_scale":{"__type__":"cc.Vec3","x":1,"y":1,"z":1},"_zIndex":0},{"__type__":"cc.Node","_name":"animPlay","_parent":{"__id__":1},"_level":2,"_components":[{"__type__":"cc.Sprite","node":{"__id__":2},"_spriteFrame":{"__uuid__":"03R7kZojVLO4MDmjHe8XWb"}},{"__type__":"cc.Animation","node":{"__id__":2},"_defaultClip":{"__uuid__":"9b9QOSPwlH67wWvew+uHdu"},"_clips":[{"__uuid__":"9b9QOSPwlH67wWvew+uHdu"}]}],"_prefab":{"__type__":"cc.PrefabInfo","root":{"__id__":1},"asset":{"__uuid__":"1eNLkU5J5GZLZkenZGYUEw"},"fileId":"dfqlPVtT1DOqkWJLQrFewo"},"_contentSize":{"__type__":"cc.Size","width":246,"height":246},"_scale":{"__type__":"cc.Vec3","x":0.75,"y":0.75,"z":1},"_zIndex":0},{"__type__":"cc.Node","_name":"animEnd","_parent":{"__id__":1},"_level":2,"_components":[{"__type__":"cc.Sprite","node":{"__id__":3},"_spriteFrame":{"__uuid__":"8ev8L+hqpPw7TJvnG3FPVo"}},{"__type__":"cc.Animation","node":{"__id__":3},"_defaultClip":{"__uuid__":"2fyTvT2r9MA7cgHXy4t89k"},"_clips":[{"__uuid__":"2fyTvT2r9MA7cgHXy4t89k"}],"playOnLoad":true}],"_prefab":{"__type__":"cc.PrefabInfo","root":{"__id__":1},"asset":{"__uuid__":"1eNLkU5J5GZLZkenZGYUEw"},"fileId":"caQStSqJVJYbCT7psFQyfp"},"_contentSize":{"__type__":"cc.Size","width":104,"height":114},"_scale":{"__type__":"cc.Vec3","x":1,"y":1,"z":1},"_zIndex":0}],{"__type__":"cc.SpriteFrame","content":{"name":"eff_shield_4","texture":"fc8902CuZC2om/bHdMYE2i","rect":[250,2,246,246],"offset":[1,1],"originalSize":[256,256],"capInsets":[0,0,0,0]}},{"__type__":"cc.SpriteFrame","content":{"name":"eff_shield_7","texture":"fc8902CuZC2om/bHdMYE2i","rect":[2,502,246,246],"offset":[1,1],"originalSize":[256,256],"capInsets":[0,0,0,0]}},{"__type__":"cc.SpriteFrame","content":{"name":"eff_shield_5","texture":"fc8902CuZC2om/bHdMYE2i","rect":[2,750,246,246],"offset":[1,1],"originalSize":[256,256],"capInsets":[0,0,0,0]}},{"__type__":"cc.SpriteFrame","content":{"name":"power_circle_01","texture":"d8yHuAuVVGi7c5ZfOQ6fJd","rect":[2,512,104,114],"offset":[0,0],"originalSize":[104,114],"rotated":1,"capInsets":[0,0,0,0]}},{"__type__":"cc.AnimationClip","_name":"shieldEff","_duration":0.48333333333333334,"wrapMode":"2","curveData":{"comps":{"cc.Sprite":{"spriteFrame":[{"frame":0,"value":{"__uuid__":"03R7kZojVLO4MDmjHe8XWb"}},{"frame":0.06666666666666667,"value":{"__uuid__":"9cdX7aFRBOq5ZuNeBZ1+Ry"}},{"frame":0.13333333333333333,"value":{"__uuid__":"f8k2Fci65PUpa+1eRMzK9P"}},{"frame":0.2,"value":{"__uuid__":"54XCxeGAhIo50vnX+G4SWx"}},{"frame":0.26666666666666666,"value":{"__uuid__":"70v362SDhFgq4e/EdEo1md"}},{"frame":0.3333333333333333,"value":{"__uuid__":"fbi9j5ZudPmYJpv2ilXurr"}},{"frame":0.4,"value":{"__uuid__":"59PZkMTuNMSIulYRqwGgTU"}},{"frame":0.4666666666666667,"value":{"__uuid__":"b5RE5Ai+VGTbBHiQReIW8M"}}]}}}},{"__type__":"cc.SpriteFrame","content":{"name":"eff_shield_2","texture":"fc8902CuZC2om/bHdMYE2i","rect":[250,498,246,246],"offset":[1,1],"originalSize":[256,256],"capInsets":[0,0,0,0]}},{"__type__":"cc.SpriteFrame","content":{"name":"eff_shield_8","texture":"fc8902CuZC2om/bHdMYE2i","rect":[2,254,246,246],"offset":[1,1],"originalSize":[256,256],"capInsets":[0,0,0,0]}},{"__type__":"cc.SpriteFrame","content":{"name":"eff_shield_3","texture":"fc8902CuZC2om/bHdMYE2i","rect":[250,250,246,246],"offset":[1,1],"originalSize":[256,256],"capInsets":[0,0,0,0]}},{"__type__":"cc.SpriteFrame","content":{"name":"eff_shield_6","texture":"fc8902CuZC2om/bHdMYE2i","rect":[2,2,250,246],"offset":[-1,1],"originalSize":[256,256],"rotated":1,"capInsets":[0,0,0,0]}}]