[{"__type__":"cc.SpriteFrame","content":{"name":"font_rank","texture":"e4ky1crjRMdKN05nCZg2vK","rect":[0,0,256,93],"offset":[-2,0.5],"originalSize":[260,94],"capInsets":[0,0,0,0]}},{"__type__":"cc.BitmapFont","_name":"font_rank","spriteFrame":{"__uuid__":"15J2RIOKlJib9tgf2q3G2F"},"fontSize":32,"_fntConfig":{"commonHeight":32,"fontSize":32,"atlasName":"font_rank.png","fontDefDictionary":{"44":{"rect":{"x":172,"y":47,"width":16,"height":46},"xOffset":0,"yOffset":0,"xAdvance":16},"46":{"rect":{"x":189,"y":47,"width":16,"height":46},"xOffset":0,"yOffset":0,"xAdvance":16},"48":{"rect":{"x":0,"y":0,"width":42,"height":46},"xOffset":0,"yOffset":0,"xAdvance":42},"49":{"rect":{"x":43,"y":0,"width":42,"height":46},"xOffset":0,"yOffset":0,"xAdvance":42},"50":{"rect":{"x":86,"y":0,"width":42,"height":46},"xOffset":0,"yOffset":0,"xAdvance":42},"51":{"rect":{"x":129,"y":0,"width":42,"height":46},"xOffset":0,"yOffset":0,"xAdvance":42},"52":{"rect":{"x":172,"y":0,"width":42,"height":46},"xOffset":0,"yOffset":0,"xAdvance":42},"53":{"rect":{"x":215,"y":0,"width":42,"height":46},"xOffset":0,"yOffset":0,"xAdvance":42},"54":{"rect":{"x":0,"y":47,"width":42,"height":46},"xOffset":0,"yOffset":0,"xAdvance":42},"55":{"rect":{"x":43,"y":47,"width":42,"height":46},"xOffset":0,"yOffset":0,"xAdvance":42},"56":{"rect":{"x":86,"y":47,"width":42,"height":46},"xOffset":0,"yOffset":0,"xAdvance":42},"57":{"rect":{"x":129,"y":47,"width":42,"height":46},"xOffset":0,"yOffset":0,"xAdvance":42}},"kerningDict":{}}}]