{"__type__":"cc.JsonAsset","_name":"level_1_reward","json":[{"reward1":0,"reward2":0,"id":1,"reward5":0,"reward6":0,"reward3":0,"reward4":0},{"reward1":0,"reward2":18,"id":2,"reward5":18,"reward6":0,"reward3":18,"reward4":18},{"reward1":0,"reward2":0,"id":3,"reward5":18,"reward6":0,"reward3":0,"reward4":0},{"reward1":0,"reward2":0,"id":4,"reward5":18,"reward6":0,"reward3":0,"reward4":0},{"reward1":0,"reward2":18,"id":5,"reward5":18,"reward6":0,"reward3":18,"reward4":18},{"reward1":0,"reward2":18,"id":6,"reward5":0,"reward6":0,"reward3":0,"reward4":0},{"reward1":0,"reward2":18,"id":7,"reward5":0,"reward6":0,"reward3":0,"reward4":0},{"reward1":0,"reward2":18,"id":8,"reward5":18,"reward6":0,"reward3":18,"reward4":18},{"reward1":0,"reward2":0,"id":9,"reward5":18,"reward6":0,"reward3":0,"reward4":0},{"reward1":0,"reward2":0,"id":10,"reward5":18,"reward6":0,"reward3":0,"reward4":0},{"reward1":0,"reward2":18,"id":11,"reward5":18,"reward6":0,"reward3":18,"reward4":18}]}