[{"__type__":"cc.SpriteFrame","content":{"name":"magnet_eff","texture":"5bjfW65FFNFou5a0VcIT1N","rect":[0,0,166,166],"offset":[0,0],"originalSize":[166,166],"capInsets":[0,0,0,0]}},[{"__type__":"cc.Prefab","_name":"magnetEff","data":{"__id__":1}},{"__type__":"cc.Node","_name":"magnetEff","_level":1,"_components":[{"__type__":"cc.Sprite","node":{"__id__":1},"_spriteFrame":{"__uuid__":"6762kfRutGzIOl5xfb0f6y"}},{"__type__":"cc.Animation","node":{"__id__":1},"_defaultClip":{"__uuid__":"d5bplMZixK5rYvzeUE5KdX"},"_clips":[{"__uuid__":"d5bplMZixK5rYvzeUE5KdX"}],"playOnLoad":true}],"_prefab":{"__type__":"cc.PrefabInfo","root":{"__id__":1},"asset":{"__uuid__":"85eco61qdGcoH7U/UiZpAM"},"fileId":"87vYJEtMtAN4a9TFez7W9J"},"_contentSize":{"__type__":"cc.Size","width":166,"height":166},"_scale":{"__type__":"cc.Vec3","x":1.2,"y":1.2,"z":1},"_zIndex":0}],{"__type__":"cc.AnimationClip","_name":"magnetEff","_duration":0.75,"wrapMode":"2","curveData":{"comps":{"cc.Sprite":{"spriteFrame":[]}},"props":{"scale":[{"frame":0,"value":{"__type__":"cc.Vec2","x":1.2,"y":1.2}},{"frame":0.75,"value":{"__type__":"cc.Vec2","x":0.3,"y":0.3}}]}}}]