[{"__type__":"cc.SpriteFrame","content":{"name":"newgifts_gift2","texture":"1d42L6F6BH0KhmW2m9jzig","rect":[538,590,83,79],"offset":[0,0],"originalSize":[83,79],"rotated":1,"capInsets":[0,0,0,0]}},{"__type__":"cc.SpriteAtlas","_name":"newgifts.plist","_spriteFrames":{"newgifts_bg":{"__uuid__":"69TEkGJn9Flr75+/MkHnuU"},"newgifts_bg2":{"__uuid__":"9dnwhFQ+BEprZTbLeDf4M+"},"newgifts_gift1":{"__uuid__":"84+7ytNg9KBoQP9fCPS6ls"},"newgifts_gift2":{"__uuid__":"0drpCDuMVPjpFhMMGe0lao"},"newgifts_invite":{"__uuid__":"75QybVrntH3Jt1dbDutRog"},"newgifts_recive":{"__uuid__":"f1wzW2HMpO6ZkeGxR4D0al"},"newgifts_title":{"__uuid__":"eaGEn1JwZPhJBECRKIZfSH"}}},{"__type__":"cc.SpriteFrame","content":{"name":"newgifts_bg","texture":"1d42L6F6BH0KhmW2m9jzig","rect":[2,2,696,293],"offset":[0,0],"originalSize":[698,295],"capInsets":[0,141,0,144]}},{"__type__":"cc.SpriteFrame","content":{"name":"newgifts_invite","texture":"1d42L6F6BH0KhmW2m9jzig","rect":[592,297,88,89],"offset":[0,0],"originalSize":[88,89],"rotated":1,"capInsets":[0,0,0,0]}},{"__type__":"cc.SpriteFrame","content":{"name":"newgifts_gift1","texture":"1d42L6F6BH0KhmW2m9jzig","rect":[592,387,87,58],"offset":[0,0],"originalSize":[87,58],"capInsets":[0,0,0,0]}},{"__type__":"cc.SpriteFrame","content":{"name":"newgifts_bg2","texture":"1d42L6F6BH0KhmW2m9jzig","rect":[2,297,534,377],"offset":[0,0],"originalSize":[534,377],"capInsets":[0,0,0,0]}},{"__type__":"cc.SpriteFrame","content":{"name":"newgifts_title","texture":"1d42L6F6BH0KhmW2m9jzig","rect":[538,297,226,52],"offset":[0,0],"originalSize":[226,52],"rotated":1,"capInsets":[0,0,0,0]}},{"__type__":"cc.SpriteFrame","content":{"name":"newgifts_recive","texture":"1d42L6F6BH0KhmW2m9jzig","rect":[538,525,151,63],"offset":[0,0],"originalSize":[151,63],"capInsets":[0,0,0,0]}}]