[{"__type__":"cc.SpriteFrame","content":{"name":"lottery_item_6","texture":"f0B8GuPNxH24MFzDbsNbHN","rect":[730,547,100,98],"offset":[0,0],"originalSize":[100,98],"rotated":1,"capInsets":[0,0,0,0]}},{"__type__":"cc.SpriteFrame","content":{"name":"lottery_bg_1","texture":"f0B8GuPNxH24MFzDbsNbHN","rect":[566,2,432,432],"offset":[0,0],"originalSize":[432,432],"capInsets":[0,0,0,0]}},{"__type__":"cc.SpriteFrame","content":{"name":"lottery_item_5","texture":"f0B8GuPNxH24MFzDbsNbHN","rect":[904,525,86,74],"offset":[0,0],"originalSize":[86,74],"capInsets":[0,0,0,0]}},{"__type__":"cc.SpriteFrame","content":{"name":"lottery_item_1","texture":"f0B8GuPNxH24MFzDbsNbHN","rect":[2,585,63,62],"offset":[0,0],"originalSize":[63,62],"capInsets":[0,0,0,0]}},{"__type__":"cc.SpriteAtlas","_name":"lotteryDraw.plist","_spriteFrames":{"lottery_bg_1":{"__uuid__":"21hlYoncNG4Km4EjXUP65M"},"lottery_bg_2":{"__uuid__":"b5sghdZOpO0baZ1hBPQQeo"},"lottery_btn_close":{"__uuid__":"e7Z5f/AxBL66IP/7I3w6gh"},"lottery_draw_free":{"__uuid__":"ecXQTB5aNILKyZYn7xxhZ6"},"lottery_draw_video":{"__uuid__":"6a3Otoc7JL6pipnqzrgS3/"},"lottery_item_1":{"__uuid__":"51bYiLj/5NQaGz/y6yj+mH"},"lottery_item_2":{"__uuid__":"c0XIjOFPFIAI9Ru8T3hNlm"},"lottery_item_3":{"__uuid__":"e22s1dDctDN7AAgfBNE+Ku"},"lottery_item_4":{"__uuid__":"65Fymdy4RFf7h4HT109cCx"},"lottery_item_5":{"__uuid__":"4cRoePiUBAdLfxzWeH4uBQ"},"lottery_item_6":{"__uuid__":"0fMUGYo99F7Yv8yHVsD8JQ"},"lottery_point":{"__uuid__":"f9W05PyH1KJI4W4TTGvIc/"},"lottery_wordbg":{"__uuid__":"7dVxT/8MZBs42Op3na8iRl"}}},{"__type__":"cc.SpriteFrame","content":{"name":"lottery_item_4","texture":"f0B8GuPNxH24MFzDbsNbHN","rect":[566,575,80,72],"offset":[0,0],"originalSize":[80,72],"capInsets":[0,0,0,0]}},{"__type__":"cc.SpriteFrame","content":{"name":"lottery_draw_video","texture":"f0B8GuPNxH24MFzDbsNbHN","rect":[684,436,108,109],"offset":[0,0],"originalSize":[108,109],"capInsets":[0,0,0,0]}},{"__type__":"cc.SpriteFrame","content":{"name":"lottery_wordbg","texture":"f0B8GuPNxH24MFzDbsNbHN","rect":[67,585,439,61],"offset":[0,0],"originalSize":[439,61],"capInsets":[0,0,0,0]}},{"__type__":"cc.SpriteFrame","content":{"name":"lottery_bg_2","texture":"f0B8GuPNxH24MFzDbsNbHN","rect":[2,2,562,581],"offset":[-1,0],"originalSize":[566,581],"capInsets":[0,0,0,0]}},{"__type__":"cc.SpriteFrame","content":{"name":"lottery_item_2","texture":"f0B8GuPNxH24MFzDbsNbHN","rect":[830,547,69,79],"offset":[0,0],"originalSize":[69,79],"capInsets":[0,0,0,0]}},{"__type__":"cc.SpriteFrame","content":{"name":"lottery_item_3","texture":"f0B8GuPNxH24MFzDbsNbHN","rect":[648,575,80,72],"offset":[0,0],"originalSize":[80,72],"capInsets":[0,0,0,0]}},{"__type__":"cc.SpriteFrame","content":{"name":"lottery_btn_close","texture":"f0B8GuPNxH24MFzDbsNbHN","rect":[904,436,87,87],"offset":[0,0],"originalSize":[87,87],"capInsets":[0,0,0,0]}},{"__type__":"cc.SpriteFrame","content":{"name":"lottery_draw_free","texture":"f0B8GuPNxH24MFzDbsNbHN","rect":[794,436,108,109],"offset":[0,0],"originalSize":[108,109],"capInsets":[0,0,0,0]}},{"__type__":"cc.SpriteFrame","content":{"name":"lottery_point","texture":"f0B8GuPNxH24MFzDbsNbHN","rect":[566,436,116,137],"offset":[0,0],"originalSize":[116,137],"capInsets":[0,0,0,0]}}]