{"__type__":"cc.JsonAsset","_name":"lineup_1101","json":[{"enemy7":"8","enemy6":"0","enemy5":"0","id":1,"enemy4":"0","enemy3":"0","enemy2":"0","enemy1":"8"},{"enemy7":"0","enemy6":"0","enemy5":"0","id":2,"enemy4":"0","enemy3":"0","enemy2":"0","enemy1":"0"},{"enemy7":"0","enemy6":"0","enemy5":"0","id":3,"enemy4":"0","enemy3":"0","enemy2":"0","enemy1":"0"},{"enemy7":"0","enemy6":"0","enemy5":"0","id":4,"enemy4":"8","enemy3":"0","enemy2":"0","enemy1":"0"},{"enemy7":"0","enemy6":"0","enemy5":"0","id":5,"enemy4":"0","enemy3":"0","enemy2":"0","enemy1":"0"},{"enemy7":"0","enemy6":"0","enemy5":"0","id":6,"enemy4":"0","enemy3":"0","enemy2":"0","enemy1":"0"},{"enemy7":"7","enemy6":"0","enemy5":"0","id":7,"enemy4":"0","enemy3":"0","enemy2":"0","enemy1":"7"},{"enemy7":"0","enemy6":"0","enemy5":"0","id":8,"enemy4":"0","enemy3":"0","enemy2":"0","enemy1":"0"},{"enemy7":"0","enemy6":"0","enemy5":"0","id":9,"enemy4":"0","enemy3":"0","enemy2":"0","enemy1":"0"},{"enemy7":"2","enemy6":"0","enemy5":"0","id":10,"enemy4":"8","enemy3":"0","enemy2":"0","enemy1":"1"}]}