{"__type__":"cc.JsonAsset","_name":"level_8","json":[{"nextOrderNum":2,"drop":"18","boomNum":"2,3","route":"5","num":2,"orderNum":1,"pid":1,"delayTime":1,"id":8,"ballistic":"1","enemyID":6,"speed":3},{"nextOrderNum":3,"drop":"10001","boomNum":"0","route":"1#5,2#6","num":2,"orderNum":2,"pid":1,"delayTime":3,"id":8,"ballistic":"2","enemyID":7,"speed":3},{"nextOrderNum":4,"drop":"1#18,2#0,3#18,4#10008","boomNum":"1","route":"6","num":4,"orderNum":3,"pid":1,"delayTime":1,"id":8,"ballistic":"0","enemyID":6,"speed":0},{"nextOrderNum":5,"drop":"18","boomNum":"0","route":"1","num":1,"orderNum":4,"pid":1,"delayTime":0,"id":8,"ballistic":"0","enemyID":5,"speed":0},{"nextOrderNum":6,"drop":"1#10001,2#10009","boomNum":"1,2","route":"1#0,2#2","num":2,"orderNum":5,"pid":1,"delayTime":1,"id":8,"ballistic":"2","enemyID":7,"speed":3},{"nextOrderNum":7,"drop":"1#18,2#8,3#18,4#8","boomNum":"0","route":"1#2,2#3,3#2,4#4","num":4,"orderNum":6,"pid":1,"delayTime":1,"id":8,"ballistic":"0","enemyID":1,"speed":3},{"nextOrderNum":8,"drop":"18","boomNum":"0","route":"1#2,2#3,3#2,4#4,5#2,6#5,7#6","num":7,"orderNum":7,"pid":1,"delayTime":2,"id":8,"ballistic":"1","enemyID":5,"speed":3},{"nextOrderNum":9,"drop":"1#18,2#15","boomNum":"1","route":"1#5,2#6","num":2,"orderNum":8,"pid":1,"delayTime":0.5,"id":8,"ballistic":"0","enemyID":6,"speed":3},{"nextOrderNum":10,"drop":"18","boomNum":"0","route":"1#3,2#4","num":2,"orderNum":9,"pid":1,"delayTime":0.5,"id":8,"ballistic":"1","enemyID":4,"speed":3},{"nextOrderNum":11,"drop":"1#18,2#6","boomNum":"1","route":"1#5,2#6","num":2,"orderNum":10,"pid":1,"delayTime":0.5,"id":8,"ballistic":"0","enemyID":5,"speed":3},{"nextOrderNum":12,"drop":"1#18,2#18","boomNum":"0","route":"1#3,2#4","num":2,"orderNum":11,"pid":1,"delayTime":0.5,"id":8,"ballistic":"1","enemyID":5,"speed":1},{"nextOrderNum":13,"drop":"18","boomNum":"0","route":"1#5,2#6","num":2,"orderNum":12,"pid":1,"delayTime":0.5,"id":8,"ballistic":"0","enemyID":3,"speed":1},{"nextOrderNum":14,"drop":"1#18,2#10001","boomNum":"2,3","route":"1#3,2#4","num":2,"orderNum":13,"pid":1,"delayTime":0.5,"id":8,"ballistic":"0","enemyID":1,"speed":1},{"nextOrderNum":15,"drop":"18","boomNum":"0","route":"1#5,2#6","num":2,"orderNum":14,"pid":1,"delayTime":0.5,"id":8,"ballistic":"1","enemyID":3,"speed":1},{"nextOrderNum":16,"drop":"1#10008,2#10001,3#10010","boomNum":"1","route":"1#0,2#1,3#2","num":3,"orderNum":15,"pid":1,"delayTime":2,"id":8,"ballistic":"1","enemyID":8,"speed":1},{"nextOrderNum":17,"drop":"18","boomNum":"0","route":"1#0,2#5,3#6","num":3,"orderNum":16,"pid":1,"delayTime":3,"id":8,"ballistic":"0","enemyID":1,"speed":1},{"nextOrderNum":18,"drop":"1#18,2#11,3#18","boomNum":"0","route":"3","num":3,"orderNum":17,"pid":1,"delayTime":0.5,"id":8,"ballistic":"1","enemyID":2,"speed":2},{"nextOrderNum":19,"drop":"1#18,2#15,3#8","boomNum":"1","route":"4","num":3,"orderNum":18,"pid":1,"delayTime":0.5,"id":8,"ballistic":"1","enemyID":3,"speed":2},{"nextOrderNum":20,"drop":"18","boomNum":"0","route":"1#1,2#0,3#2","num":3,"orderNum":19,"pid":1,"delayTime":1,"id":8,"ballistic":"1","enemyID":3,"speed":0},{"nextOrderNum":21,"drop":"1#18,2#10008,3#18","boomNum":"1","route":"3","num":3,"orderNum":20,"pid":1,"delayTime":1,"id":8,"ballistic":"1","enemyID":5,"speed":4},{"nextOrderNum":22,"drop":"1#18,2#10008,3#18","boomNum":"0","route":"4","num":3,"orderNum":21,"pid":1,"delayTime":1,"id":8,"ballistic":"1","enemyID":5,"speed":1},{"nextOrderNum":23,"drop":"18","boomNum":"0","route":"3","num":3,"orderNum":22,"pid":1,"delayTime":1,"id":8,"ballistic":"0","enemyID":4,"speed":3},{"nextOrderNum":24,"drop":"18","boomNum":"1,2","route":"2","num":3,"orderNum":23,"pid":1,"delayTime":1,"id":8,"ballistic":"1","enemyID":6,"speed":2},{"nextOrderNum":25,"drop":"1#18,2#18,3#15","boomNum":"0","route":"4","num":3,"orderNum":24,"pid":1,"delayTime":1,"id":8,"ballistic":"0","enemyID":1,"speed":3},{"nextOrderNum":26,"drop":"18","boomNum":"1","route":"3","num":3,"orderNum":25,"pid":1,"delayTime":1,"id":8,"ballistic":"1","enemyID":6,"speed":3},{"nextOrderNum":27,"drop":"1#18,2#8,3#10001","boomNum":"0","route":"2","num":3,"orderNum":26,"pid":1,"delayTime":1,"id":8,"ballistic":"1","enemyID":5,"speed":1},{"nextOrderNum":28,"drop":"1#18,2#18,3#0","boomNum":"0","route":"4","num":3,"orderNum":27,"pid":1,"delayTime":1,"id":8,"ballistic":"1","enemyID":6,"speed":2},{"nextOrderNum":29,"drop":"1#10001,2#10001","boomNum":"1","route":"1#1,2#0","num":2,"orderNum":28,"pid":1,"delayTime":2,"id":8,"ballistic":"2","enemyID":8,"speed":3},{"nextOrderNum":30,"drop":"18","boomNum":"0","route":"1#6,2#5","num":2,"orderNum":29,"pid":1,"delayTime":0,"id":8,"ballistic":"1","enemyID":1,"speed":2},{"nextOrderNum":31,"drop":"18","boomNum":"2,3","route":"3","num":3,"orderNum":30,"pid":1,"delayTime":1,"id":8,"ballistic":"0","enemyID":6,"speed":3},{"nextOrderNum":32,"drop":"1#6,2#11,3#15","boomNum":"0","route":"4","num":3,"orderNum":31,"pid":1,"delayTime":1,"id":8,"ballistic":"0","enemyID":4,"speed":2},{"nextOrderNum":33,"drop":"1#18,2#18,3#12","boomNum":"0","route":"1#0,2#1,3#2","num":3,"orderNum":32,"pid":1,"delayTime":0,"id":8,"ballistic":"1","enemyID":3,"speed":2},{"nextOrderNum":34,"drop":"1#10001,2#10001","boomNum":"1","route":"1#0,2#2","num":2,"orderNum":33,"pid":1,"delayTime":1,"id":8,"ballistic":"2","enemyID":8,"speed":3},{"nextOrderNum":35,"drop":"1#10008,2#10008,3#10008","boomNum":"0","route":"1#0,2#2,3#1","num":3,"orderNum":34,"pid":1,"delayTime":0,"id":8,"ballistic":"2","enemyID":7,"speed":2},{"nextOrderNum":36,"drop":"1#18,2#10008,3#18,4#0","boomNum":"2,3","route":"1#5,2#2,3#6,4#2","num":4,"orderNum":35,"pid":1,"delayTime":1,"id":8,"ballistic":"1","enemyID":3,"speed":3},{"nextOrderNum":37,"drop":"1#10008,2#10005,3#10001","boomNum":"0","route":"1#0,2#2,3#1","num":3,"orderNum":36,"pid":1,"delayTime":0,"id":8,"ballistic":"2","enemyID":7,"speed":3},{"nextOrderNum":38,"drop":"1#10003,2#0,3#10001,4#10008","boomNum":"0","route":"1#0,2#1,1#0,2#1","num":4,"orderNum":37,"pid":1,"delayTime":2,"id":8,"ballistic":"2","enemyID":8,"speed":3},{"nextOrderNum":39,"drop":"1#10010,2#10001","boomNum":"1","route":"2","num":2,"orderNum":38,"pid":1,"delayTime":2,"id":8,"ballistic":"1","enemyID":7,"speed":3},{"nextOrderNum":40,"drop":"1#10008,2#10008,3#10001,4#10001","boomNum":"0","route":"0","num":4,"orderNum":39,"pid":1,"delayTime":1,"id":8,"ballistic":"2","enemyID":8,"speed":4},{"nextOrderNum":41,"drop":"18","boomNum":"1,2","route":"1","num":4,"orderNum":40,"pid":1,"delayTime":1,"id":8,"ballistic":"2","enemyID":4,"speed":4},{"nextOrderNum":42,"drop":"1#0,2#18","boomNum":"0","route":"1#3,2#4","num":2,"orderNum":41,"pid":1,"delayTime":2,"id":8,"ballistic":"1","enemyID":1,"speed":3},{"nextOrderNum":43,"drop":"10001","boomNum":"0","route":"2","num":1,"orderNum":42,"pid":1,"delayTime":1,"id":8,"ballistic":"2","enemyID":7,"speed":2},{"nextOrderNum":-1,"drop":"-1","boomNum":"0","route":"2","num":1,"orderNum":43,"pid":1,"delayTime":1,"id":8,"ballistic":"2","enemyID":12,"speed":2}]}