{"__type__":"cc.JsonAsset","_name":"Items","json":[{"dropEffNum":0,"auto":1,"sprintTime":0,"periodTime":0,"useAfter":0,"dropdes":"抵挡一次伤害","initFireNum":0,"initCure":0,"sprintDisID":0,"dropType":1,"initHP":0,"initAttackSpeed":0,"sprintType":0,"name":"护罩","sprintLevelID":0,"id":1,"dropMaxCount":"0","dropValue":"0"},{"dropEffNum":0,"auto":1,"sprintTime":0,"periodTime":-1,"useAfter":0,"dropdes":"获得星星加成*2，击落时爆出*2星星","initFireNum":0,"initCure":0,"sprintDisID":0,"dropType":1,"initHP":0,"initAttackSpeed":0,"sprintType":0,"name":"祝福","sprintLevelID":0,"id":2,"dropMaxCount":"0","dropValue":"0"},{"dropEffNum":0,"auto":1,"sprintTime":0,"periodTime":5,"useAfter":0,"dropdes":"获得星星加成*3，击落时爆出*3星星","initFireNum":0,"initCure":0,"sprintDisID":0,"dropType":1,"initHP":0,"initAttackSpeed":0,"sprintType":0,"name":"祝福","sprintLevelID":0,"id":3,"dropMaxCount":"0","dropValue":"0"},{"dropEffNum":0,"auto":1,"sprintTime":0,"periodTime":5,"useAfter":0,"dropdes":"获得星星加成*5，击落时爆出*5星星","initFireNum":0,"initCure":0,"sprintDisID":0,"dropType":1,"initHP":0,"initAttackSpeed":0,"sprintType":0,"name":"祝福","sprintLevelID":0,"id":4,"dropMaxCount":"0","dropValue":"0"},{"dropEffNum":0,"auto":1,"sprintTime":0,"periodTime":5,"useAfter":0,"dropdes":"获得星星加成*8，击落时爆出*8星星","initFireNum":0,"initCure":0,"sprintDisID":0,"dropType":1,"initHP":0,"initAttackSpeed":0,"sprintType":0,"name":"祝福","sprintLevelID":0,"id":5,"dropMaxCount":"0","dropValue":"0"},{"dropEffNum":0,"auto":1,"sprintTime":0,"periodTime":0,"useAfter":0,"dropdes":"增加自身血量10%","initFireNum":0,"initCure":0,"sprintDisID":0,"dropType":1,"initHP":0,"initAttackSpeed":0,"sprintType":0,"name":"天佑","sprintLevelID":0,"id":6,"dropMaxCount":"0","dropValue":"0"},{"dropEffNum":0,"auto":1,"sprintTime":0,"periodTime":0,"useAfter":0,"dropdes":"增加自身血量20%","initFireNum":0,"initCure":0,"sprintDisID":0,"dropType":1,"initHP":0,"initAttackSpeed":0,"sprintType":0,"name":"天佑","sprintLevelID":0,"id":7,"dropMaxCount":"0","dropValue":"0"},{"dropEffNum":0,"auto":1,"sprintTime":0,"periodTime":15,"useAfter":0,"dropdes":"自动吸取掉落的所有道具","initFireNum":0,"initCure":0,"sprintDisID":0,"dropType":1,"initHP":0,"initAttackSpeed":0,"sprintType":0,"name":"磁铁","sprintLevelID":0,"id":8,"dropMaxCount":"0","dropValue":"0"},{"dropEffNum":0,"auto":1,"sprintTime":0,"periodTime":0,"useAfter":0,"dropdes":"无敌状态向前冲刺","initFireNum":0,"initCure":0,"sprintDisID":100,"dropType":1,"initHP":0,"initAttackSpeed":0,"sprintType":1,"name":"冲刺","sprintLevelID":0,"id":9,"dropMaxCount":"0","dropValue":"0"},{"dropEffNum":0,"auto":1,"sprintTime":5,"periodTime":0,"useAfter":0,"dropdes":"无敌状态向前冲刺","initFireNum":0,"initCure":0,"sprintDisID":0,"dropType":1,"initHP":0,"initAttackSpeed":0,"sprintType":3,"name":"冲刺","sprintLevelID":0,"id":10,"dropMaxCount":"0","dropValue":"0"},{"dropEffNum":0,"auto":1,"sprintTime":0,"periodTime":12,"useAfter":0,"dropdes":"升级当前弹道，最高4弹道，掉落弹道无法升级","initFireNum":0,"initCure":0,"sprintDisID":0,"dropType":2,"initHP":0,"initAttackSpeed":0,"sprintType":0,"name":"弹道升级","sprintLevelID":0,"id":11,"dropMaxCount":"0","dropValue":"0"},{"dropEffNum":0,"auto":1,"sprintTime":0,"periodTime":6,"useAfter":0,"dropdes":"燃烧碰到的一切","initFireNum":0,"initCure":0,"sprintDisID":0,"dropType":2,"initHP":0,"initAttackSpeed":0,"sprintType":0,"name":"激光炮","sprintLevelID":0,"id":12,"dropMaxCount":"0","dropValue":"0"},{"dropEffNum":0,"auto":1,"sprintTime":0,"periodTime":15,"useAfter":0,"dropdes":"以飞机为中心发散子弹","initFireNum":0,"initCure":0,"sprintDisID":0,"dropType":2,"initHP":0,"initAttackSpeed":0,"sprintType":0,"name":"散射","sprintLevelID":0,"id":13,"dropMaxCount":"0","dropValue":"0"},{"dropEffNum":0,"auto":1,"sprintTime":0,"periodTime":-1,"useAfter":0,"dropdes":"获得左右两个僚机，火力分别为主角的1/2","initFireNum":0,"initCure":0,"sprintDisID":0,"dropType":2,"initHP":0,"initAttackSpeed":0,"sprintType":0,"name":"僚机","sprintLevelID":0,"id":14,"dropMaxCount":"0","dropValue":"0"},{"dropEffNum":99,"auto":0,"sprintTime":0,"periodTime":0,"useAfter":0,"dropdes":"全屏爆炸，消灭当前所有飞机和炮弹","initFireNum":0,"initCure":0,"sprintDisID":0,"dropType":2,"initHP":0,"initAttackSpeed":0,"sprintType":0,"name":"炮弹","sprintLevelID":0,"id":15,"dropMaxCount":"0","dropValue":"0"},{"dropEffNum":0,"auto":1,"sprintTime":0,"periodTime":0,"useAfter":1,"dropdes":"使用后打开分享礼包界面","initFireNum":0,"initCure":0,"sprintDisID":0,"dropType":3,"initHP":0,"initAttackSpeed":0,"sprintType":0,"name":"视频礼包","sprintLevelID":0,"id":16,"dropMaxCount":"2#10","dropValue":"18#300,7#1,15#2"},{"dropEffNum":0,"auto":1,"sprintTime":0,"periodTime":0,"useAfter":2,"dropdes":"使用后打开助力礼包界面","initFireNum":0,"initCure":0,"sprintDisID":0,"dropType":3,"initHP":0,"initAttackSpeed":0,"sprintType":0,"name":"助力礼包","sprintLevelID":0,"id":17,"dropMaxCount":"2#10","dropValue":"18#300,6#1,15#2"},{"dropEffNum":0,"auto":1,"sprintTime":0,"periodTime":0,"useAfter":0,"dropdes":"获得1颗星星","initFireNum":0,"initCure":0,"sprintDisID":0,"dropType":4,"initHP":0,"initAttackSpeed":0,"sprintType":0,"name":"星星","sprintLevelID":0,"id":18,"dropMaxCount":"0","dropValue":"0"},{"dropEffNum":0,"auto":1,"sprintTime":0,"periodTime":0,"useAfter":0,"dropdes":"使用后获得红包","initFireNum":0,"initCure":0,"sprintDisID":0,"dropType":5,"initHP":0,"initAttackSpeed":0,"sprintType":0,"name":"红包","sprintLevelID":0,"id":19,"dropMaxCount":"0","dropValue":"0"}]}