[{"__type__":"cc.SpriteFrame","content":{"name":"jiguang_eff_008","texture":"0fehwSchdOZ5AGMBgbpJH6","rect":[196,400,192,396],"offset":[0,2],"originalSize":[210,400],"capInsets":[0,0,0,0]}},{"__type__":"cc.SpriteFrame","content":{"name":"jiguang_eff_002","texture":"0fehwSchdOZ5AGMBgbpJH6","rect":[2,404,192,398],"offset":[2,-1],"originalSize":[210,400],"capInsets":[0,0,0,0]}},{"__type__":"cc.SpriteFrame","content":{"name":"jiguang_eff_005","texture":"0fehwSchdOZ5AGMBgbpJH6","rect":[584,2,192,392],"offset":[0,2],"originalSize":[210,400],"capInsets":[0,0,0,0]}},{"__type__":"cc.SpriteFrame","content":{"name":"jiguang_eff_009","texture":"0fehwSchdOZ5AGMBgbpJH6","rect":[392,2,190,394],"offset":[3,-3],"originalSize":[210,400],"capInsets":[0,0,0,0]}},{"__type__":"cc.SpriteFrame","content":{"name":"jiguang_eff_003","texture":"0fehwSchdOZ5AGMBgbpJH6","rect":[196,2,194,396],"offset":[1,-2],"originalSize":[210,400],"capInsets":[0,20,0,19]}},{"__type__":"cc.SpriteFrame","content":{"name":"jiguang_eff_001","texture":"0fehwSchdOZ5AGMBgbpJH6","rect":[586,396,188,392],"offset":[4,0],"originalSize":[210,400],"capInsets":[0,0,0,0]}},{"__type__":"cc.SpriteFrame","content":{"name":"jiguang_eff_010","texture":"0fehwSchdOZ5AGMBgbpJH6","rect":[390,400,194,394],"offset":[2,-3],"originalSize":[210,400],"capInsets":[0,0,0,0]}},{"__type__":"cc.SpriteAtlas","_name":"jiguang_eff.plist","_spriteFrames":{"jiguang_eff_001":{"__uuid__":"33tzxAmaNLC7v9ARh+jX9H"},"jiguang_eff_002":{"__uuid__":"07qqB/JD9Ff5lt0i1QRbwV"},"jiguang_eff_003":{"__uuid__":"266M0vGrpLIps/iLEfAt/Z"},"jiguang_eff_004":{"__uuid__":"c5NGtvjgpDPoPLcEyne7df"},"jiguang_eff_005":{"__uuid__":"0fFZHQbzNE15ygRAwQeJ2p"},"jiguang_eff_006":{"__uuid__":"cfZXyY1+BNnJuhO3OiwfHg"},"jiguang_eff_007":{"__uuid__":"b2XfdCbrBAM6HY53CbMJno"},"jiguang_eff_008":{"__uuid__":"00KresB5REW6UOaHt+Xzlm"},"jiguang_eff_009":{"__uuid__":"10G9DMQ3pNZqAKxY9WeTtH"},"jiguang_eff_010":{"__uuid__":"a0Lwc+RoJCl5ddrdic8T6V"}}},{"__type__":"cc.SpriteFrame","content":{"name":"jiguang_eff_007","texture":"0fehwSchdOZ5AGMBgbpJH6","rect":[2,2,192,400],"offset":[0,0],"originalSize":[210,400],"capInsets":[0,0,0,0]}},{"__type__":"cc.SpriteFrame","content":{"name":"jiguang_eff_004","texture":"0fehwSchdOZ5AGMBgbpJH6","rect":[778,2,192,392],"offset":[0,1],"originalSize":[210,400],"capInsets":[0,0,0,0]}},{"__type__":"cc.SpriteFrame","content":{"name":"jiguang_eff_006","texture":"0fehwSchdOZ5AGMBgbpJH6","rect":[776,396,190,388],"offset":[-1,6],"originalSize":[210,400],"capInsets":[0,0,0,0]}}]