[{"__type__":"cc.SpriteFrame","content":{"name":"xinshouzhiying_xian","texture":"e5IgzCusVDX5BekVCgzVVx","rect":[0,0,12,371],"offset":[0,0],"originalSize":[12,371],"capInsets":[0,0,0,0]}},{"__type__":"cc.SpriteFrame","content":{"name":"xinshouzhiying_quan","texture":"43rPXPcKtObqrQj6HyFnzh","rect":[0,0,20,20],"offset":[0,0],"originalSize":[20,20],"capInsets":[0,0,0,0]}},[{"__type__":"cc.Prefab","_name":"guideItem","data":{"__id__":1}},{"__type__":"cc.Node","_name":"guideItem","_children":[{"__id__":2},{"__id__":3},{"__id__":5},{"__id__":6},{"__id__":7},{"__id__":8},{"__id__":11}],"_level":1,"_components":[{"__type__":"f3c18Ywv0BEJLJhQZ6vPc+g","node":{"__id__":1},"point":{"__id__":5},"line1":{"__id__":6},"line2":{"__id__":7},"spCenter":{"__id__":8},"finger":{"__id__":11},"txt_desc":{"__id__":10},"mask":{"__id__":3},"maskBg":{"__id__":4}}],"_prefab":{"__type__":"cc.PrefabInfo","root":{"__id__":1},"asset":{"__uuid__":"a8zryYrINH1Ke7Lj3RknkT"},"fileId":"71kzEfGUdEfJodtmWDGxlD"},"_contentSize":{"__type__":"cc.Size","width":720,"height":1280},"_position":{"__type__":"cc.Vec3","x":360,"y":640},"_scale":{"__type__":"cc.Vec3","x":1,"y":1,"z":1},"_zIndex":0},{"__type__":"cc.Node","_name":"Main Camera","_parent":{"__id__":1},"_level":2,"_components":[{"__type__":"cc.Camera","node":{"__id__":2},"_clearFlags":7,"_depth":-1}],"_prefab":{"__type__":"cc.PrefabInfo","root":{"__id__":1},"asset":{"__uuid__":"a8zryYrINH1Ke7Lj3RknkT"},"fileId":"1fri2oHvBMy4KxOotp+mY7"},"_scale":{"__type__":"cc.Vec3","x":1,"y":1,"z":1},"_zIndex":0},{"__type__":"cc.Node","_name":"Mask","_parent":{"__id__":1},"_children":[{"__id__":4}],"_level":2,"_components":[{"__type__":"cc.Mask","node":{"__id__":3},"_N$inverted":true}],"_prefab":{"__type__":"cc.PrefabInfo","root":{"__id__":1},"asset":{"__uuid__":"a8zryYrINH1Ke7Lj3RknkT"},"fileId":"a95SaLOipBjZwiM9NqOYtQ"},"_contentSize":{"__type__":"cc.Size","width":150,"height":110},"_position":{"__type__":"cc.Vec3","x":-918,"y":-598},"_scale":{"__type__":"cc.Vec3","x":1,"y":1,"z":1},"_zIndex":0},{"__type__":"cc.Node","_name":"maskBg","_parent":{"__id__":3},"_level":3,"_prefab":{"__type__":"cc.PrefabInfo","root":{"__id__":1},"asset":{"__uuid__":"a8zryYrINH1Ke7Lj3RknkT"},"fileId":"43GoZh5kVFMbsIWhmJnu5c"},"_scale":{"__type__":"cc.Vec3","x":1,"y":1,"z":1},"_zIndex":0},{"__type__":"cc.Node","_name":"point","_parent":{"__id__":1},"_level":2,"_components":[{"__type__":"cc.Sprite","node":{"__id__":5},"_spriteFrame":{"__uuid__":"49kVe3oWhNTZqzgNPpj5YM"}}],"_prefab":{"__type__":"cc.PrefabInfo","root":{"__id__":1},"asset":{"__uuid__":"a8zryYrINH1Ke7Lj3RknkT"},"fileId":"e2/2dxknFP1JAznFf179tM"},"_contentSize":{"__type__":"cc.Size","width":20,"height":20},"_position":{"__type__":"cc.Vec3","x":-925,"y":437},"_scale":{"__type__":"cc.Vec3","x":1,"y":1,"z":1},"_zIndex":0},{"__type__":"cc.Node","_name":"line1","_parent":{"__id__":1},"_level":2,"_components":[{"__type__":"cc.Sprite","node":{"__id__":6},"_spriteFrame":{"__uuid__":"19DFFo5shCuLPv5+eIYQ6C"},"_sizeMode":0}],"_prefab":{"__type__":"cc.PrefabInfo","root":{"__id__":1},"asset":{"__uuid__":"a8zryYrINH1Ke7Lj3RknkT"},"fileId":"94w7mhdCJKvoNnCL4SZVMv"},"_contentSize":{"__type__":"cc.Size","width":12,"height":200},"_anchorPoint":{"__type__":"cc.Vec2","x":0.5,"y":1},"_position":{"__type__":"cc.Vec3","x":-928,"y":268},"_scale":{"__type__":"cc.Vec3","x":1,"y":1,"z":1},"_rotationX":1,"_rotationY":1,"_quat":{"__type__":"cc.Quat","z":-0.008726535498373935,"w":0.9999619230641713},"_zIndex":0},{"__type__":"cc.Node","_name":"line2","_parent":{"__id__":1},"_level":2,"_components":[{"__type__":"cc.Sprite","node":{"__id__":7},"_spriteFrame":{"__uuid__":"19DFFo5shCuLPv5+eIYQ6C"},"_sizeMode":0}],"_prefab":{"__type__":"cc.PrefabInfo","root":{"__id__":1},"asset":{"__uuid__":"a8zryYrINH1Ke7Lj3RknkT"},"fileId":"28aa6/Fm5AFazDax8+caYH"},"_contentSize":{"__type__":"cc.Size","width":12,"height":200},"_anchorPoint":{"__type__":"cc.Vec2","x":0.5,"y":1},"_position":{"__type__":"cc.Vec3","x":-853,"y":256},"_scale":{"__type__":"cc.Vec3","x":1,"y":1,"z":1},"_zIndex":0},{"__type__":"cc.Node","_name":"spr_center","_parent":{"__id__":1},"_children":[{"__id__":9}],"_level":2,"_components":[{"__type__":"cc.Sprite","node":{"__id__":8},"_spriteFrame":{"__uuid__":"caIJR/QJREd5zhpCDBpMdH"}}],"_prefab":{"__type__":"cc.PrefabInfo","root":{"__id__":1},"asset":{"__uuid__":"a8zryYrINH1Ke7Lj3RknkT"},"fileId":"41bz3pBSVOL4woaZzsEjRs"},"_contentSize":{"__type__":"cc.Size","width":448,"height":126},"_position":{"__type__":"cc.Vec3","x":-916,"y":-189},"_scale":{"__type__":"cc.Vec3","x":1,"y":1,"z":1},"_zIndex":0},{"__type__":"cc.Node","_name":"txt_desc","_parent":{"__id__":8},"_level":5,"_components":[{"__id__":10}],"_prefab":{"__type__":"cc.PrefabInfo","root":{"__id__":1},"asset":{"__uuid__":"a8zryYrINH1Ke7Lj3RknkT"},"fileId":"367CLGlz5Ls4y1H9VK1ylk"},"_contentSize":{"__type__":"cc.Size","width":360,"height":40},"_position":{"__type__":"cc.Vec3","x":1.7,"y":8},"_scale":{"__type__":"cc.Vec3","x":1.07,"y":1,"z":1},"_zIndex":0},{"__type__":"cc.Label","node":{"__id__":9},"_useOriginalSize":false,"_string":"飞机中心机体被击中将被扣","_N$string":"飞机中心机体被击中将被扣","_fontSize":30,"_N$horizontalAlign":1,"_N$verticalAlign":1},{"__type__":"cc.Node","_name":"finger","_parent":{"__id__":1},"_level":2,"_components":[{"__type__":"cc.Sprite","node":{"__id__":11},"_spriteFrame":{"__uuid__":"efK2cKdttFZYxfIQP2fYos"}}],"_prefab":{"__type__":"cc.PrefabInfo","root":{"__id__":1},"asset":{"__uuid__":"a8zryYrINH1Ke7Lj3RknkT"},"fileId":"d2eVeLNepFm6WUOzy1XYzk"},"_contentSize":{"__type__":"cc.Size","width":67,"height":88},"_position":{"__type__":"cc.Vec3","x":-892,"y":-391},"_scale":{"__type__":"cc.Vec3","x":1,"y":1,"z":1},"_zIndex":0}],{"__type__":"cc.SpriteFrame","content":{"name":"xinshouzhiying_dikuang","texture":"51i1AMGzZFT7Zn85EOkpTD","rect":[0,0,448,126],"offset":[0,0],"originalSize":[448,126],"capInsets":[0,0,0,0]}},{"__type__":"cc.SpriteFrame","content":{"name":"guide_finger","texture":"c28bvzfnFLLYFg/+LK9lZC","rect":[0,0,67,88],"offset":[0,0],"originalSize":[67,88],"capInsets":[0,0,0,0]}}]