{"__type__":"cc.JsonAsset","_name":"lineup_1007","json":[{"enemy7":"0","enemy6":"0","enemy5":"0","id":1,"enemy4":"3","enemy3":"0","enemy2":"0","enemy1":"0"},{"enemy7":"0","enemy6":"0","enemy5":"0","id":2,"enemy4":"0","enemy3":"0","enemy2":"0","enemy1":"0"},{"enemy7":"0","enemy6":"0","enemy5":"0","id":3,"enemy4":"0","enemy3":"4","enemy2":"0","enemy1":"0"},{"enemy7":"0","enemy6":"0","enemy5":"0","id":4,"enemy4":"0","enemy3":"0","enemy2":"0","enemy1":"0"},{"enemy7":"0","enemy6":"0","enemy5":"0","id":5,"enemy4":"0","enemy3":"0","enemy2":"4","enemy1":"0"},{"enemy7":"0","enemy6":"0","enemy5":"0","id":6,"enemy4":"0","enemy3":"0","enemy2":"0","enemy1":"0"},{"enemy7":"0","enemy6":"0","enemy5":"0","id":7,"enemy4":"0","enemy3":"0","enemy2":"0","enemy1":"3"}]}