[{"__type__":"cc.SpriteFrame","content":{"name":"jiguang_gas_3","texture":"efgW4Li/1CWIx88DQ/QP4n","rect":[2,402,89,74],"offset":[1,-2],"originalSize":[109,106],"rotated":1,"capInsets":[0,0,0,0]}},{"__type__":"cc.SpriteFrame","content":{"name":"jiguang_gas_1","texture":"efgW4Li/1CWIx88DQ/QP4n","rect":[2,562,67,74],"offset":[0,-3],"originalSize":[109,106],"rotated":1,"capInsets":[0,0,0,0]}},{"__type__":"cc.SpriteFrame","content":{"name":"jiguang_gas_5","texture":"efgW4Li/1CWIx88DQ/QP4n","rect":[2,305,95,74],"offset":[0,-4],"originalSize":[109,106],"rotated":1,"capInsets":[0,0,0,0]}},{"__type__":"cc.SpriteFrame","content":{"name":"jiguang_gas_2","texture":"efgW4Li/1CWIx88DQ/QP4n","rect":[2,493,67,74],"offset":[-2,-4],"originalSize":[109,106],"rotated":1,"capInsets":[0,0,0,0]}},{"__type__":"cc.SpriteFrame","content":{"name":"jiguang_gas_4","texture":"efgW4Li/1CWIx88DQ/QP4n","rect":[2,109,89,80],"offset":[1,1],"originalSize":[109,106],"rotated":1,"capInsets":[0,0,0,0]}},{"__type__":"cc.SpriteAtlas","_name":"jiguang_gas.plist","_spriteFrames":{"jiguang_gas_1":{"__uuid__":"324IgAzZxNvLcKAVrQMs02"},"jiguang_gas_2":{"__uuid__":"5fCWsi5JBAVYCXiOSN+RfB"},"jiguang_gas_3":{"__uuid__":"15q38eUsVOfII8imtBJ/8n"},"jiguang_gas_4":{"__uuid__":"6a5+aK071E06RIgT4Gh4cl"},"jiguang_gas_5":{"__uuid__":"559Gv6QRBPO62lvBr4pQ4s"},"jiguang_gas_6":{"__uuid__":"cd4FBEu59K7ofGEeJKcGSB"},"jiguang_gas_7":{"__uuid__":"c38zvUxxdJKLZMnrpgtbG2"},"jiguang_gas_8":{"__uuid__":"c6sCDNrytPSpCgwbAzFObw"}}},{"__type__":"cc.SpriteFrame","content":{"name":"jiguang_gas_7","texture":"efgW4Li/1CWIx88DQ/QP4n","rect":[2,2,105,80],"offset":[2,-3],"originalSize":[109,106],"rotated":1,"capInsets":[0,0,0,0]}},{"__type__":"cc.SpriteFrame","content":{"name":"jiguang_gas_8","texture":"efgW4Li/1CWIx88DQ/QP4n","rect":[2,631,99,64],"offset":[-2,-7],"originalSize":[109,106],"rotated":1,"capInsets":[0,0,0,0]}},{"__type__":"cc.SpriteFrame","content":{"name":"jiguang_gas_6","texture":"efgW4Li/1CWIx88DQ/QP4n","rect":[2,200,103,74],"offset":[-3,-6],"originalSize":[109,106],"rotated":1,"capInsets":[0,0,0,0]}}]