[{"__type__":"cc.SpriteAtlas","_name":"enemy_b.plist","_spriteFrames":{"enemy_b_1":{"__uuid__":"92sSeOceVAHLJvTPDoV/ez"},"enemy_b_2":{"__uuid__":"c8LST2wtJPmKrzIrk9SH2E"},"enemy_b_3":{"__uuid__":"79dl9FZfFHq4vyMt2G2W0D"},"enemy_b_4":{"__uuid__":"28/MS3bDRBS4AQMHDYiHu0"},"enemy_b_5":{"__uuid__":"c0LB72ludMN4uzXsh3Vst8"},"enemy_b_6":{"__uuid__":"357rUpCExLCZmyQ1B+skEh"},"enemy_b_7":{"__uuid__":"14hAZ5gSRDSp3fxpSv/i6K"},"enemy_b_8":{"__uuid__":"11mxftQOBJfaTXuAjXaEWE"}}},{"__type__":"cc.SpriteFrame","content":{"name":"enemy_b_8","texture":"15sbGw9MNPN6uQ+XMPlCx1","rect":[2,302,148,140],"offset":[0,0],"originalSize":[148,140],"capInsets":[0,0,0,0]}},{"__type__":"cc.SpriteFrame","content":{"name":"enemy_b_7","texture":"15sbGw9MNPN6uQ+XMPlCx1","rect":[320,2,146,156],"offset":[0,0],"originalSize":[146,156],"rotated":1,"capInsets":[0,0,0,0]}},{"__type__":"cc.SpriteFrame","content":{"name":"enemy_b_4","texture":"15sbGw9MNPN6uQ+XMPlCx1","rect":[162,152,150,154],"offset":[0,0],"originalSize":[150,154],"rotated":1,"capInsets":[0,0,0,0]}},{"__type__":"cc.SpriteFrame","content":{"name":"enemy_b_6","texture":"15sbGw9MNPN6uQ+XMPlCx1","rect":[2,158,142,154],"offset":[0,0],"originalSize":[142,154],"rotated":1,"capInsets":[0,0,0,0]}},{"__type__":"cc.SpriteFrame","content":{"name":"enemy_b_3","texture":"15sbGw9MNPN6uQ+XMPlCx1","rect":[2,2,158,154],"offset":[0,0],"originalSize":[158,154],"capInsets":[0,0,0,0]}},{"__type__":"cc.SpriteFrame","content":{"name":"enemy_b_1","texture":"15sbGw9MNPN6uQ+XMPlCx1","rect":[318,298,118,128],"offset":[0,0],"originalSize":[118,128],"rotated":1,"capInsets":[0,0,0,0]}},{"__type__":"cc.SpriteFrame","content":{"name":"enemy_b_5","texture":"15sbGw9MNPN6uQ+XMPlCx1","rect":[320,150,146,156],"offset":[0,0],"originalSize":[146,156],"rotated":1,"capInsets":[0,0,0,0]}},{"__type__":"cc.SpriteFrame","content":{"name":"enemy_b_2","texture":"15sbGw9MNPN6uQ+XMPlCx1","rect":[162,2,156,148],"offset":[0,0],"originalSize":[156,148],"capInsets":[0,0,0,0]}}]