[{"__type__":"cc.SpriteFrame","content":{"name":"moregame_bg2","texture":"c0aHiQlo1HhLPxr/UY/Esi","rect":[42,2,155,182],"offset":[0,0],"originalSize":[155,182],"capInsets":[0,0,0,0]}},{"__type__":"cc.SpriteFrame","content":{"name":"loading_bar_1","texture":"acUBtHwpVO452FK0ak4SHJ","rect":[0,0,559,46],"offset":[0,0],"originalSize":[559,46],"capInsets":[0,0,0,0]}},[{"__type__":"cc.SceneAsset","_name":"Login","scene":{"__id__":1},"asyncLoadAssets":null},{"__type__":"cc.Scene","_name":"New Node","_children":[{"__id__":2}],"_anchorPoint":{"__type__":"cc.Vec2"},"_scale":{"__type__":"cc.Vec3","x":0.3611897973046405,"y":0.3611897973046405,"z":1},"_zIndex":0,"autoReleaseAssets":{}},{"__type__":"cc.Node","_name":"Canvas","_parent":{"__id__":1},"_children":[{"__id__":3},{"__id__":4},{"__id__":6},{"__id__":9},{"__id__":13},{"__id__":15},{"__id__":17}],"_components":[{"__type__":"cc.Canvas","node":{"__id__":2},"_designResolution":{"__type__":"cc.Size","width":720,"height":1280},"_fitWidth":true,"_fitHeight":false},{"__type__":"f5f2dgmSpRB2L3uQlis+cSf","node":{"__id__":2},"btnLogin":{"__id__":8},"btnSound":{"__uuid__":"d5n2ndA+pG7qKknGsyIUf6"},"txt_desc":{"__id__":14},"txt_load":{"__id__":16},"progressBar":{"__id__":12},"btn_moregame_menu":{"__id__":20}}],"_contentSize":{"__type__":"cc.Size","width":720,"height":1280},"_position":{"__type__":"cc.Vec3","x":360,"y":640},"_scale":{"__type__":"cc.Vec3","x":1,"y":1,"z":1},"_zIndex":0,"_id":"16KRUH6ElNj4+KsXR8ljkT"},{"__type__":"cc.Node","_name":"Main Camera","_parent":{"__id__":2},"_level":1,"_components":[{"__type__":"cc.Camera","node":{"__id__":3},"_clearFlags":7,"_depth":-1}],"_scale":{"__type__":"cc.Vec3","x":1,"y":1,"z":1},"_zIndex":0},{"__type__":"cc.Node","_name":"background","_parent":{"__id__":2},"_children":[{"__id__":5}],"_level":1,"_components":[{"__type__":"cc.Sprite","node":{"__id__":4},"_spriteFrame":{"__uuid__":"8fss9po1BEQqLZEhgLzjqk"},"_sizeMode":0}],"_contentSize":{"__type__":"cc.Size","width":720,"height":1280},"_scale":{"__type__":"cc.Vec3","x":1,"y":1,"z":1},"_zIndex":0},{"__type__":"cc.Node","_name":"logo","_parent":{"__id__":4},"_level":2,"_components":[{"__type__":"cc.Sprite","node":{"__id__":5},"_spriteFrame":{"__uuid__":"64EQj49GFBaoJT64RB2myg"},"_sizeMode":0}],"_contentSize":{"__type__":"cc.Size","width":669,"height":397},"_position":{"__type__":"cc.Vec3","x":14,"y":265},"_scale":{"__type__":"cc.Vec3","x":1,"y":1,"z":1},"_zIndex":0},{"__type__":"cc.Node","_name":"btn_login","_parent":{"__id__":2},"_children":[{"__id__":7}],"_level":1,"_components":[{"__type__":"cc.Sprite","node":{"__id__":6},"_spriteFrame":{"__uuid__":"165Vrl6hpBmbFg7hbRYfxm"},"_type":1,"_sizeMode":0},{"__id__":8}],"_contentSize":{"__type__":"cc.Size","width":288,"height":120},"_position":{"__type__":"cc.Vec3","x":14,"y":-395},"_scale":{"__type__":"cc.Vec3","x":1.1,"y":1.1,"z":1},"_zIndex":0},{"__type__":"cc.Node","_name":"logo","_parent":{"__id__":6},"_level":2,"_components":[{"__type__":"cc.Sprite","node":{"__id__":7},"_spriteFrame":{"__uuid__":"c7Dx1dbtFGtK1FLVVoj8za"},"_sizeMode":0}],"_contentSize":{"__type__":"cc.Size","width":221,"height":56},"_position":{"__type__":"cc.Vec3","x":-4,"y":6},"_scale":{"__type__":"cc.Vec3","x":1,"y":1,"z":1},"_zIndex":0},{"__type__":"cc.Button","node":{"__id__":6},"clickEvents":[{"__type__":"cc.ClickEvent","target":{"__id__":2},"component":"login","handler":"gotoLogin"}],"_N$transition":2,"transition":2,"_N$normalColor":{"__type__":"cc.Color","r":255,"g":255,"b":255},"_N$pressedColor":{"__type__":"cc.Color","r":255,"g":255,"b":255},"pressedColor":{"__type__":"cc.Color","r":255,"g":255,"b":255},"_N$disabledColor":{"__type__":"cc.Color","r":255,"g":255,"b":255},"_N$normalSprite":{"__uuid__":"165Vrl6hpBmbFg7hbRYfxm"},"_N$pressedSprite":{"__uuid__":"165Vrl6hpBmbFg7hbRYfxm"},"pressedSprite":{"__uuid__":"165Vrl6hpBmbFg7hbRYfxm"},"_N$hoverSprite":{"__uuid__":"165Vrl6hpBmbFg7hbRYfxm"},"hoverSprite":{"__uuid__":"165Vrl6hpBmbFg7hbRYfxm"},"_N$disabledSprite":{"__uuid__":"165Vrl6hpBmbFg7hbRYfxm"},"_N$target":{"__id__":6}},{"__type__":"cc.Node","_name":"progressBar","_parent":{"__id__":2},"_children":[{"__id__":10}],"_level":1,"_components":[{"__type__":"cc.Sprite","node":{"__id__":9},"_spriteFrame":{"__uuid__":"0djedcaepG3qshngy3Xx6/"},"_type":1,"_sizeMode":0},{"__id__":12}],"_contentSize":{"__type__":"cc.Size","width":559,"height":46},"_position":{"__type__":"cc.Vec3","y":-277},"_scale":{"__type__":"cc.Vec3","x":1,"y":1,"z":1},"_zIndex":0},{"__type__":"cc.Node","_name":"bar","_parent":{"__id__":9},"_components":[{"__id__":11}],"_contentSize":{"__type__":"cc.Size","height":46},"_anchorPoint":{"__type__":"cc.Vec2","y":0.5},"_position":{"__type__":"cc.Vec3","x":-279.5},"_scale":{"__type__":"cc.Vec3","x":1,"y":1,"z":1},"_zIndex":0},{"__type__":"cc.Sprite","node":{"__id__":10},"_spriteFrame":{"__uuid__":"f6yxO6tzZM75XyErwYQDeE"},"_type":1,"_sizeMode":0},{"__type__":"cc.ProgressBar","node":{"__id__":9},"_N$totalLength":559,"_N$barSprite":{"__id__":11},"_N$progress":0},{"__type__":"cc.Node","_name":"txt_desc","_parent":{"__id__":2},"_level":1,"_components":[{"__id__":14},{"__type__":"cc.Widget","node":{"__id__":13},"_alignFlags":16}],"_contentSize":{"__type__":"cc.Size","width":400.14,"height":40},"_position":{"__type__":"cc.Vec3","y":-225},"_scale":{"__type__":"cc.Vec3","x":1,"y":1,"z":1},"_zIndex":0},{"__type__":"cc.Label","node":{"__id__":13},"_useOriginalSize":false,"_string":"正在解压资源1/2，解压不消耗流量","_N$string":"正在解压资源1/2，解压不消耗流量","_fontSize":26,"_N$horizontalAlign":1,"_N$verticalAlign":1},{"__type__":"cc.Node","_name":"txt_load","_parent":{"__id__":2},"_level":1,"_components":[{"__id__":16},{"__type__":"cc.Widget","node":{"__id__":15},"_alignFlags":16}],"_contentSize":{"__type__":"cc.Size","width":44.8,"height":40},"_position":{"__type__":"cc.Vec3","y":-276},"_scale":{"__type__":"cc.Vec3","x":1,"y":1,"z":1},"_zIndex":0},{"__type__":"cc.Label","node":{"__id__":15},"_useOriginalSize":false,"_string":" 0%","_N$string":" 0%","_fontSize":26,"_N$horizontalAlign":1,"_N$verticalAlign":1},{"__type__":"cc.Node","_name":"btn_moregame_menu","_parent":{"__id__":2},"_children":[{"__id__":18},{"__id__":19}],"_level":1,"_components":[{"__type__":"cc.Sprite","node":{"__id__":17},"_spriteFrame":{"__uuid__":"b8QeGQwU9AoJzB1tzpQnmo"}},{"__id__":20}],"_contentSize":{"__type__":"cc.Size","width":61,"height":177},"_position":{"__type__":"cc.Vec3","x":-331,"y":-7},"_scale":{"__type__":"cc.Vec3","x":1,"y":1,"z":1},"_zIndex":0},{"__type__":"cc.Node","_name":"spr_red","_parent":{"__id__":17},"_level":3,"_components":[{"__type__":"cc.Sprite","node":{"__id__":18},"_spriteFrame":{"__uuid__":"a3yReL+RlI24DzPh2JUMAA"}}],"_contentSize":{"__type__":"cc.Size","width":31,"height":35},"_position":{"__type__":"cc.Vec3","x":17,"y":79},"_scale":{"__type__":"cc.Vec3","x":1,"y":1,"z":1},"_zIndex":0},{"__type__":"cc.Node","_name":"spr_arrow","_parent":{"__id__":17},"_level":2,"_components":[{"__type__":"cc.Sprite","node":{"__id__":19},"_spriteFrame":{"__uuid__":"4dB9vs+qVA1oFegZAs5qHv"}}],"_contentSize":{"__type__":"cc.Size","width":26,"height":22},"_position":{"__type__":"cc.Vec3","x":-3.2,"y":-62.7},"_scale":{"__type__":"cc.Vec3","x":1,"y":1,"z":1},"_zIndex":0},{"__type__":"cc.Button","node":{"__id__":17},"clickEvents":[{"__type__":"cc.ClickEvent","target":{"__id__":2},"component":"login","handler":"onMoregameMenu"}],"_N$normalColor":{"__type__":"cc.Color","r":255,"g":255,"b":255},"_N$pressedColor":{"__type__":"cc.Color","r":255,"g":255,"b":255},"pressedColor":{"__type__":"cc.Color","r":255,"g":255,"b":255},"_N$disabledColor":{"__type__":"cc.Color","r":255,"g":255,"b":255},"_N$normalSprite":{"__uuid__":"2cIrcz4jBKXYm/Ny71dLn+"},"_N$pressedSprite":{"__uuid__":"e97GVMl6JHh5Ml5qEDdSGa"},"pressedSprite":{"__uuid__":"e97GVMl6JHh5Ml5qEDdSGa"},"_N$hoverSprite":{"__uuid__":"f0BIwQ8D5Ml7nTNQbh1YlS"},"hoverSprite":{"__uuid__":"f0BIwQ8D5Ml7nTNQbh1YlS"},"_N$disabledSprite":{"__uuid__":"29FYIk+N1GYaeWH/q1NxQO"},"_N$target":{"__id__":17}}],{"__type__":"cc.SpriteFrame","content":{"name":"btn_blue","texture":"71ZIgxgCRNKbPfUPHSGUQt","rect":[0,0,288,120],"offset":[0,0],"originalSize":[288,120],"capInsets":[0,0,0,0]}},{"__type__":"cc.Texture2D","content":"0,9729,9729,33071,33071,0"},{"__type__":"cc.SpriteFrame","content":{"name":"default_btn_disabled","texture":"71VhFCTINJM6/Ky3oX9nBT","rect":[0,0,40,40],"offset":[0,0],"originalSize":[40,40],"capInsets":[12,12,12,12]}},{"__type__":"cc.SpriteFrame","content":{"name":"touxiangkuang","texture":"78XCs5s49JArHbDNW/8PSJ","rect":[0,0,113,114],"offset":[0,0],"originalSize":[113,114],"capInsets":[0,0,0,0]}},{"__type__":"cc.Texture2D","content":"0,9729,9729,33071,33071,0"},{"__type__":"cc.SpriteFrame","content":{"name":"moregame_arrow","texture":"c0aHiQlo1HhLPxr/UY/Esi","rect":[107,424,26,22],"offset":[0,0],"originalSize":[26,22],"capInsets":[0,0,0,0]}},{"__type__":"cc.SpriteAtlas","_name":"moregame.plist","_spriteFrames":{"moregame_arrow":{"__uuid__":"4dB9vs+qVA1oFegZAs5qHv"},"moregame_bg":{"__uuid__":"9f4vUFV+1CebHEAPcCUh1T"},"moregame_bg2":{"__uuid__":"02Him7zwJMA5utS0JvIMzc"},"moregame_bottom":{"__uuid__":"9894m5S0RNgbnM2oYgImYI"},"moregame_btn":{"__uuid__":"b8QeGQwU9AoJzB1tzpQnmo"},"moregame_title":{"__uuid__":"e7L4/ooftA6pZ8OPjVGL6F"},"moregame_top":{"__uuid__":"56iEubNuNEV5+MMPILYfQG"}}},{"__type__":"cc.SpriteFrame","content":{"name":"moregame_top","texture":"c0aHiQlo1HhLPxr/UY/Esi","rect":[105,186,143,88],"offset":[0,0],"originalSize":[143,88],"rotated":1,"capInsets":[2,70,70,2]}},{"__type__":"cc.SpriteFrame","content":{"name":"denglu_logo ","texture":"d0Zr22ik1DqZCxw9h1QLAZ","rect":[0,0,668,395],"offset":[0,0],"originalSize":[668,395],"capInsets":[0,0,0,0]}},{"__type__":"cc.Texture2D","content":"1,9729,9729,33071,33071,0"},{"__type__":"cc.Texture2D","content":"0,9729,9729,33071,33071,0"},{"__type__":"cc.Texture2D","content":"0,9729,9729,33071,33071,0"},{"__type__":"cc.Texture2D","content":"0,9729,9729,33071,33071,0"},{"__type__":"cc.SpriteFrame","content":{"name":"fighting_bg","texture":"66aQ/WuGZMCY5U6vOLDItH","rect":[0,0,720,1280],"offset":[0,0],"originalSize":[720,1280],"capInsets":[0,0,0,0]}},{"__type__":"cc.SpriteFrame","content":{"name":"moregame_bottom","texture":"c0aHiQlo1HhLPxr/UY/Esi","rect":[42,365,63,69],"offset":[0,0],"originalSize":[63,69],"capInsets":[2,2,42,43]}},{"__type__":"cc.SpriteFrame","content":{"name":"moregame_bg","texture":"c0aHiQlo1HhLPxr/UY/Esi","rect":[107,331,90,91],"offset":[0,0],"originalSize":[90,91],"capInsets":[0,0,0,0]}},{"__type__":"cc.SpriteFrame","content":{"name":"red_point","texture":"eejCp99tdDZ5FezWdmVjZp","rect":[0,0,31,35],"offset":[0,0],"originalSize":[31,35],"capInsets":[0,0,0,0]}},{"__type__":"cc.Texture2D","content":"0,9729,9729,33071,33071,0"},{"__type__":"cc.Texture2D","content":"0,9729,9729,33071,33071,0"},{"__type__":"cc.SpriteFrame","content":{"name":"moregame_btn","texture":"c0aHiQlo1HhLPxr/UY/Esi","rect":[42,186,61,177],"offset":[0,0],"originalSize":[61,177],"capInsets":[0,0,0,0]}},{"__type__":"cc.Texture2D","content":"0,9729,9729,33071,33071,0"},{"__type__":"cc.SpriteFrame","content":{"name":"denglu_txt","texture":"40zmvqz9ROFLhBoJB6OOb1","rect":[0,0,221,56],"offset":[0,0],"originalSize":[221,56],"capInsets":[0,0,0,0]}},{"__type__":"cc.Texture2D","content":"0,9729,9729,33071,33071,0"},{"__type__":"cc.AudioClip","_name":"button","_native":".mp3"},{"__type__":"cc.SpriteFrame","content":{"name":"moregame_title","texture":"c0aHiQlo1HhLPxr/UY/Esi","rect":[2,2,446,38],"offset":[0,0],"originalSize":[446,38],"rotated":1,"capInsets":[0,0,0,0]}},{"__type__":"cc.Texture2D","content":"0,9729,9729,33071,33071,0"},{"__type__":"cc.SpriteFrame","content":{"name":"default_btn_pressed","texture":"b4P/PCArtIdIH38t6mlw8Y","rect":[0,0,40,40],"offset":[0,0],"originalSize":[40,40],"capInsets":[12,12,12,12]}},{"__type__":"cc.Texture2D","content":"0,9729,9729,33071,33071,0"},{"__type__":"cc.SpriteFrame","content":{"name":"default_btn_normal","texture":"e8Ueib+qJEhL6mXAHdnwbi","rect":[0,0,40,40],"offset":[0,0],"originalSize":[40,40],"capInsets":[12,12,12,12]}},{"__type__":"cc.SpriteFrame","content":{"name":"loading_bar_2","texture":"237c17uaxIuKOLkuuO4/uS","rect":[0,0,559,46],"offset":[0,0],"originalSize":[559,46],"capInsets":[0,0,0,0]}}]