{"__type__":"cc.JsonAsset","_name":"rewardTyupe1","json":[{"descr":"咸鱼翻身，就靠你了，来帮我！","id":1,"pic":"","type":1},{"descr":"大吉大利，一起来打飞机！","id":2,"pic":"","type":2},{"descr":"变态飞机，极品炮弹，无限生命，点击即玩！","id":3,"pic":"","type":2},{"descr":"有人@你，快来一起打飞机！","id":4,"pic":"","type":3},{"descr":"花样打飞机，爽到扶墙，解放你的双手！","id":5,"pic":"","type":3},{"descr":"看看你在群里排第几？来小试牛刀吧。","id":6,"pic":"","type":4},{"descr":"我刚刚突破了最高分，你要来挑战一下吗？","id":7,"pic":"","type":5}]}