{"__type__":"cc.JsonAsset","_name":"levels_All","json":[{"nextNum":0,"orderNum":0,"RateOrderNum":0,"rewardLevel":"1","id":1,"RateNextNum":0},{"nextNum":0,"orderNum":0,"RateOrderNum":0,"rewardLevel":"2","id":2,"RateNextNum":0},{"nextNum":0,"orderNum":0,"RateOrderNum":0,"rewardLevel":"3","id":3,"RateNextNum":0},{"nextNum":0,"orderNum":0,"RateOrderNum":0,"rewardLevel":"1,2,3","id":4,"RateNextNum":0},{"nextNum":0,"orderNum":0,"RateOrderNum":0,"rewardLevel":"1,2,3","id":5,"RateNextNum":0},{"nextNum":0,"orderNum":0,"RateOrderNum":0,"rewardLevel":"1,2,3","id":6,"RateNextNum":0},{"nextNum":0,"orderNum":0,"RateOrderNum":0,"rewardLevel":"1,2,3","id":7,"RateNextNum":0},{"nextNum":0,"orderNum":0,"RateOrderNum":0,"rewardLevel":"1,2,3","id":8,"RateNextNum":0},{"nextNum":0,"orderNum":0,"RateOrderNum":0,"rewardLevel":"1,2,3","id":9,"RateNextNum":0},{"nextNum":0,"orderNum":0,"RateOrderNum":0,"rewardLevel":"1,2,3","id":10,"RateNextNum":0},{"nextNum":0,"orderNum":0,"RateOrderNum":0,"rewardLevel":"1,2,3","id":11,"RateNextNum":0},{"nextNum":0,"orderNum":5,"RateOrderNum":100,"rewardLevel":"1,2,3","id":12,"RateNextNum":0}]}