[[{"__type__":"cc.Prefab","_name":"newExplain","data":{"__id__":1}},{"__type__":"cc.Node","_name":"newExplain","_children":[{"__id__":2},{"__id__":3},{"__id__":4},{"__id__":5},{"__id__":6},{"__id__":7},{"__id__":8},{"__id__":9},{"__id__":10}],"_level":1,"_components":[{"__type__":"69976s3mDpKraQJneE5OL4d","node":{"__id__":1}},{"__type__":"cc.Widget","node":{"__id__":1},"_alignFlags":45,"_originalWidth":720,"_originalHeight":1280}],"_prefab":{"__type__":"cc.PrefabInfo","root":{"__id__":1},"asset":{"__uuid__":"06BflYYp9NoIrm0xVyesDc"},"fileId":"ba9n0P6/ZPM4ntc70gWW/K"},"_contentSize":{"__type__":"cc.Size","width":720,"height":1280},"_position":{"__type__":"cc.Vec3","x":360,"y":640},"_scale":{"__type__":"cc.Vec3","x":1,"y":1,"z":1},"_zIndex":0},{"__type__":"cc.Node","_name":"New Sprite","_parent":{"__id__":1},"_level":2,"_components":[{"__type__":"cc.Sprite","node":{"__id__":2},"_spriteFrame":{"__uuid__":"75uzCQ4iNC/JilcDZbJItK"}}],"_prefab":{"__type__":"cc.PrefabInfo","root":{"__id__":1},"asset":{"__uuid__":"06BflYYp9NoIrm0xVyesDc"},"fileId":"578oWg0QdDObxvV4W59lT8"},"_contentSize":{"__type__":"cc.Size","width":532,"height":487},"_position":{"__type__":"cc.Vec3","x":-4,"y":13},"_scale":{"__type__":"cc.Vec3","x":1,"y":1,"z":1},"_zIndex":0},{"__type__":"cc.Node","_name":"spr_title","_parent":{"__id__":1},"_level":2,"_components":[{"__type__":"cc.Sprite","node":{"__id__":3},"_spriteFrame":{"__uuid__":"8d7GezNzdLKID1qB/lyqPJ"}}],"_prefab":{"__type__":"cc.PrefabInfo","root":{"__id__":1},"asset":{"__uuid__":"06BflYYp9NoIrm0xVyesDc"},"fileId":"059A+HYFhD5rUrXpm/lIMe"},"_contentSize":{"__type__":"cc.Size","width":216,"height":63},"_position":{"__type__":"cc.Vec3","x":-4,"y":197},"_scale":{"__type__":"cc.Vec3","x":1,"y":1,"z":1},"_zIndex":0},{"__type__":"cc.Node","_name":"New Sprite","_parent":{"__id__":1},"_level":2,"_components":[{"__type__":"cc.Sprite","node":{"__id__":4},"_spriteFrame":{"__uuid__":"18z6rig2pJh6A+HPhJTRKk"}}],"_prefab":{"__type__":"cc.PrefabInfo","root":{"__id__":1},"asset":{"__uuid__":"06BflYYp9NoIrm0xVyesDc"},"fileId":"91qCf8KmlBR7cVQ9okJvl5"},"_contentSize":{"__type__":"cc.Size","width":189,"height":252},"_position":{"__type__":"cc.Vec3","x":-132,"y":-2},"_scale":{"__type__":"cc.Vec3","x":1,"y":1,"z":1},"_zIndex":0},{"__type__":"cc.Node","_name":"New Sprite","_parent":{"__id__":1},"_level":2,"_components":[{"__type__":"cc.Sprite","node":{"__id__":5},"_spriteFrame":{"__uuid__":"c9k542ONNNS7VILadE2hGu"},"_sizeMode":2}],"_prefab":{"__type__":"cc.PrefabInfo","root":{"__id__":1},"asset":{"__uuid__":"06BflYYp9NoIrm0xVyesDc"},"fileId":"bfavfhdn9CYKYch55wWQtH"},"_contentSize":{"__type__":"cc.Size","width":189,"height":252},"_position":{"__type__":"cc.Vec3","x":-131,"y":-1},"_scale":{"__type__":"cc.Vec3","x":1,"y":1,"z":1},"_zIndex":0},{"__type__":"cc.Node","_name":"New Sprite","_parent":{"__id__":1},"_level":2,"_components":[{"__type__":"cc.Sprite","node":{"__id__":6},"_spriteFrame":{"__uuid__":"7efInwNntMqbJRr63zBbkK"}}],"_prefab":{"__type__":"cc.PrefabInfo","root":{"__id__":1},"asset":{"__uuid__":"06BflYYp9NoIrm0xVyesDc"},"fileId":"cdOevNolBJ5rg/EFMfOY6Y"},"_contentSize":{"__type__":"cc.Size","width":189,"height":252},"_position":{"__type__":"cc.Vec3","x":122.5,"y":-2},"_scale":{"__type__":"cc.Vec3","x":1,"y":1,"z":1},"_zIndex":0},{"__type__":"cc.Node","_name":"New Sprite","_parent":{"__id__":1},"_level":2,"_components":[{"__type__":"cc.Sprite","node":{"__id__":7},"_spriteFrame":{"__uuid__":"c9k542ONNNS7VILadE2hGu"},"_sizeMode":2}],"_prefab":{"__type__":"cc.PrefabInfo","root":{"__id__":1},"asset":{"__uuid__":"06BflYYp9NoIrm0xVyesDc"},"fileId":"09M0YO65RGo7DtS6CpBdn3"},"_contentSize":{"__type__":"cc.Size","width":189,"height":252},"_position":{"__type__":"cc.Vec3","x":122.3,"y":-2.4},"_scale":{"__type__":"cc.Vec3","x":1,"y":1,"z":1},"_zIndex":0},{"__type__":"cc.Node","_name":"btn_close","_parent":{"__id__":1},"_level":2,"_components":[{"__type__":"cc.Sprite","node":{"__id__":8},"_spriteFrame":{"__uuid__":"3c1wj5ZdtGm4xaiSY+kOn8"},"_type":1,"_sizeMode":2},{"__type__":"cc.Button","node":{"__id__":8},"clickEvents":[{"__type__":"cc.ClickEvent","target":{"__id__":1},"component":"newExplain","handler":"onBtnClose"}],"_N$transition":3,"transition":3,"_N$normalColor":{"__type__":"cc.Color","r":255,"g":255,"b":255},"_N$pressedColor":{"__type__":"cc.Color","r":255,"g":255,"b":255},"pressedColor":{"__type__":"cc.Color","r":255,"g":255,"b":255},"_N$disabledColor":{"__type__":"cc.Color","r":255,"g":255,"b":255},"_N$normalSprite":{"__uuid__":"20UD9nuiZPjJcsjGJ/0SPS"},"_N$pressedSprite":{"__uuid__":"e97GVMl6JHh5Ml5qEDdSGa"},"pressedSprite":{"__uuid__":"e97GVMl6JHh5Ml5qEDdSGa"},"_N$hoverSprite":{"__uuid__":"f0BIwQ8D5Ml7nTNQbh1YlS"},"hoverSprite":{"__uuid__":"f0BIwQ8D5Ml7nTNQbh1YlS"},"_N$disabledSprite":{"__uuid__":"29FYIk+N1GYaeWH/q1NxQO"},"_N$target":{"__id__":8}}],"_prefab":{"__type__":"cc.PrefabInfo","root":{"__id__":1},"asset":{"__uuid__":"06BflYYp9NoIrm0xVyesDc"},"fileId":"a2jslUcAFNkorjYdpJGtLa"},"_contentSize":{"__type__":"cc.Size","width":112,"height":86},"_position":{"__type__":"cc.Vec3","x":220.3,"y":224.5},"_scale":{"__type__":"cc.Vec3","x":1,"y":1,"z":1},"_zIndex":0},{"__type__":"cc.Node","_name":"txt_desc1","_parent":{"__id__":1},"_level":2,"_components":[{"__type__":"cc.Label","node":{"__id__":9},"_useOriginalSize":false,"_string":"击落敌方飞机","_N$string":"击落敌方飞机","_fontSize":24,"_lineHeight":30,"_N$horizontalAlign":1,"_N$verticalAlign":1},{"__type__":"cc.LabelOutline","node":{"__id__":9},"_width":0.1}],"_prefab":{"__type__":"cc.PrefabInfo","root":{"__id__":1},"asset":{"__uuid__":"06BflYYp9NoIrm0xVyesDc"},"fileId":"8ezd1jv8dM75wh+OVo8OHH"},"_contentSize":{"__type__":"cc.Size","width":144.2,"height":30},"_position":{"__type__":"cc.Vec3","x":-133.8,"y":-157.7},"_scale":{"__type__":"cc.Vec3","x":1,"y":1,"z":1},"_zIndex":0},{"__type__":"cc.Node","_name":"txt_desc1","_parent":{"__id__":1},"_level":2,"_components":[{"__type__":"cc.Label","node":{"__id__":10},"_useOriginalSize":false,"_string":"躲避敌机与子弹\n避免死亡","_N$string":"躲避敌机与子弹\n避免死亡","_fontSize":24,"_lineHeight":24,"_N$verticalAlign":1},{"__type__":"cc.LabelOutline","node":{"__id__":10},"_width":0.1}],"_prefab":{"__type__":"cc.PrefabInfo","root":{"__id__":1},"asset":{"__uuid__":"06BflYYp9NoIrm0xVyesDc"},"fileId":"61jz3Jh85PhLpbxP1FF8rc"},"_contentSize":{"__type__":"cc.Size","width":168.2,"height":48},"_position":{"__type__":"cc.Vec3","x":116.3,"y":-165.4},"_scale":{"__type__":"cc.Vec3","x":1,"y":1,"z":1},"_zIndex":0}],{"__type__":"cc.SpriteFrame","content":{"name":"newexplain_item1","texture":"b1j3NERslMD56uBlyoRUGc","rect":[536,256,189,252],"offset":[0,0],"originalSize":[189,252],"rotated":1,"capInsets":[0,0,0,0]}},{"__type__":"cc.SpriteFrame","content":{"name":"fenxiang_fanhuianniu","texture":"b72N5vNotFpZBX2XU8k44d","rect":[0,0,82,82],"offset":[0,0],"originalSize":[82,82],"capInsets":[0,0,0,0]}},{"__type__":"cc.SpriteFrame","content":{"name":"qiandao_fanhui","texture":"c8tN9j67hKyK0G/6rgJwU8","rect":[0,0,112,86],"offset":[0,0],"originalSize":[112,86],"capInsets":[0,0,0,0]}},{"__type__":"cc.SpriteFrame","content":{"name":"newexplain_bg2","texture":"b1j3NERslMD56uBlyoRUGc","rect":[2,2,532,487],"offset":[0,0],"originalSize":[532,487],"capInsets":[0,0,0,0]}},{"__type__":"cc.SpriteFrame","content":{"name":"newexplain_item2","texture":"b1j3NERslMD56uBlyoRUGc","rect":[536,2,189,252],"offset":[0,0],"originalSize":[189,252],"capInsets":[0,0,0,0]}},{"__type__":"cc.SpriteFrame","content":{"name":"newexplain_title","texture":"b1j3NERslMD56uBlyoRUGc","rect":[790,256,216,63],"offset":[0,0],"originalSize":[216,63],"rotated":1,"capInsets":[0,0,0,0]}},{"__type__":"cc.SpriteFrame","content":{"name":"newexplain_bg1","texture":"b1j3NERslMD56uBlyoRUGc","rect":[727,2,189,252],"offset":[0,0],"originalSize":[189,252],"capInsets":[0,0,0,0]}}]