[{"__type__":"cc.SpriteFrame","content":{"name":"star_eff_10","texture":"7ccNgw1tZJ7qtWrGCygJPL","rect":[200,90,2,6],"offset":[0,0],"originalSize":[2,6],"capInsets":[0,0,0,0]}},{"__type__":"cc.SpriteFrame","content":{"name":"star_eff_2","texture":"7ccNgw1tZJ7qtWrGCygJPL","rect":[276,2,84,56],"offset":[0,0],"originalSize":[84,56],"rotated":1,"capInsets":[0,0,0,0]}},{"__type__":"cc.SpriteFrame","content":{"name":"star_eff_1","texture":"7ccNgw1tZJ7qtWrGCygJPL","rect":[334,46,34,46],"offset":[0,0],"originalSize":[34,46],"capInsets":[0,0,0,0]}},{"__type__":"cc.SpriteFrame","content":{"name":"star_eff_4","texture":"7ccNgw1tZJ7qtWrGCygJPL","rect":[334,2,42,98],"offset":[0,0],"originalSize":[42,98],"rotated":1,"capInsets":[0,0,0,0]}},{"__type__":"cc.SpriteFrame","content":{"name":"star_eff_6","texture":"7ccNgw1tZJ7qtWrGCygJPL","rect":[190,2,86,84],"offset":[0,0],"originalSize":[86,84],"rotated":1,"capInsets":[0,0,0,0]}},{"__type__":"cc.SpriteAtlas","_name":"starEff.plist","_spriteFrames":{"star_eff_1":{"__uuid__":"7eS+O/0TZG3qufBr9D1fIU"},"star_eff_10":{"__uuid__":"79FC/ZjnRNUKqn/q0MEfzn"},"star_eff_2":{"__uuid__":"7aI7qmfRpIzZ8daExA3Gza"},"star_eff_3":{"__uuid__":"ecLu+JGRJL9rGa1p92jJpx"},"star_eff_4":{"__uuid__":"b2of94ow9FPqYlQGIP4MoB"},"star_eff_5":{"__uuid__":"f1Kl5ibFtD/pS4JQnE5nuT"},"star_eff_6":{"__uuid__":"bdi72OTNtCN43EQAiaVXOq"},"star_eff_7":{"__uuid__":"feRNTAKxFCSbftv7S5oFTa"},"star_eff_8":{"__uuid__":"cbYLWV56lDhYsIEyRQjorR"},"star_eff_9":{"__uuid__":"ffviv7ntZFLqe6kMN+RelF"}}},{"__type__":"cc.SpriteFrame","content":{"name":"star_eff_8","texture":"7ccNgw1tZJ7qtWrGCygJPL","rect":[370,64,10,12],"offset":[0,0],"originalSize":[10,12],"capInsets":[0,0,0,0]}},{"__type__":"cc.SpriteFrame","content":{"name":"star_eff_3","texture":"7ccNgw1tZJ7qtWrGCygJPL","rect":[2,2,94,100],"offset":[0,0],"originalSize":[94,100],"rotated":1,"capInsets":[0,0,0,0]}},{"__type__":"cc.SpriteFrame","content":{"name":"star_eff_5","texture":"7ccNgw1tZJ7qtWrGCygJPL","rect":[104,2,84,94],"offset":[0,0],"originalSize":[84,94],"capInsets":[0,0,0,0]}},{"__type__":"cc.SpriteFrame","content":{"name":"star_eff_7","texture":"7ccNgw1tZJ7qtWrGCygJPL","rect":[370,46,12,16],"offset":[0,0],"originalSize":[12,16],"capInsets":[0,0,0,0]}},{"__type__":"cc.SpriteFrame","content":{"name":"star_eff_9","texture":"7ccNgw1tZJ7qtWrGCygJPL","rect":[190,90,6,8],"offset":[0,0],"originalSize":[6,8],"rotated":1,"capInsets":[0,0,0,0]}}]