[{"__type__":"cc.SpriteFrame","content":{"name":"battle_socre","texture":"1fbGHHvr1Ina66sFo8J1Is","rect":[395,429,116,27],"offset":[0,0],"originalSize":[116,27],"rotated":1,"capInsets":[0,0,0,0]}},{"__type__":"cc.SpriteFrame","content":{"name":"battle_ower","texture":"1fbGHHvr1Ina66sFo8J1Is","rect":[109,553,200,195],"offset":[0,0],"originalSize":[200,195],"rotated":1,"capInsets":[0,0,0,0]}},{"__type__":"cc.SpriteFrame","content":{"name":"battle_item_clicked","texture":"1fbGHHvr1Ina66sFo8J1Is","rect":[109,2,549,125],"offset":[0,0],"originalSize":[549,125],"rotated":1,"capInsets":[0,0,0,0]}},{"__type__":"cc.SpriteFrame","content":{"name":"battle_ower_score","texture":"1fbGHHvr1Ina66sFo8J1Is","rect":[358,429,445,29],"offset":[0,0],"originalSize":[445,29],"rotated":1,"capInsets":[0,0,0,0]}},{"__type__":"cc.SpriteFrame","content":{"name":"battle_default_icon","texture":"1fbGHHvr1Ina66sFo8J1Is","rect":[2,841,101,101],"offset":[0,0],"originalSize":[101,101],"capInsets":[0,0,0,0]}},{"__type__":"cc.SpriteFrame","content":{"name":"battle_eff","texture":"1fbGHHvr1Ina66sFo8J1Is","rect":[109,755,194,195],"offset":[0,0],"originalSize":[194,195],"rotated":1,"capInsets":[0,0,0,0]}},{"__type__":"cc.SpriteFrame","content":{"name":"battle_line","texture":"1fbGHHvr1Ina66sFo8J1Is","rect":[389,429,238,4],"offset":[0,0],"originalSize":[238,4],"rotated":1,"capInsets":[0,0,0,0]}},{"__type__":"cc.SpriteFrame","content":{"name":"battle_bg","texture":"1fbGHHvr1Ina66sFo8J1Is","rect":[2,2,105,837],"offset":[0,0],"originalSize":[105,837],"capInsets":[82,0,4,0]}},{"__type__":"cc.SpriteFrame","content":{"name":"battle_item","texture":"1fbGHHvr1Ina66sFo8J1Is","rect":[236,2,533,109],"offset":[0,0],"originalSize":[533,109],"rotated":1,"capInsets":[0,0,0,0]}},{"__type__":"cc.SpriteFrame","content":{"name":"battle_cur_score","texture":"1fbGHHvr1Ina66sFo8J1Is","rect":[347,2,425,81],"offset":[0,0],"originalSize":[425,81],"rotated":1,"capInsets":[0,0,0,0]}},{"__type__":"cc.SpriteAtlas","_name":"battle.plist","_spriteFrames":{"battle_bg":{"__uuid__":"7fOsdg83tMiKfwUxBQ4Tit"},"battle_cur_score":{"__uuid__":"8bvW2TSVVOzqSfKyg4yTeA"},"battle_default_icon":{"__uuid__":"2fH4k3kp9LjqIfh4JDB5qc"},"battle_eff":{"__uuid__":"3e/nDxgzlCmIElUewmNaa3"},"battle_item":{"__uuid__":"87ReOh6b5DuJih1M64ryS5"},"battle_item_clicked":{"__uuid__":"1cyx3pqPRM96xSdsR7rMa1"},"battle_line":{"__uuid__":"54NakwBEZI5qVwhl/aRT6m"},"battle_ower":{"__uuid__":"1arrxqFKNKPoEAKw5y2I8E"},"battle_ower_score":{"__uuid__":"2c1pQW6ZZOGZETDVJsG8jT"},"battle_plane_bg":{"__uuid__":"ablNw70shIJK1OTTi3/AP8"},"battle_rank":{"__uuid__":"e2wf6zcs1NZamdTPVjj4b7"},"battle_sender":{"__uuid__":"e6i3poCRlLzpzHHSyOHS5W"},"battle_socre":{"__uuid__":"05bPEtxmhGV6j9vLWRlDm4"}}},{"__type__":"cc.SpriteFrame","content":{"name":"battle_plane_bg","texture":"1fbGHHvr1Ina66sFo8J1Is","rect":[306,876,81,84],"offset":[0,0],"originalSize":[81,84],"rotated":1,"capInsets":[0,0,0,0]}},{"__type__":"cc.SpriteFrame","content":{"name":"battle_rank","texture":"1fbGHHvr1Ina66sFo8J1Is","rect":[306,537,247,50],"offset":[0,0],"originalSize":[247,50],"rotated":1,"capInsets":[0,0,0,0]}},{"__type__":"cc.SpriteFrame","content":{"name":"battle_sender","texture":"1fbGHHvr1Ina66sFo8J1Is","rect":[306,786,71,21],"offset":[0,0],"originalSize":[71,21],"rotated":1,"capInsets":[0,0,0,0]}}]