[[{"__type__":"cc.Prefab","_name":"loading","data":{"__id__":1}},{"__type__":"cc.Node","_name":"loading","_children":[{"__id__":2}],"_level":1,"_components":[{"__type__":"4a90dJn4hVMCp4NM2ulrHsS","node":{"__id__":1},"imgLoading":{"__id__":3}},{"__type__":"cc.Widget","node":{"__id__":1},"_alignFlags":45,"_originalWidth":720,"_originalHeight":1280}],"_prefab":{"__type__":"cc.PrefabInfo","root":{"__id__":1},"asset":{"__uuid__":"7411Y+aH9PlKSt7of5Rbs2"},"fileId":"c0G/OYJlRD3bKOr4KbjZhK"},"_contentSize":{"__type__":"cc.Size","width":720,"height":1280},"_position":{"__type__":"cc.Vec3","x":360,"y":640},"_scale":{"__type__":"cc.Vec3","x":1,"y":1,"z":1},"_zIndex":0},{"__type__":"cc.Node","_name":"img_circle","_parent":{"__id__":1},"_level":2,"_components":[{"__id__":3}],"_prefab":{"__type__":"cc.PrefabInfo","root":{"__id__":1},"asset":{"__uuid__":"7411Y+aH9PlKSt7of5Rbs2"},"fileId":"4a1ds003pBCJqb14IVpDud"},"_contentSize":{"__type__":"cc.Size","width":111,"height":111},"_scale":{"__type__":"cc.Vec3","x":1,"y":1,"z":1},"_zIndex":0},{"__type__":"cc.Sprite","node":{"__id__":2},"_spriteFrame":{"__uuid__":"d12DBPqi9GRa+KzSZpdLjK"}}],{"__type__":"cc.SpriteFrame","content":{"name":"loading","texture":"849CDVxeFEDJxHIXkUUwaY","rect":[0,0,111,111],"offset":[0,0],"originalSize":[111,111],"capInsets":[0,0,0,0]}}]