{"__type__":"cc.JsonAsset","_name":"level_pass_reward_2","json":[{"reward1":0,"reward2":0,"id":1,"reward5":0,"reward6":0,"reward3":0,"reward4":0},{"reward1":0,"reward2":0,"id":2,"reward5":0,"reward6":0,"reward3":0,"reward4":0},{"reward1":0,"reward2":0,"id":3,"reward5":0,"reward6":0,"reward3":0,"reward4":0},{"reward1":0,"reward2":0,"id":4,"reward5":0,"reward6":0,"reward3":0,"reward4":0},{"reward1":18,"reward2":18,"id":5,"reward5":18,"reward6":18,"reward3":18,"reward4":18},{"reward1":18,"reward2":0,"id":6,"reward5":0,"reward6":18,"reward3":18,"reward4":18},{"reward1":18,"reward2":0,"id":7,"reward5":0,"reward6":18,"reward3":0,"reward4":0},{"reward1":18,"reward2":0,"id":8,"reward5":0,"reward6":18,"reward3":0,"reward4":0},{"reward1":18,"reward2":0,"id":9,"reward5":0,"reward6":18,"reward3":0,"reward4":0},{"reward1":18,"reward2":0,"id":10,"reward5":0,"reward6":18,"reward3":0,"reward4":0},{"reward1":18,"reward2":0,"id":11,"reward5":0,"reward6":18,"reward3":0,"reward4":0},{"reward1":18,"reward2":0,"id":12,"reward5":0,"reward6":18,"reward3":0,"reward4":0},{"reward1":18,"reward2":0,"id":13,"reward5":0,"reward6":18,"reward3":0,"reward4":0},{"reward1":18,"reward2":0,"id":14,"reward5":0,"reward6":18,"reward3":0,"reward4":0},{"reward1":18,"reward2":0,"id":15,"reward5":0,"reward6":18,"reward3":0,"reward4":0},{"reward1":18,"reward2":0,"id":16,"reward5":0,"reward6":18,"reward3":0,"reward4":0},{"reward1":18,"reward2":0,"id":17,"reward5":0,"reward6":18,"reward3":0,"reward4":0},{"reward1":18,"reward2":0,"id":18,"reward5":0,"reward6":18,"reward3":0,"reward4":0},{"reward1":18,"reward2":0,"id":19,"reward5":0,"reward6":18,"reward3":0,"reward4":0},{"reward1":18,"reward2":0,"id":20,"reward5":0,"reward6":18,"reward3":0,"reward4":0},{"reward1":18,"reward2":0,"id":21,"reward5":0,"reward6":18,"reward3":0,"reward4":0},{"reward1":18,"reward2":0,"id":22,"reward5":0,"reward6":18,"reward3":0,"reward4":0},{"reward1":18,"reward2":0,"id":23,"reward5":0,"reward6":18,"reward3":0,"reward4":0},{"reward1":18,"reward2":0,"id":24,"reward5":0,"reward6":18,"reward3":0,"reward4":0},{"reward1":18,"reward2":0,"id":25,"reward5":0,"reward6":18,"reward3":0,"reward4":0},{"reward1":18,"reward2":0,"id":26,"reward5":0,"reward6":18,"reward3":0,"reward4":0},{"reward1":18,"reward2":0,"id":27,"reward5":0,"reward6":18,"reward3":0,"reward4":0},{"reward1":0,"reward2":6,"id":28,"reward5":6,"reward6":0,"reward3":0,"reward4":0},{"reward1":0,"reward2":0,"id":29,"reward5":0,"reward6":0,"reward3":8,"reward4":15},{"reward1":0,"reward2":0,"id":30,"reward5":0,"reward6":0,"reward3":0,"reward4":0},{"reward1":18,"reward2":0,"id":31,"reward5":0,"reward6":18,"reward3":0,"reward4":0},{"reward1":18,"reward2":0,"id":32,"reward5":0,"reward6":18,"reward3":0,"reward4":0},{"reward1":18,"reward2":0,"id":33,"reward5":0,"reward6":18,"reward3":0,"reward4":0},{"reward1":18,"reward2":0,"id":34,"reward5":0,"reward6":18,"reward3":0,"reward4":0},{"reward1":18,"reward2":0,"id":35,"reward5":0,"reward6":18,"reward3":0,"reward4":0},{"reward1":18,"reward2":0,"id":36,"reward5":0,"reward6":18,"reward3":0,"reward4":0},{"reward1":18,"reward2":0,"id":37,"reward5":0,"reward6":18,"reward3":0,"reward4":0},{"reward1":18,"reward2":0,"id":38,"reward5":0,"reward6":18,"reward3":0,"reward4":0},{"reward1":18,"reward2":0,"id":39,"reward5":0,"reward6":18,"reward3":0,"reward4":0},{"reward1":18,"reward2":0,"id":40,"reward5":0,"reward6":18,"reward3":0,"reward4":0},{"reward1":18,"reward2":0,"id":41,"reward5":0,"reward6":18,"reward3":0,"reward4":0},{"reward1":18,"reward2":0,"id":42,"reward5":0,"reward6":18,"reward3":0,"reward4":0},{"reward1":18,"reward2":0,"id":43,"reward5":0,"reward6":18,"reward3":0,"reward4":0},{"reward1":18,"reward2":0,"id":44,"reward5":0,"reward6":18,"reward3":0,"reward4":0},{"reward1":18,"reward2":0,"id":45,"reward5":0,"reward6":18,"reward3":0,"reward4":0},{"reward1":18,"reward2":0,"id":46,"reward5":0,"reward6":18,"reward3":0,"reward4":0},{"reward1":18,"reward2":0,"id":47,"reward5":0,"reward6":18,"reward3":0,"reward4":0},{"reward1":18,"reward2":0,"id":48,"reward5":0,"reward6":18,"reward3":0,"reward4":0},{"reward1":18,"reward2":0,"id":49,"reward5":0,"reward6":18,"reward3":0,"reward4":0},{"reward1":18,"reward2":0,"id":50,"reward5":0,"reward6":18,"reward3":0,"reward4":0},{"reward1":18,"reward2":0,"id":51,"reward5":0,"reward6":18,"reward3":0,"reward4":0},{"reward1":18,"reward2":0,"id":52,"reward5":0,"reward6":18,"reward3":0,"reward4":0},{"reward1":18,"reward2":18,"id":53,"reward5":18,"reward6":18,"reward3":18,"reward4":18}]}