{"__type__":"cc.JsonAsset","_name":"lineup_1003","json":[{"enemy7":"0","enemy6":"0","enemy5":"6","id":1,"enemy4":"0","enemy3":"6","enemy2":"0","enemy1":"0"},{"enemy7":"0","enemy6":"0","enemy5":"0","id":2,"enemy4":"0","enemy3":"0","enemy2":"0","enemy1":"0"},{"enemy7":"0","enemy6":"5","enemy5":"0","id":3,"enemy4":"0","enemy3":"0","enemy2":"5","enemy1":"0"},{"enemy7":"0","enemy6":"0","enemy5":"0","id":4,"enemy4":"0","enemy3":"0","enemy2":"0","enemy1":"0"},{"enemy7":"5","enemy6":"0","enemy5":"0","id":5,"enemy4":"0","enemy3":"0","enemy2":"0","enemy1":"5"}]}