{"__type__":"cc.JsonAsset","_name":"level_6","json":[{"nextOrderNum":2,"drop":"18","boomNum":"0","route":"5","num":4,"orderNum":1,"pid":1,"delayTime":0.8,"id":6,"ballistic":"0","enemyID":6,"speed":0},{"nextOrderNum":3,"drop":"1#18,2#0,3#18","boomNum":"0","route":"6","num":3,"orderNum":2,"pid":2,"delayTime":0.8,"id":6,"ballistic":"1","enemyID":4,"speed":0},{"nextOrderNum":4,"drop":"18","boomNum":"1,2","route":"2","num":1,"orderNum":3,"pid":3,"delayTime":0.7,"id":6,"ballistic":"1","enemyID":3,"speed":2},{"nextOrderNum":5,"drop":"10001","boomNum":"0","route":"0","num":1,"orderNum":4,"pid":4,"delayTime":0,"id":6,"ballistic":"2","enemyID":8,"speed":2},{"nextOrderNum":6,"drop":"10007","boomNum":"1,2","route":"1","num":1,"orderNum":5,"pid":5,"delayTime":0,"id":6,"ballistic":"2","enemyID":8,"speed":1},{"nextOrderNum":7,"drop":"18","boomNum":"0","route":"4","num":3,"orderNum":6,"pid":6,"delayTime":0.6,"id":6,"ballistic":"1","enemyID":4,"speed":1.5},{"nextOrderNum":8,"drop":"1#18,2#18,3#0,4#18","boomNum":"0","route":"3","num":4,"orderNum":7,"pid":7,"delayTime":0.6,"id":6,"ballistic":"1","enemyID":5,"speed":1},{"nextOrderNum":9,"drop":"1#15,2#10008","boomNum":"2","route":"2","num":1,"orderNum":8,"pid":8,"delayTime":0,"id":6,"ballistic":"2","enemyID":7,"speed":3},{"nextOrderNum":10,"drop":"18","boomNum":"0","route":"1","num":1,"orderNum":9,"pid":9,"delayTime":0,"id":6,"ballistic":"1","enemyID":4,"speed":2},{"nextOrderNum":11,"drop":"1#18,2#0,3#0,4#0,5#18,6#18,7#11","boomNum":"0","route":"5","num":7,"orderNum":10,"pid":10,"delayTime":0.8,"id":6,"ballistic":"2","enemyID":6,"speed":0},{"nextOrderNum":12,"drop":"1#18,2#12,3#18,4#1,5#18,6#0,7#18","boomNum":"0","route":"6","num":7,"orderNum":11,"pid":10,"delayTime":0.8,"id":6,"ballistic":"1","enemyID":4,"speed":6},{"nextOrderNum":13,"drop":"18","boomNum":"1,2","route":"2","num":3,"orderNum":12,"pid":10,"delayTime":1,"id":6,"ballistic":"2","enemyID":7,"speed":3},{"nextOrderNum":14,"drop":"1#18,2#10001,3#18","boomNum":"0","route":"0","num":3,"orderNum":13,"pid":11,"delayTime":1,"id":6,"ballistic":"2","enemyID":8,"speed":1.5},{"nextOrderNum":15,"drop":"1#18,2#8,3#18","boomNum":"0","route":"1","num":3,"orderNum":14,"pid":11,"delayTime":1,"id":6,"ballistic":"2","enemyID":8,"speed":2},{"nextOrderNum":16,"drop":"10008","boomNum":"0","route":"5","num":1,"orderNum":15,"pid":12,"delayTime":0,"id":6,"ballistic":"1","enemyID":6,"speed":1},{"nextOrderNum":17,"drop":"18","boomNum":"0","route":"6","num":1,"orderNum":16,"pid":12,"delayTime":0,"id":6,"ballistic":"1","enemyID":4,"speed":1},{"nextOrderNum":18,"drop":"1#18,2#8,3#18,4#11","boomNum":"0","route":"3","num":4,"orderNum":17,"pid":13,"delayTime":1,"id":6,"ballistic":"2","enemyID":1,"speed":4},{"nextOrderNum":19,"drop":"1#18,2#0,3#18,4#1,5#18,6#0,7#18,8#8","boomNum":"2","route":"4","num":8,"orderNum":18,"pid":13,"delayTime":0.7,"id":6,"ballistic":"1","enemyID":2,"speed":5},{"nextOrderNum":20,"drop":"10008","boomNum":"1,2","route":"2","num":1,"orderNum":19,"pid":14,"delayTime":0,"id":6,"ballistic":"2","enemyID":8,"speed":0},{"nextOrderNum":21,"drop":"0","boomNum":"0","route":"3","num":8,"orderNum":20,"pid":14,"delayTime":0.8,"id":6,"ballistic":"0","enemyID":4,"speed":5},{"nextOrderNum":22,"drop":"1#11,2#18","boomNum":"1","route":"2","num":1,"orderNum":21,"pid":15,"delayTime":0,"id":6,"ballistic":"1","enemyID":6,"speed":1},{"nextOrderNum":23,"drop":"18","boomNum":"0","route":"1","num":2,"orderNum":22,"pid":15,"delayTime":1,"id":6,"ballistic":"0","enemyID":4,"speed":1},{"nextOrderNum":24,"drop":"1#10001,2#10008","boomNum":"0","route":"5","num":2,"orderNum":23,"pid":16,"delayTime":0.6,"id":6,"ballistic":"2","enemyID":7,"speed":0},{"nextOrderNum":25,"drop":"1#18,2#10008","boomNum":"2","route":"6","num":2,"orderNum":24,"pid":16,"delayTime":0.8,"id":6,"ballistic":"2","enemyID":7,"speed":2},{"nextOrderNum":26,"drop":"18","boomNum":"0","route":"3","num":1,"orderNum":25,"pid":16,"delayTime":0,"id":6,"ballistic":"1","enemyID":5,"speed":1},{"nextOrderNum":27,"drop":"8","boomNum":"0","route":"4","num":1,"orderNum":26,"pid":16,"delayTime":0,"id":6,"ballistic":"1","enemyID":6,"speed":1},{"nextOrderNum":28,"drop":"10001","boomNum":"0","route":"0","num":1,"orderNum":27,"pid":17,"delayTime":0,"id":6,"ballistic":"0","enemyID":6,"speed":1.5},{"nextOrderNum":29,"drop":"10005","boomNum":"1,2","route":"1","num":1,"orderNum":28,"pid":17,"delayTime":0,"id":6,"ballistic":"2","enemyID":7,"speed":1},{"nextOrderNum":30,"drop":"18","boomNum":"0","route":"2","num":1,"orderNum":29,"pid":17,"delayTime":0,"id":6,"ballistic":"0","enemyID":4,"speed":2},{"nextOrderNum":31,"drop":"18","boomNum":"0","route":"0","num":1,"orderNum":30,"pid":18,"delayTime":0,"id":6,"ballistic":"0","enemyID":2,"speed":1},{"nextOrderNum":32,"drop":"10008","boomNum":"0","route":"1","num":1,"orderNum":31,"pid":18,"delayTime":0,"id":6,"ballistic":"2","enemyID":7,"speed":1.5},{"nextOrderNum":33,"drop":"18","boomNum":"0","route":"2","num":1,"orderNum":32,"pid":18,"delayTime":0,"id":6,"ballistic":"0","enemyID":4,"speed":1},{"nextOrderNum":34,"drop":"10006","boomNum":"0","route":"0","num":1,"orderNum":33,"pid":19,"delayTime":0,"id":6,"ballistic":"2","enemyID":7,"speed":2},{"nextOrderNum":35,"drop":"10003","boomNum":"2","route":"1","num":1,"orderNum":34,"pid":19,"delayTime":0,"id":6,"ballistic":"2","enemyID":8,"speed":1},{"nextOrderNum":36,"drop":"18","boomNum":"1,2","route":"2","num":1,"orderNum":35,"pid":19,"delayTime":0,"id":6,"ballistic":"2","enemyID":8,"speed":1.5},{"nextOrderNum":37,"drop":"10006","boomNum":"0","route":"0","num":1,"orderNum":36,"pid":19,"delayTime":0,"id":6,"ballistic":"2","enemyID":7,"speed":1},{"nextOrderNum":38,"drop":"18","boomNum":"1,2","route":"1","num":1,"orderNum":37,"pid":19,"delayTime":0,"id":6,"ballistic":"2","enemyID":7,"speed":2},{"nextOrderNum":39,"drop":"1#18,2#8,3#1","boomNum":"0","route":"2","num":1,"orderNum":38,"pid":19,"delayTime":0,"id":6,"ballistic":"2","enemyID":8,"speed":1},{"nextOrderNum":40,"drop":"18","boomNum":"0","route":"2","num":1,"orderNum":39,"pid":20,"delayTime":0,"id":6,"ballistic":"1","enemyID":1,"speed":1.5},{"nextOrderNum":41,"drop":"1#18,2#0,3#18,4#0,5#18,6#0,7#18,8#18","boomNum":"2","route":"3","num":8,"orderNum":40,"pid":20,"delayTime":0.8,"id":6,"ballistic":"2","enemyID":6,"speed":6},{"nextOrderNum":42,"drop":"1#18,2#0,3#18,4#1,5#18,6#0,7#18,8#18","boomNum":"0","route":"4","num":8,"orderNum":41,"pid":20,"delayTime":0.8,"id":6,"ballistic":"2","enemyID":4,"speed":6},{"nextOrderNum":43,"drop":"15","boomNum":"0","route":"6","num":1,"orderNum":42,"pid":20,"delayTime":0,"id":6,"ballistic":"1","enemyID":3,"speed":2},{"nextOrderNum":44,"drop":"10001","boomNum":"0","route":"5","num":1,"orderNum":43,"pid":20,"delayTime":0,"id":6,"ballistic":"2","enemyID":8,"speed":1.5},{"nextOrderNum":45,"drop":"18","boomNum":"1,2","route":"1#0,2#2","num":2,"orderNum":44,"pid":21,"delayTime":1,"id":6,"ballistic":"2","enemyID":7,"speed":2},{"nextOrderNum":46,"drop":"1#18,2#0,3#10001","boomNum":"0","route":"1","num":3,"orderNum":45,"pid":21,"delayTime":1,"id":6,"ballistic":"0","enemyID":5,"speed":2},{"nextOrderNum":47,"drop":"18","boomNum":"0","route":"6","num":1,"orderNum":46,"pid":22,"delayTime":0,"id":6,"ballistic":"1","enemyID":2,"speed":1},{"nextOrderNum":48,"drop":"1#18,2#0,3#11","boomNum":"0","route":"5","num":3,"orderNum":47,"pid":22,"delayTime":0.8,"id":6,"ballistic":"2","enemyID":4,"speed":1},{"nextOrderNum":49,"drop":"18","boomNum":"0","route":"6","num":1,"orderNum":48,"pid":22,"delayTime":0,"id":6,"ballistic":"1","enemyID":1,"speed":3},{"nextOrderNum":50,"drop":"1#18,2#18,3#10001","boomNum":"0","route":"1#2,2#5,3#6","num":3,"orderNum":49,"pid":23,"delayTime":0.8,"id":6,"ballistic":"2","enemyID":7,"speed":2},{"nextOrderNum":51,"drop":"1#18,2#0,3#18","boomNum":"2","route":"1","num":3,"orderNum":50,"pid":23,"delayTime":1,"id":6,"ballistic":"1","enemyID":4,"speed":2},{"nextOrderNum":52,"drop":"1#10001,2#10008,3#18","boomNum":"1,2","route":"0","num":3,"orderNum":51,"pid":23,"delayTime":1,"id":6,"ballistic":"1","enemyID":6,"speed":3},{"nextOrderNum":53,"drop":"1#18,2#10008,3#18","boomNum":"0","route":"2","num":3,"orderNum":52,"pid":23,"delayTime":1,"id":6,"ballistic":"2","enemyID":4,"speed":2},{"nextOrderNum":54,"drop":"1#18,2#8,3#18","boomNum":"1,2","route":"2","num":1,"orderNum":53,"pid":24,"delayTime":0,"id":6,"ballistic":"2,3","enemyID":7,"speed":2},{"nextOrderNum":55,"drop":"1#18,2#10001,3#18","boomNum":"0","route":"3","num":3,"orderNum":54,"pid":18,"delayTime":1,"id":6,"ballistic":"1","enemyID":2,"speed":3},{"nextOrderNum":56,"drop":"1#18,2#12,3#18","boomNum":"0","route":"1#0,2#1,3#2","num":3,"orderNum":55,"pid":19,"delayTime":1,"id":6,"ballistic":"2","enemyID":7,"speed":3},{"nextOrderNum":57,"drop":"1#18,2#11,3#18","boomNum":"1","route":"2","num":1,"orderNum":56,"pid":19,"delayTime":0,"id":6,"ballistic":"1","enemyID":6,"speed":2},{"nextOrderNum":58,"drop":"18","boomNum":"0","route":"6","num":1,"orderNum":57,"pid":19,"delayTime":0,"id":6,"ballistic":"1","enemyID":1,"speed":2},{"nextOrderNum":59,"drop":"18","boomNum":"1,2","route":"3","num":3,"orderNum":58,"pid":19,"delayTime":1,"id":6,"ballistic":"1","enemyID":5,"speed":2},{"nextOrderNum":60,"drop":"1#0,2#18","boomNum":"0","route":"0","num":2,"orderNum":59,"pid":20,"delayTime":1.5,"id":6,"ballistic":"2","enemyID":7,"speed":4},{"nextOrderNum":61,"drop":"1#18,2#11,3#18,4#0","boomNum":"0","route":"2","num":4,"orderNum":60,"pid":20,"delayTime":2,"id":6,"ballistic":"2","enemyID":8,"speed":6},{"nextOrderNum":62,"drop":"18","boomNum":"0","route":"0","num":1,"orderNum":61,"pid":20,"delayTime":0,"id":6,"ballistic":"2","enemyID":7,"speed":2.5},{"nextOrderNum":63,"drop":"18","boomNum":"0","route":"1","num":1,"orderNum":62,"pid":20,"delayTime":0,"id":6,"ballistic":"2","enemyID":8,"speed":1},{"nextOrderNum":-1,"drop":"-1","boomNum":"0","route":"2","num":1,"orderNum":63,"pid":21,"delayTime":0,"id":6,"ballistic":"2,3","enemyID":11,"speed":33}]}