[{"__type__":"cc.SpriteFrame","content":{"name":"item_18","texture":"8dDNCL83ZMbLhnWxOJ75Gx","rect":[0,0,60,56],"offset":[0,0],"originalSize":[60,56],"capInsets":[0,0,0,0]}},{"__type__":"cc.SpriteFrame","content":{"name":"btn_share","texture":"8dWtfBNFlGcLvrimq6qbOU","rect":[0,0,269,66],"offset":[0,0],"originalSize":[269,66],"capInsets":[0,0,0,0]}},{"__type__":"cc.SpriteFrame","content":{"name":"xitong_biaoti","texture":"28YkCqlHtBNasJo6XvPQT/","rect":[0,0,416,43],"offset":[0,0],"originalSize":[416,43],"capInsets":[0,0,0,0]}},{"__type__":"cc.SpriteFrame","content":{"name":"btn_video","texture":"bcvx4stJVMI70ayW0JK/VV","rect":[0,0,265,64],"offset":[0,0],"originalSize":[265,64],"capInsets":[0,0,0,0]}},{"__type__":"cc.SpriteFrame","content":{"name":"fanhuianniu","texture":"deT3HOL01DhY2Oo3+YTSca","rect":[0,0,82,82],"offset":[0,0],"originalSize":[82,82],"capInsets":[0,0,0,0]}},[{"__type__":"cc.Prefab","_name":"upgradeFail","data":{"__id__":1}},{"__type__":"cc.Node","_name":"upgradeFail","_children":[{"__id__":2},{"__id__":3},{"__id__":4},{"__id__":6},{"__id__":8},{"__id__":13},{"__id__":18}],"_level":1,"_components":[{"__type__":"5452ecdlHBCzrQV4yX/U7BN","node":{"__id__":1},"btnVideo":{"__id__":12},"btnShare":{"__id__":17},"labVideoAward":{"__id__":10},"labShareAward":{"__id__":15},"btnSound":{"__uuid__":"b5CnyjtFBNJ5UK59v+uqs2"},"spr_label":{"__id__":5},"lab_desc":{"__id__":7}},{"__type__":"cc.Canvas","node":{"__id__":1},"_designResolution":{"__type__":"cc.Size","width":720,"height":1280},"_fitWidth":true,"_fitHeight":false}],"_prefab":{"__type__":"cc.PrefabInfo","root":{"__id__":1},"asset":{"__uuid__":"8ekVmQda9ARZ2maRn/6YZp"},"fileId":"76b/GYt2ZNwbMG7WyE7sHN"},"_contentSize":{"__type__":"cc.Size","width":720,"height":1280},"_position":{"__type__":"cc.Vec3","x":360,"y":640},"_scale":{"__type__":"cc.Vec3","x":1,"y":1,"z":1},"_zIndex":0},{"__type__":"cc.Node","_name":"Main Camera","_parent":{"__id__":1},"_level":2,"_components":[{"__type__":"cc.Camera","node":{"__id__":2},"_clearFlags":7,"_depth":-1}],"_prefab":{"__type__":"cc.PrefabInfo","root":{"__id__":1},"asset":{"__uuid__":"8ekVmQda9ARZ2maRn/6YZp"},"fileId":"a7ZAmw8EBHxogVC097oYA1"},"_scale":{"__type__":"cc.Vec3","x":1,"y":1,"z":1},"_zIndex":0},{"__type__":"cc.Node","_name":"New Sprite","_parent":{"__id__":1},"_level":2,"_components":[{"__type__":"cc.Sprite","node":{"__id__":3},"_spriteFrame":{"__uuid__":"f1VSSGoylFA7aTqdvw4AQe"}}],"_prefab":{"__type__":"cc.PrefabInfo","root":{"__id__":1},"asset":{"__uuid__":"8ekVmQda9ARZ2maRn/6YZp"},"fileId":"ccJAPntvRHRqPmLBNarAIz"},"_contentSize":{"__type__":"cc.Size","width":668,"height":279},"_scale":{"__type__":"cc.Vec3","x":1,"y":1,"z":1},"_zIndex":0},{"__type__":"cc.Node","_name":"spr_label","_parent":{"__id__":1},"_level":2,"_components":[{"__id__":5}],"_prefab":{"__type__":"cc.PrefabInfo","root":{"__id__":1},"asset":{"__uuid__":"8ekVmQda9ARZ2maRn/6YZp"},"fileId":"f1mZST2r1O3KKwLm8hOjjO"},"_contentSize":{"__type__":"cc.Size","width":416,"height":43},"_position":{"__type__":"cc.Vec3","x":-1,"y":43},"_scale":{"__type__":"cc.Vec3","x":1,"y":1,"z":1},"_zIndex":0},{"__type__":"cc.Sprite","node":{"__id__":4},"_spriteFrame":{"__uuid__":"7515ov2pRPNLqdNkd06wua"}},{"__type__":"cc.Node","_name":"lab_desc","_parent":{"__id__":1},"_level":2,"_components":[{"__id__":7},{"__type__":"cc.LabelOutline","node":{"__id__":6},"_width":0.2}],"_prefab":{"__type__":"cc.PrefabInfo","root":{"__id__":1},"asset":{"__uuid__":"8ekVmQda9ARZ2maRn/6YZp"},"fileId":"2fD5nNmdVOO5Fgqhk7YS5a"},"_contentSize":{"__type__":"cc.Size","width":400.4,"height":40},"_position":{"__type__":"cc.Vec3","x":-3,"y":44.8},"_scale":{"__type__":"cc.Vec3","x":1,"y":1,"z":1},"_zIndex":0},{"__type__":"cc.Label","node":{"__id__":6},"_useOriginalSize":false,"_string":"您的星星不足无法购买","_N$string":"您的星星不足无法购买","_N$horizontalAlign":1,"_N$verticalAlign":1},{"__type__":"cc.Node","_name":"btn_video","_parent":{"__id__":1},"_children":[{"__id__":9},{"__id__":11}],"_level":2,"_components":[{"__type__":"cc.Sprite","node":{"__id__":8},"_spriteFrame":{"__uuid__":"8aTSa/RthKla+pSNeWtTDv"},"_type":1},{"__id__":12}],"_prefab":{"__type__":"cc.PrefabInfo","root":{"__id__":1},"asset":{"__uuid__":"8ekVmQda9ARZ2maRn/6YZp"},"fileId":"4ap47IiPhMCaMVhDeIDQ5D"},"_contentSize":{"__type__":"cc.Size","width":265,"height":64},"_position":{"__type__":"cc.Vec3","y":-45},"_scale":{"__type__":"cc.Vec3","x":1,"y":1,"z":1},"_zIndex":0},{"__type__":"cc.Node","_name":"lab_video_award","_parent":{"__id__":8},"_level":3,"_components":[{"__id__":10},{"__type__":"cc.LabelOutline","node":{"__id__":9},"_color":{"__type__":"cc.Color","r":106,"g":36,"b":2},"_width":2}],"_prefab":{"__type__":"cc.PrefabInfo","root":{"__id__":1},"asset":{"__uuid__":"8ekVmQda9ARZ2maRn/6YZp"},"fileId":"e1X7y8cu9EEKFdOoo6bZ/b"},"_contentSize":{"__type__":"cc.Size","width":70.74,"height":40},"_anchorPoint":{"__type__":"cc.Vec2","y":0.5},"_position":{"__type__":"cc.Vec3","x":26},"_scale":{"__type__":"cc.Vec3","x":1,"y":1,"z":1},"_zIndex":0},{"__type__":"cc.Label","node":{"__id__":9},"_useOriginalSize":false,"_string":"000","_N$string":"000","_N$horizontalAlign":1,"_N$verticalAlign":1},{"__type__":"cc.Node","_name":"New Sprite","_parent":{"__id__":8},"_level":3,"_components":[{"__type__":"cc.Sprite","node":{"__id__":11},"_spriteFrame":{"__uuid__":"62EnyOGDFG3phxrSxxxSIZ"},"_sizeMode":0}],"_prefab":{"__type__":"cc.PrefabInfo","root":{"__id__":1},"asset":{"__uuid__":"8ekVmQda9ARZ2maRn/6YZp"},"fileId":"3diH8RPAhAro2rWmfv5z03"},"_contentSize":{"__type__":"cc.Size","width":30,"height":28},"_position":{"__type__":"cc.Vec3","x":112},"_scale":{"__type__":"cc.Vec3","x":1,"y":1,"z":1},"_zIndex":0},{"__type__":"cc.Button","node":{"__id__":8},"zoomScale":1.05,"clickEvents":[{"__type__":"cc.ClickEvent","target":{"__id__":1},"component":"upgradeFail","handler":"onVideo","customEventData":"v"}],"_N$enableAutoGrayEffect":true,"_N$transition":3,"transition":3,"_N$normalColor":{"__type__":"cc.Color","r":255,"g":255,"b":255},"_N$pressedColor":{"__type__":"cc.Color","r":255,"g":255,"b":255},"pressedColor":{"__type__":"cc.Color","r":255,"g":255,"b":255},"_N$disabledColor":{"__type__":"cc.Color","r":255,"g":255,"b":255},"_N$pressedSprite":{"__uuid__":"e97GVMl6JHh5Ml5qEDdSGa"},"pressedSprite":{"__uuid__":"e97GVMl6JHh5Ml5qEDdSGa"},"_N$hoverSprite":{"__uuid__":"f0BIwQ8D5Ml7nTNQbh1YlS"},"hoverSprite":{"__uuid__":"f0BIwQ8D5Ml7nTNQbh1YlS"},"_N$disabledSprite":{"__uuid__":"29FYIk+N1GYaeWH/q1NxQO"},"_N$target":{"__id__":8}},{"__type__":"cc.Node","_name":"btn_share","_parent":{"__id__":1},"_children":[{"__id__":14},{"__id__":16}],"_level":2,"_components":[{"__type__":"cc.Sprite","node":{"__id__":13},"_spriteFrame":{"__uuid__":"74m4wpibdIKIbTByf8ivfb"},"_type":1},{"__id__":17}],"_prefab":{"__type__":"cc.PrefabInfo","root":{"__id__":1},"asset":{"__uuid__":"8ekVmQda9ARZ2maRn/6YZp"},"fileId":"79m9vLh7NO67sI92n5z23N"},"_contentSize":{"__type__":"cc.Size","width":269,"height":66},"_position":{"__type__":"cc.Vec3","y":-45},"_scale":{"__type__":"cc.Vec3","x":1,"y":1,"z":1},"_zIndex":0},{"__type__":"cc.Node","_name":"lab_share_award","_parent":{"__id__":13},"_level":3,"_components":[{"__id__":15},{"__type__":"cc.LabelOutline","node":{"__id__":14},"_color":{"__type__":"cc.Color","r":106,"g":36,"b":2},"_width":2}],"_prefab":{"__type__":"cc.PrefabInfo","root":{"__id__":1},"asset":{"__uuid__":"8ekVmQda9ARZ2maRn/6YZp"},"fileId":"38SzhLmfxPAK4+0IaH90tP"},"_contentSize":{"__type__":"cc.Size","width":70.74,"height":40},"_anchorPoint":{"__type__":"cc.Vec2","y":0.5},"_position":{"__type__":"cc.Vec3","x":26},"_scale":{"__type__":"cc.Vec3","x":1,"y":1,"z":1},"_zIndex":0},{"__type__":"cc.Label","node":{"__id__":14},"_useOriginalSize":false,"_string":"000","_N$string":"000","_N$horizontalAlign":1,"_N$verticalAlign":1},{"__type__":"cc.Node","_name":"New Sprite","_parent":{"__id__":13},"_level":3,"_components":[{"__type__":"cc.Sprite","node":{"__id__":16},"_spriteFrame":{"__uuid__":"62EnyOGDFG3phxrSxxxSIZ"},"_sizeMode":0}],"_prefab":{"__type__":"cc.PrefabInfo","root":{"__id__":1},"asset":{"__uuid__":"8ekVmQda9ARZ2maRn/6YZp"},"fileId":"bbdy29fRtHdILm+CeEJ4Tq"},"_contentSize":{"__type__":"cc.Size","width":30,"height":28},"_position":{"__type__":"cc.Vec3","x":112},"_scale":{"__type__":"cc.Vec3","x":1,"y":1,"z":1},"_zIndex":0},{"__type__":"cc.Button","node":{"__id__":13},"zoomScale":1.05,"clickEvents":[{"__type__":"cc.ClickEvent","target":{"__id__":1},"component":"upgradeFail","handler":"onShare","customEventData":"s"}],"_N$enableAutoGrayEffect":true,"_N$transition":3,"transition":3,"_N$normalColor":{"__type__":"cc.Color","r":255,"g":255,"b":255},"_N$pressedColor":{"__type__":"cc.Color","r":255,"g":255,"b":255},"pressedColor":{"__type__":"cc.Color","r":255,"g":255,"b":255},"_N$disabledColor":{"__type__":"cc.Color","r":255,"g":255,"b":255},"_N$pressedSprite":{"__uuid__":"e97GVMl6JHh5Ml5qEDdSGa"},"pressedSprite":{"__uuid__":"e97GVMl6JHh5Ml5qEDdSGa"},"_N$hoverSprite":{"__uuid__":"f0BIwQ8D5Ml7nTNQbh1YlS"},"hoverSprite":{"__uuid__":"f0BIwQ8D5Ml7nTNQbh1YlS"},"_N$disabledSprite":{"__uuid__":"29FYIk+N1GYaeWH/q1NxQO"},"_N$target":{"__id__":13}},{"__type__":"cc.Node","_name":"btn_close","_parent":{"__id__":1},"_level":2,"_components":[{"__type__":"cc.Sprite","node":{"__id__":18},"_spriteFrame":{"__uuid__":"8eW5B1hGNFLYCDb3TcQWPq"},"_type":1,"_sizeMode":2},{"__type__":"cc.Button","node":{"__id__":18},"zoomScale":1.1500000000000001,"clickEvents":[{"__type__":"cc.ClickEvent","target":{"__id__":1},"component":"upgradeFail","handler":"onClose"}],"_N$transition":3,"transition":3,"_N$normalColor":{"__type__":"cc.Color","r":255,"g":255,"b":255},"_N$pressedColor":{"__type__":"cc.Color","r":255,"g":255,"b":255},"pressedColor":{"__type__":"cc.Color","r":255,"g":255,"b":255},"_N$disabledColor":{"__type__":"cc.Color","r":255,"g":255,"b":255},"_N$normalSprite":{"__uuid__":"8eW5B1hGNFLYCDb3TcQWPq"},"_N$pressedSprite":{"__uuid__":"e97GVMl6JHh5Ml5qEDdSGa"},"pressedSprite":{"__uuid__":"e97GVMl6JHh5Ml5qEDdSGa"},"_N$hoverSprite":{"__uuid__":"f0BIwQ8D5Ml7nTNQbh1YlS"},"hoverSprite":{"__uuid__":"f0BIwQ8D5Ml7nTNQbh1YlS"},"_N$disabledSprite":{"__uuid__":"29FYIk+N1GYaeWH/q1NxQO"},"_N$target":{"__id__":18}}],"_prefab":{"__type__":"cc.PrefabInfo","root":{"__id__":1},"asset":{"__uuid__":"8ekVmQda9ARZ2maRn/6YZp"},"fileId":"79R+xNFOdEAYQ4KH8s/rTF"},"_contentSize":{"__type__":"cc.Size","width":103,"height":108},"_position":{"__type__":"cc.Vec3","x":1,"y":-140},"_scale":{"__type__":"cc.Vec3","x":1,"y":1,"z":1},"_zIndex":0}],{"__type__":"cc.SpriteFrame","content":{"name":"xitong_dikuang","texture":"81WMutRTFHoIm3ioSoSPbT","rect":[0,0,668,279],"offset":[0,0],"originalSize":[668,279],"capInsets":[0,0,0,0]}}]