{"__type__":"cc.JsonAsset","_name":"Share","json":[{"imageUrl":"https://aircraft-1255396242.cos.ap-guangzhou.myqcloud.com/share/share1.png","id":1,"type":1,"title":"咸鱼翻身，就靠你了，来帮我！"},{"imageUrl":"https://aircraft-1255396242.cos.ap-guangzhou.myqcloud.com/share/share6.png","id":2,"type":1,"title":"咸鱼翻身，就靠你了，来帮我！"},{"imageUrl":"https://aircraft-1255396242.cos.ap-guangzhou.myqcloud.com/share/share1.png","id":3,"type":2,"title":"大吉大利，一起来打飞机！"},{"imageUrl":"https://aircraft-1255396242.cos.ap-guangzhou.myqcloud.com/share/share2.png","id":4,"type":2,"title":"变态飞机，极品炮弹，无限生命，点击即玩！"},{"imageUrl":"https://aircraft-1255396242.cos.ap-guangzhou.myqcloud.com/share/share4.png","id":5,"type":3,"title":"有人@你，快来一起打飞机！"},{"imageUrl":"https://aircraft-1255396242.cos.ap-guangzhou.myqcloud.com/share/share5.png","id":6,"type":3,"title":"花样打飞机，爽到扶墙，解放你的双手！"},{"imageUrl":"https://aircraft-1255396242.cos.ap-guangzhou.myqcloud.com/share/share3.png","id":7,"type":4,"title":"看看你在群里排第几？来小试牛刀吧。"},{"imageUrl":"https://aircraft-1255396242.cos.ap-guangzhou.myqcloud.com/share/share6.png","id":8,"type":5,"title":"我刚刚突破了最高分，你要来挑战一下吗？"},{"imageUrl":"https://aircraft-1255396242.cos.ap-guangzhou.myqcloud.com/share/share7.png","id":9,"type":6,"title":"敢不敢跟我来一场高手之间的对决？"}]}