[{"__type__":"cc.SpriteFrame","content":{"name":"hero_newgas_1","texture":"bdenTXMo5AU4BA3zjOg7Ym","rect":[2,2,78,155],"offset":[0,0],"originalSize":[78,155],"capInsets":[0,0,0,0]}},{"__type__":"cc.SpriteFrame","content":{"name":"hero_newgas_2","texture":"bdenTXMo5AU4BA3zjOg7Ym","rect":[2,317,76,153],"offset":[0,0],"originalSize":[76,153],"capInsets":[0,0,0,0]}},{"__type__":"cc.SpriteAtlas","_name":"hero_newgas.plist","_spriteFrames":{"hero_newgas_1":{"__uuid__":"28wTNp18VHJ6twuxDeeLrf"},"hero_newgas_2":{"__uuid__":"708199WO9J56mCRacst+vN"},"hero_newgas_3":{"__uuid__":"ecjmvg0WxOFqXeuEMa1hs3"}}},{"__type__":"cc.SpriteFrame","content":{"name":"hero_newgas_3","texture":"bdenTXMo5AU4BA3zjOg7Ym","rect":[2,159,77,156],"offset":[0,0],"originalSize":[77,156],"capInsets":[0,0,0,0]}}]