[{"__type__":"cc.SpriteFrame","content":{"name":"power_circle_02","texture":"d8yHuAuVVGi7c5ZfOQ6fJd","rect":[2,724,104,112],"offset":[0,0],"originalSize":[104,112],"rotated":1,"capInsets":[0,0,0,0]}},{"__type__":"cc.SpriteFrame","content":{"name":"power_circle_05","texture":"d8yHuAuVVGi7c5ZfOQ6fJd","rect":[2,416,122,94],"offset":[0,0],"originalSize":[122,94],"capInsets":[0,0,0,0]}},{"__type__":"cc.SpriteFrame","content":{"name":"power_circle_07","texture":"d8yHuAuVVGi7c5ZfOQ6fJd","rect":[2,310,122,104],"offset":[0,0],"originalSize":[122,104],"capInsets":[0,0,0,0]}},{"__type__":"cc.SpriteFrame","content":{"name":"power_circle_09","texture":"d8yHuAuVVGi7c5ZfOQ6fJd","rect":[2,830,106,110],"offset":[0,0],"originalSize":[106,110],"rotated":1,"capInsets":[0,0,0,0]}},{"__type__":"cc.SpriteAtlas","_name":"plane_circle.plist","_spriteFrames":{"power_circle_01":{"__uuid__":"8ev8L+hqpPw7TJvnG3FPVo"},"power_circle_02":{"__uuid__":"17E8y58B9BzrlCFRjAgg4Y"},"power_circle_03":{"__uuid__":"ceakWbAIRHuotiB0hOmoR5"},"power_circle_04":{"__uuid__":"ccymEVBexEl7hzy2FAKhoG"},"power_circle_05":{"__uuid__":"43tX5HDsZPaI2DfHoBQjQt"},"power_circle_06":{"__uuid__":"a5KvPiHxFNnojeflKj92dF"},"power_circle_07":{"__uuid__":"4aOcwFYRdNU6iXG2MmLF/J"},"power_circle_08":{"__uuid__":"f1yRpkE0dCGYZ3WgI6iDHC"},"power_circle_09":{"__uuid__":"5caSHJXBZCU6r8z3/7oeZp"}}},{"__type__":"cc.SpriteFrame","content":{"name":"power_circle_01","texture":"d8yHuAuVVGi7c5ZfOQ6fJd","rect":[2,512,104,114],"offset":[0,0],"originalSize":[104,114],"rotated":1,"capInsets":[0,0,0,0]}},{"__type__":"cc.SpriteFrame","content":{"name":"power_circle_06","texture":"d8yHuAuVVGi7c5ZfOQ6fJd","rect":[2,108,124,100],"offset":[0,0],"originalSize":[124,100],"capInsets":[0,0,0,0]}},{"__type__":"cc.SpriteFrame","content":{"name":"power_circle_04","texture":"d8yHuAuVVGi7c5ZfOQ6fJd","rect":[2,210,124,98],"offset":[0,0],"originalSize":[124,98],"capInsets":[0,0,0,0]}},{"__type__":"cc.SpriteFrame","content":{"name":"power_circle_03","texture":"d8yHuAuVVGi7c5ZfOQ6fJd","rect":[2,2,124,104],"offset":[0,0],"originalSize":[124,104],"capInsets":[0,0,0,0]}},{"__type__":"cc.SpriteFrame","content":{"name":"power_circle_08","texture":"d8yHuAuVVGi7c5ZfOQ6fJd","rect":[2,618,112,104],"offset":[0,0],"originalSize":[112,104],"capInsets":[0,0,0,0]}}]