[{"__type__":"cc.BitmapFont","_name":"sharefriend_add","spriteFrame":{"__uuid__":"e0+p0NURZEY5HTU1NdV8Wz"},"fontSize":32,"_fntConfig":{"commonHeight":32,"fontSize":32,"atlasName":"sharefriend_add.png","fontDefDictionary":{"37":{"rect":{"x":0,"y":0,"width":57,"height":64},"xOffset":0,"yOffset":0,"xAdvance":57},"48":{"rect":{"x":58,"y":0,"width":53,"height":64},"xOffset":0,"yOffset":0,"xAdvance":53},"49":{"rect":{"x":528,"y":0,"width":33,"height":64},"xOffset":0,"yOffset":0,"xAdvance":33},"50":{"rect":{"x":328,"y":0,"width":52,"height":64},"xOffset":0,"yOffset":0,"xAdvance":52},"51":{"rect":{"x":112,"y":0,"width":53,"height":64},"xOffset":0,"yOffset":0,"xAdvance":53},"52":{"rect":{"x":434,"y":0,"width":49,"height":64},"xOffset":0,"yOffset":0,"xAdvance":49},"53":{"rect":{"x":166,"y":0,"width":53,"height":64},"xOffset":0,"yOffset":0,"xAdvance":53},"54":{"rect":{"x":381,"y":0,"width":52,"height":64},"xOffset":0,"yOffset":0,"xAdvance":52},"55":{"rect":{"x":484,"y":0,"width":43,"height":64},"xOffset":0,"yOffset":0,"xAdvance":43},"56":{"rect":{"x":220,"y":0,"width":53,"height":64},"xOffset":0,"yOffset":0,"xAdvance":53},"57":{"rect":{"x":274,"y":0,"width":53,"height":64},"xOffset":0,"yOffset":0,"xAdvance":53}},"kerningDict":{}}},{"__type__":"cc.SpriteFrame","content":{"name":"sharefriend_add","texture":"96h5mFHlhM2oetrDILG4ci","rect":[0,0,561,64],"offset":[-4.5,0.5],"originalSize":[570,65],"capInsets":[0,0,0,0]}}]