[{"__type__":"cc.SpriteFrame","content":{"name":"lottery_item_6","texture":"f0B8GuPNxH24MFzDbsNbHN","rect":[730,547,100,98],"offset":[0,0],"originalSize":[100,98],"rotated":1,"capInsets":[0,0,0,0]}},{"__type__":"cc.SpriteFrame","content":{"name":"fenxiang_fanhuianniu","texture":"b72N5vNotFpZBX2XU8k44d","rect":[0,0,82,82],"offset":[0,0],"originalSize":[82,82],"capInsets":[0,0,0,0]}},{"__type__":"cc.SpriteFrame","content":{"name":"lottery_bg_1","texture":"f0B8GuPNxH24MFzDbsNbHN","rect":[566,2,432,432],"offset":[0,0],"originalSize":[432,432],"capInsets":[0,0,0,0]}},{"__type__":"cc.SpriteFrame","content":{"name":"lottery_item_5","texture":"f0B8GuPNxH24MFzDbsNbHN","rect":[904,525,86,74],"offset":[0,0],"originalSize":[86,74],"capInsets":[0,0,0,0]}},{"__type__":"cc.SpriteFrame","content":{"name":"lottery_item_1","texture":"f0B8GuPNxH24MFzDbsNbHN","rect":[2,585,63,62],"offset":[0,0],"originalSize":[63,62],"capInsets":[0,0,0,0]}},{"__type__":"cc.SpriteFrame","content":{"name":"lottery_item_4","texture":"f0B8GuPNxH24MFzDbsNbHN","rect":[566,575,80,72],"offset":[0,0],"originalSize":[80,72],"capInsets":[0,0,0,0]}},{"__type__":"cc.SpriteFrame","content":{"name":"lottery_draw_video","texture":"f0B8GuPNxH24MFzDbsNbHN","rect":[684,436,108,109],"offset":[0,0],"originalSize":[108,109],"capInsets":[0,0,0,0]}},{"__type__":"cc.SpriteFrame","content":{"name":"lottery_wordbg","texture":"f0B8GuPNxH24MFzDbsNbHN","rect":[67,585,439,61],"offset":[0,0],"originalSize":[439,61],"capInsets":[0,0,0,0]}},[{"__type__":"cc.Prefab","_name":"lotteryDraw","data":{"__id__":1}},{"__type__":"cc.Node","_name":"lotteryDraw","_children":[{"__id__":2},{"__id__":5},{"__id__":6},{"__id__":20},{"__id__":21},{"__id__":23},{"__id__":25}],"_level":1,"_components":[{"__type__":"842dcIdRtVLLrwOwKUUs/ac","node":{"__id__":1},"nodeReward":{"__id__":6},"btnSound":{"__uuid__":"b5CnyjtFBNJ5UK59v+uqs2"},"sprFree":{"__id__":24},"sprVideo":{"__id__":22},"txt_timedesc":{"__id__":27},"txt_timenum":{"__id__":29},"nodeTime":{"__id__":25},"btn_close":{"__id__":4},"curIdx":1,"freeDelayTime":14400,"videoDelayTime":30},{"__type__":"cc.Widget","node":{"__id__":1},"_alignFlags":2}],"_prefab":{"__type__":"cc.PrefabInfo","root":{"__id__":1},"asset":{"__uuid__":"afOMRxvYRC2o5ZJlXmyncs"},"fileId":"d3ewX2qpRAbYbau5ABQrM5"},"_contentSize":{"__type__":"cc.Size","width":720,"height":1280},"_position":{"__type__":"cc.Vec3","y":640},"_scale":{"__type__":"cc.Vec3","x":1,"y":1,"z":1},"_zIndex":0},{"__type__":"cc.Node","_name":"btn_close","_parent":{"__id__":1},"_children":[{"__id__":3}],"_level":2,"_components":[{"__type__":"cc.Sprite","node":{"__id__":2},"_type":1,"_sizeMode":0},{"__id__":4},{"__type__":"cc.Widget","node":{"__id__":2},"alignMode":2,"_alignFlags":4,"_bottom":261}],"_prefab":{"__type__":"cc.PrefabInfo","root":{"__id__":1},"asset":{"__uuid__":"afOMRxvYRC2o5ZJlXmyncs"},"fileId":"05wVjUEXJPdZHmTOFRGkUT"},"_opacity":180,"_contentSize":{"__type__":"cc.Size","width":200,"height":50},"_position":{"__type__":"cc.Vec3","y":-354},"_scale":{"__type__":"cc.Vec3","x":1,"y":1,"z":1},"_zIndex":0},{"__type__":"cc.Node","_name":"New Label","_parent":{"__id__":2},"_level":3,"_components":[{"__type__":"cc.Label","node":{"__id__":3},"_useOriginalSize":false,"_string":"点击跳过 >>","_N$string":"点击跳过 >>","_fontSize":30,"_N$horizontalAlign":1,"_N$verticalAlign":1}],"_prefab":{"__type__":"cc.PrefabInfo","root":{"__id__":1},"asset":{"__uuid__":"afOMRxvYRC2o5ZJlXmyncs"},"fileId":"cdCnAI3W1BzKFP8iPIQ057"},"_contentSize":{"__type__":"cc.Size","width":163.37,"height":40},"_scale":{"__type__":"cc.Vec3","x":1,"y":1,"z":1},"_zIndex":0},{"__type__":"cc.Button","node":{"__id__":2},"clickEvents":[{"__type__":"cc.ClickEvent","target":{"__id__":1},"component":"lotteryDraw","handler":"onBtnClose"}],"_N$transition":3,"transition":3,"_N$normalColor":{"__type__":"cc.Color","r":255,"g":255,"b":255},"_N$pressedColor":{"__type__":"cc.Color","r":255,"g":255,"b":255},"pressedColor":{"__type__":"cc.Color","r":255,"g":255,"b":255},"_N$disabledColor":{"__type__":"cc.Color","r":255,"g":255,"b":255},"_N$normalSprite":{"__uuid__":"20UD9nuiZPjJcsjGJ/0SPS"},"_N$pressedSprite":{"__uuid__":"e97GVMl6JHh5Ml5qEDdSGa"},"pressedSprite":{"__uuid__":"e97GVMl6JHh5Ml5qEDdSGa"},"_N$hoverSprite":{"__uuid__":"f0BIwQ8D5Ml7nTNQbh1YlS"},"hoverSprite":{"__uuid__":"f0BIwQ8D5Ml7nTNQbh1YlS"},"_N$disabledSprite":{"__uuid__":"29FYIk+N1GYaeWH/q1NxQO"},"_N$target":{"__id__":2}},{"__type__":"cc.Node","_name":"bg2","_parent":{"__id__":1},"_level":2,"_components":[{"__type__":"cc.Sprite","node":{"__id__":5},"_spriteFrame":{"__uuid__":"b5sghdZOpO0baZ1hBPQQeo"}}],"_prefab":{"__type__":"cc.PrefabInfo","root":{"__id__":1},"asset":{"__uuid__":"afOMRxvYRC2o5ZJlXmyncs"},"fileId":"c9FnZwuhxFmJzHu+DmDioB"},"_contentSize":{"__type__":"cc.Size","width":562,"height":581},"_position":{"__type__":"cc.Vec3","x":-8,"y":104},"_scale":{"__type__":"cc.Vec3","x":1,"y":1,"z":1},"_zIndex":0},{"__type__":"cc.Node","_name":"nodeReward","_parent":{"__id__":1},"_children":[{"__id__":7},{"__id__":8},{"__id__":9},{"__id__":10},{"__id__":11},{"__id__":12},{"__id__":13},{"__id__":14},{"__id__":15},{"__id__":16},{"__id__":17},{"__id__":18},{"__id__":19}],"_level":2,"_prefab":{"__type__":"cc.PrefabInfo","root":{"__id__":1},"asset":{"__uuid__":"afOMRxvYRC2o5ZJlXmyncs"},"fileId":"aaLW1JJ8lDdZI4aYMXA1qF"},"_position":{"__type__":"cc.Vec3","x":-8,"y":96},"_scale":{"__type__":"cc.Vec3","x":1,"y":1,"z":1},"_zIndex":0},{"__type__":"cc.Node","_name":"bg1","_parent":{"__id__":6},"_level":3,"_components":[{"__type__":"cc.Sprite","node":{"__id__":7},"_spriteFrame":{"__uuid__":"21hlYoncNG4Km4EjXUP65M"}}],"_prefab":{"__type__":"cc.PrefabInfo","root":{"__id__":1},"asset":{"__uuid__":"afOMRxvYRC2o5ZJlXmyncs"},"fileId":"aeoHx4wHlNU4wSDhZ6OQmu"},"_contentSize":{"__type__":"cc.Size","width":432,"height":432},"_scale":{"__type__":"cc.Vec3","x":1,"y":1,"z":1},"_zIndex":0},{"__type__":"cc.Node","_name":"item_1","_parent":{"__id__":6},"_level":3,"_components":[{"__type__":"cc.Sprite","node":{"__id__":8},"_spriteFrame":{"__uuid__":"51bYiLj/5NQaGz/y6yj+mH"}}],"_prefab":{"__type__":"cc.PrefabInfo","root":{"__id__":1},"asset":{"__uuid__":"afOMRxvYRC2o5ZJlXmyncs"},"fileId":"5fkpUal0VA+6vG46Wrlebn"},"_contentSize":{"__type__":"cc.Size","width":63,"height":62},"_position":{"__type__":"cc.Vec3","x":-98.3,"y":56.3},"_scale":{"__type__":"cc.Vec3","x":1,"y":1,"z":1},"_zIndex":0},{"__type__":"cc.Node","_name":"item_2","_parent":{"__id__":6},"_level":3,"_components":[{"__type__":"cc.Sprite","node":{"__id__":9},"_spriteFrame":{"__uuid__":"c0XIjOFPFIAI9Ru8T3hNlm"}}],"_prefab":{"__type__":"cc.PrefabInfo","root":{"__id__":1},"asset":{"__uuid__":"afOMRxvYRC2o5ZJlXmyncs"},"fileId":"f7uQhSSaRMzajVBn7DzpzH"},"_contentSize":{"__type__":"cc.Size","width":69,"height":79},"_position":{"__type__":"cc.Vec3","x":-98,"y":-60},"_scale":{"__type__":"cc.Vec3","x":1,"y":1,"z":1},"_zIndex":0},{"__type__":"cc.Node","_name":"item_3","_parent":{"__id__":6},"_level":3,"_components":[{"__type__":"cc.Sprite","node":{"__id__":10},"_spriteFrame":{"__uuid__":"e22s1dDctDN7AAgfBNE+Ku"}}],"_prefab":{"__type__":"cc.PrefabInfo","root":{"__id__":1},"asset":{"__uuid__":"afOMRxvYRC2o5ZJlXmyncs"},"fileId":"9fblb7H4JB5ZhoTkl4kBVY"},"_contentSize":{"__type__":"cc.Size","width":80,"height":72},"_position":{"__type__":"cc.Vec3","x":2,"y":-121},"_scale":{"__type__":"cc.Vec3","x":1,"y":1,"z":1},"_zIndex":0},{"__type__":"cc.Node","_name":"item_4","_parent":{"__id__":6},"_level":3,"_components":[{"__type__":"cc.Sprite","node":{"__id__":11},"_spriteFrame":{"__uuid__":"65Fymdy4RFf7h4HT109cCx"}}],"_prefab":{"__type__":"cc.PrefabInfo","root":{"__id__":1},"asset":{"__uuid__":"afOMRxvYRC2o5ZJlXmyncs"},"fileId":"395VzUAGtIzaMLhM8+Ve/f"},"_contentSize":{"__type__":"cc.Size","width":80,"height":72},"_position":{"__type__":"cc.Vec3","x":99,"y":-61},"_scale":{"__type__":"cc.Vec3","x":1,"y":1,"z":1},"_zIndex":0},{"__type__":"cc.Node","_name":"item_5","_parent":{"__id__":6},"_level":3,"_components":[{"__type__":"cc.Sprite","node":{"__id__":12},"_spriteFrame":{"__uuid__":"0fMUGYo99F7Yv8yHVsD8JQ"}}],"_prefab":{"__type__":"cc.PrefabInfo","root":{"__id__":1},"asset":{"__uuid__":"afOMRxvYRC2o5ZJlXmyncs"},"fileId":"11icDwk4RJYLrLy67bLdSL"},"_contentSize":{"__type__":"cc.Size","width":100,"height":98},"_position":{"__type__":"cc.Vec3","x":106,"y":59},"_scale":{"__type__":"cc.Vec3","x":1,"y":1,"z":1},"_zIndex":0},{"__type__":"cc.Node","_name":"item_6","_parent":{"__id__":6},"_level":3,"_components":[{"__type__":"cc.Sprite","node":{"__id__":13},"_spriteFrame":{"__uuid__":"4cRoePiUBAdLfxzWeH4uBQ"}}],"_prefab":{"__type__":"cc.PrefabInfo","root":{"__id__":1},"asset":{"__uuid__":"afOMRxvYRC2o5ZJlXmyncs"},"fileId":"0bNH3Tz4lHXqIzj2u+uBcA"},"_contentSize":{"__type__":"cc.Size","width":86,"height":74},"_position":{"__type__":"cc.Vec3","x":-0.8,"y":121.1},"_scale":{"__type__":"cc.Vec3","x":1,"y":1,"z":1},"_zIndex":0},{"__type__":"cc.Node","_name":"txt_1","_parent":{"__id__":6},"_level":3,"_components":[{"__type__":"cc.Label","node":{"__id__":14},"_useOriginalSize":false,"_string":"100","_N$string":"100","_fontSize":30,"_N$horizontalAlign":1,"_N$verticalAlign":1}],"_prefab":{"__type__":"cc.PrefabInfo","root":{"__id__":1},"asset":{"__uuid__":"afOMRxvYRC2o5ZJlXmyncs"},"fileId":"f3wWQzcBFGhoefD8P5DFtM"},"_contentSize":{"__type__":"cc.Size","width":50.05,"height":40},"_position":{"__type__":"cc.Vec3","x":-156.3,"y":84.3},"_scale":{"__type__":"cc.Vec3","x":1,"y":1,"z":1},"_rotationX":-60,"_rotationY":-60,"_quat":{"__type__":"cc.Quat","z":0.49999999999999994,"w":0.8660254037844387},"_zIndex":0},{"__type__":"cc.Node","_name":"txt_2","_parent":{"__id__":6},"_level":3,"_components":[{"__type__":"cc.Label","node":{"__id__":15},"_useOriginalSize":false,"_string":"200","_N$string":"200","_fontSize":30,"_N$horizontalAlign":1,"_N$verticalAlign":1}],"_prefab":{"__type__":"cc.PrefabInfo","root":{"__id__":1},"asset":{"__uuid__":"afOMRxvYRC2o5ZJlXmyncs"},"fileId":"14XyLybvBFCp0OK+9FEZuN"},"_contentSize":{"__type__":"cc.Size","width":50.05,"height":40},"_position":{"__type__":"cc.Vec3","x":-153,"y":-90},"_scale":{"__type__":"cc.Vec3","x":1,"y":1,"z":1},"_rotationX":-120,"_rotationY":-120,"_quat":{"__type__":"cc.Quat","z":0.8660254037844386,"w":0.5000000000000001},"_zIndex":0},{"__type__":"cc.Node","_name":"txt_3","_parent":{"__id__":6},"_level":3,"_components":[{"__type__":"cc.Label","node":{"__id__":16},"_useOriginalSize":false,"_string":"300","_N$string":"300","_fontSize":30,"_N$horizontalAlign":1,"_N$verticalAlign":1}],"_prefab":{"__type__":"cc.PrefabInfo","root":{"__id__":1},"asset":{"__uuid__":"afOMRxvYRC2o5ZJlXmyncs"},"fileId":"7fwmvbuLBOE66hMtoAEyP+"},"_contentSize":{"__type__":"cc.Size","width":50.05,"height":40},"_position":{"__type__":"cc.Vec3","y":-184},"_scale":{"__type__":"cc.Vec3","x":1,"y":1,"z":1},"_rotationX":180,"_rotationY":180,"_quat":{"__type__":"cc.Quat","z":-1,"w":6.123233995736766e-17},"_zIndex":0},{"__type__":"cc.Node","_name":"txt_4","_parent":{"__id__":6},"_level":3,"_components":[{"__type__":"cc.Label","node":{"__id__":17},"_useOriginalSize":false,"_string":"400","_N$string":"400","_fontSize":30,"_N$horizontalAlign":1,"_N$verticalAlign":1}],"_prefab":{"__type__":"cc.PrefabInfo","root":{"__id__":1},"asset":{"__uuid__":"afOMRxvYRC2o5ZJlXmyncs"},"fileId":"66ofywuddK/Zod9oizG9xh"},"_contentSize":{"__type__":"cc.Size","width":50.05,"height":40},"_position":{"__type__":"cc.Vec3","x":157,"y":-89},"_scale":{"__type__":"cc.Vec3","x":1,"y":1,"z":1},"_rotationX":120,"_rotationY":120,"_quat":{"__type__":"cc.Quat","z":-0.8660254037844386,"w":0.5000000000000001},"_zIndex":0},{"__type__":"cc.Node","_name":"txt_5","_parent":{"__id__":6},"_level":3,"_components":[{"__type__":"cc.Label","node":{"__id__":18},"_useOriginalSize":false,"_string":"神秘礼包","_N$string":"神秘礼包","_fontSize":25,"_N$horizontalAlign":1,"_N$verticalAlign":1}],"_prefab":{"__type__":"cc.PrefabInfo","root":{"__id__":1},"asset":{"__uuid__":"afOMRxvYRC2o5ZJlXmyncs"},"fileId":"eda+Fm7CBFTJys2u4jgeLl"},"_color":{"__type__":"cc.Color","r":45,"g":253,"b":255},"_contentSize":{"__type__":"cc.Size","width":100,"height":40},"_position":{"__type__":"cc.Vec3","x":156,"y":88},"_scale":{"__type__":"cc.Vec3","x":1,"y":1,"z":1},"_rotationX":60,"_rotationY":60,"_quat":{"__type__":"cc.Quat","z":-0.49999999999999994,"w":0.8660254037844387},"_zIndex":0},{"__type__":"cc.Node","_name":"txt_6","_parent":{"__id__":6},"_level":3,"_components":[{"__type__":"cc.Label","node":{"__id__":19},"_useOriginalSize":false,"_string":"500","_N$string":"500","_fontSize":30,"_N$horizontalAlign":1,"_N$verticalAlign":1}],"_prefab":{"__type__":"cc.PrefabInfo","root":{"__id__":1},"asset":{"__uuid__":"afOMRxvYRC2o5ZJlXmyncs"},"fileId":"dfI3WUkGFCprqNIu2tDzwS"},"_contentSize":{"__type__":"cc.Size","width":50.05,"height":40},"_position":{"__type__":"cc.Vec3","x":-5,"y":178.5},"_scale":{"__type__":"cc.Vec3","x":1,"y":1,"z":1},"_zIndex":0},{"__type__":"cc.Node","_name":"btn_draw","_parent":{"__id__":1},"_level":2,"_components":[{"__type__":"cc.Sprite","node":{"__id__":20},"_spriteFrame":{"__uuid__":"f9W05PyH1KJI4W4TTGvIc/"},"_type":1,"_sizeMode":2},{"__type__":"cc.Button","node":{"__id__":20},"clickEvents":[{"__type__":"cc.ClickEvent","target":{"__id__":1},"component":"lotteryDraw","handler":"onBtnDraw"}],"_N$normalColor":{"__type__":"cc.Color","r":255,"g":255,"b":255},"_N$pressedColor":{"__type__":"cc.Color","r":255,"g":255,"b":255},"pressedColor":{"__type__":"cc.Color","r":255,"g":255,"b":255},"_N$disabledColor":{"__type__":"cc.Color","r":255,"g":255,"b":255},"_N$normalSprite":{"__uuid__":"f0BIwQ8D5Ml7nTNQbh1YlS"},"_N$pressedSprite":{"__uuid__":"e97GVMl6JHh5Ml5qEDdSGa"},"pressedSprite":{"__uuid__":"e97GVMl6JHh5Ml5qEDdSGa"},"_N$hoverSprite":{"__uuid__":"f0BIwQ8D5Ml7nTNQbh1YlS"},"hoverSprite":{"__uuid__":"f0BIwQ8D5Ml7nTNQbh1YlS"},"_N$disabledSprite":{"__uuid__":"29FYIk+N1GYaeWH/q1NxQO"},"_N$target":{"__id__":20}}],"_prefab":{"__type__":"cc.PrefabInfo","root":{"__id__":1},"asset":{"__uuid__":"afOMRxvYRC2o5ZJlXmyncs"},"fileId":"9ejHNAc0pF/YUM4r9O3+uu"},"_contentSize":{"__type__":"cc.Size","width":116,"height":137},"_position":{"__type__":"cc.Vec3","x":-8.5,"y":108.9},"_scale":{"__type__":"cc.Vec3","x":1,"y":1,"z":1},"_zIndex":0},{"__type__":"cc.Node","_name":"spr_video","_parent":{"__id__":1},"_level":2,"_components":[{"__id__":22}],"_prefab":{"__type__":"cc.PrefabInfo","root":{"__id__":1},"asset":{"__uuid__":"afOMRxvYRC2o5ZJlXmyncs"},"fileId":"79cH+P3UxAKpIlhAh2Dgfl"},"_contentSize":{"__type__":"cc.Size","width":108,"height":109},"_position":{"__type__":"cc.Vec3","x":-8.4,"y":99},"_scale":{"__type__":"cc.Vec3","x":1,"y":1,"z":1},"_zIndex":0},{"__type__":"cc.Sprite","node":{"__id__":21},"_spriteFrame":{"__uuid__":"6a3Otoc7JL6pipnqzrgS3/"}},{"__type__":"cc.Node","_name":"spr_free","_parent":{"__id__":1},"_level":2,"_components":[{"__id__":24}],"_prefab":{"__type__":"cc.PrefabInfo","root":{"__id__":1},"asset":{"__uuid__":"afOMRxvYRC2o5ZJlXmyncs"},"fileId":"37Vu4PIepL65mCIWKGrJQw"},"_contentSize":{"__type__":"cc.Size","width":108,"height":109},"_position":{"__type__":"cc.Vec3","x":-9,"y":99},"_scale":{"__type__":"cc.Vec3","x":1,"y":1,"z":1},"_zIndex":0},{"__type__":"cc.Sprite","node":{"__id__":23},"_spriteFrame":{"__uuid__":"ecXQTB5aNILKyZYn7xxhZ6"}},{"__type__":"cc.Node","_name":"nodeTime","_parent":{"__id__":1},"_children":[{"__id__":26},{"__id__":28}],"_level":2,"_components":[{"__type__":"cc.Sprite","node":{"__id__":25},"_spriteFrame":{"__uuid__":"7dVxT/8MZBs42Op3na8iRl"}},{"__type__":"cc.Widget","node":{"__id__":25},"_alignFlags":4,"_bottom":347.5}],"_prefab":{"__type__":"cc.PrefabInfo","root":{"__id__":1},"asset":{"__uuid__":"afOMRxvYRC2o5ZJlXmyncs"},"fileId":"acfLzALWlOjLhTAHOtWTHe"},"_contentSize":{"__type__":"cc.Size","width":439,"height":61},"_position":{"__type__":"cc.Vec3","x":7,"y":-262},"_scale":{"__type__":"cc.Vec3","x":1,"y":1,"z":1},"_zIndex":0},{"__type__":"cc.Node","_name":"txt_timedesc","_parent":{"__id__":25},"_level":3,"_components":[{"__id__":27},{"__type__":"cc.LabelOutline","node":{"__id__":26},"_color":{"__type__":"cc.Color","r":80,"g":160,"b":233},"_width":0.1}],"_prefab":{"__type__":"cc.PrefabInfo","root":{"__id__":1},"asset":{"__uuid__":"afOMRxvYRC2o5ZJlXmyncs"},"fileId":"72ECw1b4tBvYMhWlUOq1gO"},"_color":{"__type__":"cc.Color","r":80,"g":160,"b":233},"_contentSize":{"__type__":"cc.Size","width":210.2,"height":30},"_anchorPoint":{"__type__":"cc.Vec2","x":1,"y":0.5},"_position":{"__type__":"cc.Vec3","x":32,"y":-0.1},"_scale":{"__type__":"cc.Vec3","x":1,"y":1,"z":1},"_zIndex":0},{"__type__":"cc.Label","node":{"__id__":26},"_useOriginalSize":false,"_string":"下次免费时间：","_N$string":"下次免费时间：","_fontSize":30,"_lineHeight":30,"_N$horizontalAlign":1,"_N$verticalAlign":1},{"__type__":"cc.Node","_name":"txt_timenum","_parent":{"__id__":25},"_level":3,"_components":[{"__id__":29},{"__type__":"cc.LabelOutline","node":{"__id__":28},"_color":{"__type__":"cc.Color","r":224,"g":181,"b":107},"_width":0.1}],"_prefab":{"__type__":"cc.PrefabInfo","root":{"__id__":1},"asset":{"__uuid__":"afOMRxvYRC2o5ZJlXmyncs"},"fileId":"cb4Gip7AFKoplfZYIhe46g"},"_color":{"__type__":"cc.Color","r":224,"g":181,"b":107},"_contentSize":{"__type__":"cc.Size","width":116.98,"height":30},"_anchorPoint":{"__type__":"cc.Vec2","y":0.5},"_position":{"__type__":"cc.Vec3","x":35,"y":0.10000000000000009},"_scale":{"__type__":"cc.Vec3","x":1,"y":1,"z":1},"_zIndex":0},{"__type__":"cc.Label","node":{"__id__":28},"_useOriginalSize":false,"_string":"00:00:00","_N$string":"00:00:00","_fontSize":30,"_lineHeight":30,"_N$horizontalAlign":1,"_N$verticalAlign":1}],{"__type__":"cc.SpriteFrame","content":{"name":"lottery_bg_2","texture":"f0B8GuPNxH24MFzDbsNbHN","rect":[2,2,562,581],"offset":[-1,0],"originalSize":[566,581],"capInsets":[0,0,0,0]}},{"__type__":"cc.SpriteFrame","content":{"name":"lottery_item_2","texture":"f0B8GuPNxH24MFzDbsNbHN","rect":[830,547,69,79],"offset":[0,0],"originalSize":[69,79],"capInsets":[0,0,0,0]}},{"__type__":"cc.SpriteFrame","content":{"name":"lottery_item_3","texture":"f0B8GuPNxH24MFzDbsNbHN","rect":[648,575,80,72],"offset":[0,0],"originalSize":[80,72],"capInsets":[0,0,0,0]}},{"__type__":"cc.SpriteFrame","content":{"name":"lottery_draw_free","texture":"f0B8GuPNxH24MFzDbsNbHN","rect":[794,436,108,109],"offset":[0,0],"originalSize":[108,109],"capInsets":[0,0,0,0]}},{"__type__":"cc.SpriteFrame","content":{"name":"lottery_point","texture":"f0B8GuPNxH24MFzDbsNbHN","rect":[566,436,116,137],"offset":[0,0],"originalSize":[116,137],"capInsets":[0,0,0,0]}}]