[{"__type__":"cc.SpriteAtlas","_name":"friendhelp.plist","_spriteFrames":{"friendhelp_add":{"__uuid__":"71wwwDHtFFt54VNjSWoG+E"},"friendhelp_banner":{"__uuid__":"757gttCetGtaC7jGEq3IC8"},"friendhelp_bg":{"__uuid__":"26MQE5j8NAi4oY1fBZR8rS"},"friendhelp_start":{"__uuid__":"ffYCND/UlNabTubIgggD6R"},"friendhelp_title":{"__uuid__":"d9L9atH05I0YQ1mP7d3OAY"}}},{"__type__":"cc.SpriteFrame","content":{"name":"friendhelp_bg","texture":"bfS/BUgGxJ94vFqIUFjKr5","rect":[2,2,256,263],"offset":[0,0],"originalSize":[256,263],"rotated":1,"capInsets":[100,145,105,97]}},{"__type__":"cc.SpriteFrame","content":{"name":"friendhelp_add","texture":"bfS/BUgGxJ94vFqIUFjKr5","rect":[267,225,110,28],"offset":[0,0],"originalSize":[110,28],"capInsets":[0,0,0,0]}},{"__type__":"cc.SpriteFrame","content":{"name":"friendhelp_banner","texture":"bfS/BUgGxJ94vFqIUFjKr5","rect":[267,2,640,164],"offset":[0,0],"originalSize":[640,164],"capInsets":[0,0,0,0]}},{"__type__":"cc.SpriteFrame","content":{"name":"friendhelp_title","texture":"bfS/BUgGxJ94vFqIUFjKr5","rect":[297,168,225,53],"offset":[0,0],"originalSize":[225,53],"capInsets":[0,0,0,0]}},{"__type__":"cc.SpriteFrame","content":{"name":"friendhelp_start","texture":"bfS/BUgGxJ94vFqIUFjKr5","rect":[267,168,55,28],"offset":[0,0],"originalSize":[55,28],"rotated":1,"capInsets":[0,0,0,0]}}]