[{"__type__":"cc.SpriteFrame","content":{"name":"redpacket2_bg2","texture":"1eCsq5wNhFQp7lTxpy2Onh","rect":[2,157,92,48],"offset":[0,0],"originalSize":[92,48],"capInsets":[26,6,25,27]}},{"__type__":"cc.SpriteFrame","content":{"name":"redpacket2_packet","texture":"1eCsq5wNhFQp7lTxpy2Onh","rect":[204,100,55,67],"offset":[0,0],"originalSize":[55,67],"rotated":1,"capInsets":[0,0,0,0]}},{"__type__":"cc.SpriteFrame","content":{"name":"redpacket2_crash","texture":"1eCsq5wNhFQp7lTxpy2Onh","rect":[273,100,118,60],"offset":[0,0],"originalSize":[118,60],"capInsets":[0,0,0,0]}},{"__type__":"cc.SpriteFrame","content":{"name":"redpacket2_coin","texture":"1eCsq5wNhFQp7lTxpy2Onh","rect":[463,2,202,203],"offset":[0,0],"originalSize":[202,203],"capInsets":[0,0,0,0]}},{"__type__":"cc.SpriteFrame","content":{"name":"redpacket2_money_bg","texture":"1eCsq5wNhFQp7lTxpy2Onh","rect":[2,100,200,55],"offset":[0,0],"originalSize":[200,55],"capInsets":[0,0,0,0]}},{"__type__":"cc.SpriteFrame","content":{"name":"redpacket2_close","texture":"1eCsq5wNhFQp7lTxpy2Onh","rect":[393,100,53,54],"offset":[0,0],"originalSize":[53,54],"rotated":1,"capInsets":[0,0,0,0]}},{"__type__":"cc.SpriteFrame","content":{"name":"redpacket2_bg","texture":"1eCsq5wNhFQp7lTxpy2Onh","rect":[182,157,60,47],"offset":[0,0],"originalSize":[60,47],"capInsets":[20,21,20,22]}},{"__type__":"cc.SpriteAtlas","_name":"redpacket2.plist","_spriteFrames":{"redpacket2_bg":{"__uuid__":"71U8zmIABEUqA/v5VOuEDX"},"redpacket2_bg2":{"__uuid__":"1fmAdTlKhAgJrCLBtpm63v"},"redpacket2_bg3":{"__uuid__":"ff0iY4BBxDOa+3XTmqya94"},"redpacket2_btn":{"__uuid__":"fe0CIHN7VGWbZ3D3hZYeeP"},"redpacket2_close":{"__uuid__":"66P8xuplhOto/NTNqOD+wG"},"redpacket2_coin":{"__uuid__":"48MLZHhCpHoqxsnebqvCCp"},"redpacket2_crash":{"__uuid__":"3bDBlBP1RALIUsj+NnJwtj"},"redpacket2_money_bg":{"__uuid__":"60da/PTIRIN6mWGPlk3Tmc"},"redpacket2_packet":{"__uuid__":"378UMsCRlPZ579GcQejXw7"}}},{"__type__":"cc.SpriteFrame","content":{"name":"redpacket2_btn","texture":"1eCsq5wNhFQp7lTxpy2Onh","rect":[2,2,459,96],"offset":[0,0],"originalSize":[459,96],"capInsets":[0,0,0,0]}},{"__type__":"cc.SpriteFrame","content":{"name":"redpacket2_bg3","texture":"1eCsq5wNhFQp7lTxpy2Onh","rect":[96,157,84,42],"offset":[0,0],"originalSize":[84,42],"capInsets":[25,26,31,1]}}]