[{"__type__":"cc.SpriteFrame","content":{"name":"dailytask_bg","texture":"55cgE7hGxA4YBGqphXUJ6M","rect":[2,2,170,847],"offset":[0,0],"originalSize":[172,847],"capInsets":[80,0,79,0]}},{"__type__":"cc.SpriteFrame","content":{"name":"dailytask_icon_bg","texture":"55cgE7hGxA4YBGqphXUJ6M","rect":[2,851,94,94],"offset":[0,0],"originalSize":[94,94],"capInsets":[0,0,0,0]}},{"__type__":"cc.SpriteFrame","content":{"name":"dailytask_btn_go","texture":"55cgE7hGxA4YBGqphXUJ6M","rect":[179,363,133,50],"offset":[0,0],"originalSize":[133,50],"rotated":1,"capInsets":[0,0,0,0]}},{"__type__":"cc.SpriteFrame","content":{"name":"dailytask_line","texture":"55cgE7hGxA4YBGqphXUJ6M","rect":[174,228,251,3],"offset":[0,0],"originalSize":[251,3],"rotated":1,"capInsets":[0,0,0,0]}},{"__type__":"cc.SpriteFrame","content":{"name":"dailytask_btn_receive","texture":"55cgE7hGxA4YBGqphXUJ6M","rect":[179,228,133,50],"offset":[0,0],"originalSize":[133,50],"rotated":1,"capInsets":[0,0,0,0]}},{"__type__":"cc.SpriteFrame","content":{"name":"dailytask_bg2","texture":"55cgE7hGxA4YBGqphXUJ6M","rect":[98,851,56,108],"offset":[0,0],"originalSize":[56,108],"rotated":1,"capInsets":[28,0,28,0]}},{"__type__":"cc.SpriteFrame","content":{"name":"dailytask_title","texture":"55cgE7hGxA4YBGqphXUJ6M","rect":[174,2,224,55],"offset":[0,0],"originalSize":[224,55],"rotated":1,"capInsets":[0,0,0,0]}},{"__type__":"cc.SpriteAtlas","_name":"dailytask.plist","_spriteFrames":{"dailytask_bg":{"__uuid__":"0dRrnTVtlEh5BWMCwCnrQF"},"dailytask_bg2":{"__uuid__":"950DWMwB5PEoEVHcRYfhkE"},"dailytask_btn_go":{"__uuid__":"598xHpDVhGsptk6WWyn4hW"},"dailytask_btn_receive":{"__uuid__":"95U1MffWhCq40cyFQrT6HQ"},"dailytask_icon_bg":{"__uuid__":"2c07CnRdBDZ6W7GF8M8Hf0"},"dailytask_line":{"__uuid__":"90r9a1N+VLLIr+LJZric8h"},"dailytask_title":{"__uuid__":"deRdo4AABI27ffF5WSMu38"}}}]