[{"__type__":"cc.SpriteFrame","content":{"name":"eff_shield_1","texture":"fc8902CuZC2om/bHdMYE2i","rect":[250,746,246,246],"offset":[1,1],"originalSize":[256,256],"capInsets":[0,0,0,0]}},{"__type__":"cc.SpriteFrame","content":{"name":"eff_shield_4","texture":"fc8902CuZC2om/bHdMYE2i","rect":[250,2,246,246],"offset":[1,1],"originalSize":[256,256],"capInsets":[0,0,0,0]}},{"__type__":"cc.SpriteFrame","content":{"name":"eff_shield_7","texture":"fc8902CuZC2om/bHdMYE2i","rect":[2,502,246,246],"offset":[1,1],"originalSize":[256,256],"capInsets":[0,0,0,0]}},{"__type__":"cc.SpriteFrame","content":{"name":"eff_shield_5","texture":"fc8902CuZC2om/bHdMYE2i","rect":[2,750,246,246],"offset":[1,1],"originalSize":[256,256],"capInsets":[0,0,0,0]}},{"__type__":"cc.SpriteFrame","content":{"name":"eff_shield_2","texture":"fc8902CuZC2om/bHdMYE2i","rect":[250,498,246,246],"offset":[1,1],"originalSize":[256,256],"capInsets":[0,0,0,0]}},{"__type__":"cc.SpriteAtlas","_name":"shield.plist","_spriteFrames":{"eff_shield_1":{"__uuid__":"03R7kZojVLO4MDmjHe8XWb"},"eff_shield_2":{"__uuid__":"9cdX7aFRBOq5ZuNeBZ1+Ry"},"eff_shield_3":{"__uuid__":"f8k2Fci65PUpa+1eRMzK9P"},"eff_shield_4":{"__uuid__":"54XCxeGAhIo50vnX+G4SWx"},"eff_shield_5":{"__uuid__":"70v362SDhFgq4e/EdEo1md"},"eff_shield_6":{"__uuid__":"fbi9j5ZudPmYJpv2ilXurr"},"eff_shield_7":{"__uuid__":"59PZkMTuNMSIulYRqwGgTU"},"eff_shield_8":{"__uuid__":"b5RE5Ai+VGTbBHiQReIW8M"}}},{"__type__":"cc.SpriteFrame","content":{"name":"eff_shield_8","texture":"fc8902CuZC2om/bHdMYE2i","rect":[2,254,246,246],"offset":[1,1],"originalSize":[256,256],"capInsets":[0,0,0,0]}},{"__type__":"cc.SpriteFrame","content":{"name":"eff_shield_3","texture":"fc8902CuZC2om/bHdMYE2i","rect":[250,250,246,246],"offset":[1,1],"originalSize":[256,256],"capInsets":[0,0,0,0]}},{"__type__":"cc.SpriteFrame","content":{"name":"eff_shield_6","texture":"fc8902CuZC2om/bHdMYE2i","rect":[2,2,250,246],"offset":[-1,1],"originalSize":[256,256],"rotated":1,"capInsets":[0,0,0,0]}}]