[{"__type__":"cc.SpriteFrame","content":{"name":"redpacket_coin2","texture":"86hXAqCEVC6L+NKyGsGg8x","rect":[510,612,213,212],"offset":[0,0],"originalSize":[213,212],"capInsets":[0,0,0,0]}},{"__type__":"cc.SpriteFrame","content":{"name":"redpacket_share","texture":"86hXAqCEVC6L+NKyGsGg8x","rect":[828,552,49,49],"offset":[0,0],"originalSize":[49,49],"capInsets":[0,0,0,0]}},{"__type__":"cc.SpriteFrame","content":{"name":"redpacket_video","texture":"86hXAqCEVC6L+NKyGsGg8x","rect":[908,294,48,36],"offset":[0,0],"originalSize":[48,36],"capInsets":[0,0,0,0]}},{"__type__":"cc.SpriteAtlas","_name":"redpacket.plist","_spriteFrames":{"redpacket_bg1":{"__uuid__":"9dmbCs4G5E+5Gxo6BGv7ef"},"redpacket_bg2":{"__uuid__":"74H4BL40lOe4+9dy/d8ek0"},"redpacket_bg3":{"__uuid__":"f81v4AvHhGwYKUXQ8KDmTI"},"redpacket_btn":{"__uuid__":"b4rTvDtXJAQbJ99NwTd9OS"},"redpacket_coin1":{"__uuid__":"e8WduWx2xKDZ7/mfFN2QRj"},"redpacket_coin2":{"__uuid__":"0c2aUymwRHdbSM/LZ9Y3Mx"},"redpacket_money_bg":{"__uuid__":"f0KGAgLa1GNqsY8D68DCxo"},"redpacket_open":{"__uuid__":"62++73rlZNh57nzaonx44J"},"redpacket_share":{"__uuid__":"188kEhUfJOyKXASIwzgBpU"},"redpacket_video":{"__uuid__":"27X3v1WxlO5bXnZEziSX3V"}}},{"__type__":"cc.SpriteFrame","content":{"name":"redpacket_open","texture":"86hXAqCEVC6L+NKyGsGg8x","rect":[725,612,189,191],"offset":[0,0],"originalSize":[189,191],"capInsets":[0,0,0,0]}},{"__type__":"cc.SpriteFrame","content":{"name":"redpacket_bg2","texture":"86hXAqCEVC6L+NKyGsGg8x","rect":[510,2,476,290],"offset":[0,0],"originalSize":[476,290],"capInsets":[0,0,0,0]}},{"__type__":"cc.SpriteFrame","content":{"name":"redpacket_bg1","texture":"86hXAqCEVC6L+NKyGsGg8x","rect":[2,2,506,617],"offset":[0,0],"originalSize":[506,617],"capInsets":[0,0,0,0]}},{"__type__":"cc.SpriteFrame","content":{"name":"redpacket_btn","texture":"86hXAqCEVC6L+NKyGsGg8x","rect":[828,294,256,78],"offset":[0,0],"originalSize":[256,78],"rotated":1,"capInsets":[0,0,0,0]}},{"__type__":"cc.SpriteFrame","content":{"name":"redpacket_coin1","texture":"86hXAqCEVC6L+NKyGsGg8x","rect":[510,294,316,316],"offset":[0,0],"originalSize":[316,316],"capInsets":[0,0,0,0]}},{"__type__":"cc.SpriteFrame","content":{"name":"redpacket_money_bg","texture":"86hXAqCEVC6L+NKyGsGg8x","rect":[2,763,195,51],"offset":[0,0],"originalSize":[195,51],"capInsets":[0,0,0,0]}},{"__type__":"cc.SpriteFrame","content":{"name":"redpacket_bg3","texture":"86hXAqCEVC6L+NKyGsGg8x","rect":[2,621,476,140],"offset":[0,0],"originalSize":[476,140],"capInsets":[0,0,0,0]}}]