[{"__type__":"cc.SpriteFrame","content":{"name":"btn_chuzhan2","texture":"fbGaXRFZJCJYQqkh9S/rTp","rect":[0,0,284,120],"offset":[0,0],"originalSize":[284,120],"capInsets":[0,0,0,0]}},[{"__type__":"cc.Prefab","_name":"friendHelp","data":{"__id__":1}},{"__type__":"cc.Node","_name":"friendHelp","_children":[{"__id__":2},{"__id__":3},{"__id__":4},{"__id__":5},{"__id__":13},{"__id__":14},{"__id__":16}],"_level":1,"_components":[{"__type__":"23c3dHjTqdBhIW/D/kAQOR6","node":{"__id__":1},"scrollView":{"__id__":10},"btnSound":{"__uuid__":"b5CnyjtFBNJ5UK59v+uqs2"},"helpItemPrefab":{"__uuid__":"c9KvonbzpIBofkTX4ehyoA"}},{"__type__":"cc.Widget","node":{"__id__":1},"_alignFlags":2}],"_prefab":{"__type__":"cc.PrefabInfo","root":{"__id__":1},"asset":{"__uuid__":"05ji4CfC5DsIFsPMHqnW7B"},"fileId":"eejVyc5SJCJbuTAo66QUEy"},"_contentSize":{"__type__":"cc.Size","width":720,"height":1280},"_position":{"__type__":"cc.Vec3","x":360,"y":640},"_scale":{"__type__":"cc.Vec3","x":1,"y":1,"z":1},"_zIndex":0},{"__type__":"cc.Node","_name":"spr_bg","_parent":{"__id__":1},"_level":2,"_components":[{"__type__":"cc.Sprite","node":{"__id__":2},"_spriteFrame":{"__uuid__":"26MQE5j8NAi4oY1fBZR8rS"},"_type":1,"_sizeMode":0}],"_prefab":{"__type__":"cc.PrefabInfo","root":{"__id__":1},"asset":{"__uuid__":"05ji4CfC5DsIFsPMHqnW7B"},"fileId":"90dg1izQdE8YjCah6gmdk8"},"_contentSize":{"__type__":"cc.Size","width":696,"height":970},"_position":{"__type__":"cc.Vec3","x":-3,"y":10},"_scale":{"__type__":"cc.Vec3","x":1,"y":1,"z":1},"_zIndex":0},{"__type__":"cc.Node","_name":"spr_title","_parent":{"__id__":1},"_level":2,"_components":[{"__type__":"cc.Sprite","node":{"__id__":3},"_spriteFrame":{"__uuid__":"d9L9atH05I0YQ1mP7d3OAY"}}],"_prefab":{"__type__":"cc.PrefabInfo","root":{"__id__":1},"asset":{"__uuid__":"05ji4CfC5DsIFsPMHqnW7B"},"fileId":"1bUGLYDHFCy50ZA+//k3Ms"},"_contentSize":{"__type__":"cc.Size","width":225,"height":53},"_position":{"__type__":"cc.Vec3","x":-13,"y":411},"_scale":{"__type__":"cc.Vec3","x":1,"y":1,"z":1},"_zIndex":0},{"__type__":"cc.Node","_name":"New Sprite","_parent":{"__id__":1},"_level":2,"_components":[{"__type__":"cc.Sprite","node":{"__id__":4},"_spriteFrame":{"__uuid__":"757gttCetGtaC7jGEq3IC8"}}],"_prefab":{"__type__":"cc.PrefabInfo","root":{"__id__":1},"asset":{"__uuid__":"05ji4CfC5DsIFsPMHqnW7B"},"fileId":"cdnUKsS65C+ZcIDpBWUGQk"},"_contentSize":{"__type__":"cc.Size","width":640,"height":164},"_position":{"__type__":"cc.Vec3","x":-3,"y":276},"_scale":{"__type__":"cc.Vec3","x":1,"y":1,"z":1},"_zIndex":0},{"__type__":"cc.Node","_name":"scrollView","_parent":{"__id__":1},"_children":[{"__id__":6},{"__id__":12}],"_level":2,"_components":[{"__type__":"cc.Sprite","node":{"__id__":5},"_type":1,"_sizeMode":0},{"__id__":10},{"__type__":"cc.Widget","node":{"__id__":5},"_alignFlags":1,"_top":569}],"_prefab":{"__type__":"cc.PrefabInfo","root":{"__id__":1},"asset":{"__uuid__":"05ji4CfC5DsIFsPMHqnW7B"},"fileId":"f6q9lqUpBHeb/egQuvVhnI"},"_contentSize":{"__type__":"cc.Size","width":630,"height":480},"_position":{"__type__":"cc.Vec3","y":-169},"_scale":{"__type__":"cc.Vec3","x":1,"y":1,"z":1},"_zIndex":0},{"__type__":"cc.Node","_name":"scrollBar","_parent":{"__id__":5},"_children":[{"__id__":7}],"_components":[{"__id__":9},{"__type__":"cc.Widget","node":{"__id__":6},"alignMode":0,"_alignFlags":37,"_left":350.07654921020657,"_originalHeight":237},{"__type__":"cc.Sprite","node":{"__id__":6},"_type":1,"_sizeMode":0}],"_prefab":{"__type__":"cc.PrefabInfo","root":{"__id__":1},"asset":{"__uuid__":"05ji4CfC5DsIFsPMHqnW7B"},"fileId":"6cRysxrhNKkoGrr6fusUzL"},"_contentSize":{"__type__":"cc.Size","width":12,"height":480},"_anchorPoint":{"__type__":"cc.Vec2","x":1,"y":0.5},"_position":{"__type__":"cc.Vec3","x":315},"_scale":{"__type__":"cc.Vec3","x":1,"y":1,"z":1},"_zIndex":0},{"__type__":"cc.Node","_name":"bar","_parent":{"__id__":6},"_components":[{"__id__":8}],"_prefab":{"__type__":"cc.PrefabInfo","root":{"__id__":1},"asset":{"__uuid__":"05ji4CfC5DsIFsPMHqnW7B"},"fileId":"8fTHVD93RCP5tjBzrDopuM"},"_contentSize":{"__type__":"cc.Size","width":11.8125,"height":397.2413793103448},"_anchorPoint":{"__type__":"cc.Vec2"},"_position":{"__type__":"cc.Vec3","x":-11.925000000000002,"y":-198.6206896551723},"_scale":{"__type__":"cc.Vec3","x":1,"y":1,"z":1},"_zIndex":0},{"__type__":"cc.Sprite","node":{"__id__":7},"_type":1,"_sizeMode":0},{"__type__":"cc.Scrollbar","node":{"__id__":6},"_scrollView":{"__id__":10},"_N$handle":{"__id__":8}},{"__type__":"cc.ScrollView","node":{"__id__":5},"horizontal":false,"brake":0.75,"bounceDuration":0.23,"_N$content":{"__id__":11},"content":{"__id__":11},"_N$horizontalScrollBar":null,"_N$verticalScrollBar":{"__id__":9}},{"__type__":"cc.Node","_name":"content","_parent":{"__id__":12},"_components":[{"__type__":"cc.Layout","node":{"__id__":11},"_layoutSize":{"__type__":"cc.Size","width":640,"height":580},"_resize":1,"_N$layoutType":2}],"_prefab":{"__type__":"cc.PrefabInfo","root":{"__id__":1},"asset":{"__uuid__":"05ji4CfC5DsIFsPMHqnW7B"},"fileId":"6cF233V6VA0qj92d8ZYuMi"},"_contentSize":{"__type__":"cc.Size","width":640,"height":580},"_scale":{"__type__":"cc.Vec3","x":1,"y":1,"z":1},"_zIndex":0},{"__type__":"cc.Node","_name":"view","_parent":{"__id__":5},"_children":[{"__id__":11}],"_components":[{"__type__":"cc.Mask","node":{"__id__":12}}],"_prefab":{"__type__":"cc.PrefabInfo","root":{"__id__":1},"asset":{"__uuid__":"05ji4CfC5DsIFsPMHqnW7B"},"fileId":"bbwv6jCU1LZZ1q9Kd4js2q"},"_contentSize":{"__type__":"cc.Size","width":640,"height":480},"_position":{"__type__":"cc.Vec3","x":1,"y":1},"_scale":{"__type__":"cc.Vec3","x":1,"y":1,"z":1},"_zIndex":0},{"__type__":"cc.Node","_name":"lab_desc","_parent":{"__id__":1},"_level":2,"_components":[{"__type__":"cc.Label","node":{"__id__":13},"_useOriginalSize":false,"_string":"成功邀请一名朋友助力，提升闯关星星收益+5%，持续10\n分钟，新朋友助力最高收益x2倍","_N$string":"成功邀请一名朋友助力，提升闯关星星收益+5%，持续10\n分钟，新朋友助力最高收益x2倍","_fontSize":24,"_lineHeight":30,"_N$verticalAlign":1},{"__type__":"cc.LabelOutline","node":{"__id__":13},"_width":0.1}],"_prefab":{"__type__":"cc.PrefabInfo","root":{"__id__":1},"asset":{"__uuid__":"05ji4CfC5DsIFsPMHqnW7B"},"fileId":"74rANFRPdGVoqDMEa+QS0P"},"_contentSize":{"__type__":"cc.Size","width":603.6,"height":60},"_position":{"__type__":"cc.Vec3","x":2.2,"y":133.3},"_scale":{"__type__":"cc.Vec3","x":1,"y":1,"z":1},"_zIndex":0},{"__type__":"cc.Node","_name":"btn_backmain","_parent":{"__id__":1},"_children":[{"__id__":15}],"_level":2,"_components":[{"__type__":"cc.Sprite","node":{"__id__":14},"_spriteFrame":{"__uuid__":"13e1+4Q95GkrQG1Une0xxz"},"_type":1},{"__type__":"cc.Button","node":{"__id__":14},"zoomScale":1.05,"clickEvents":[{"__type__":"cc.ClickEvent","target":{"__id__":1},"component":"friendHelp","handler":"onBtnBackMain"}],"_N$transition":3,"transition":3,"_N$normalColor":{"__type__":"cc.Color","r":255,"g":255,"b":255},"_N$pressedColor":{"__type__":"cc.Color","r":255,"g":255,"b":255},"pressedColor":{"__type__":"cc.Color","r":255,"g":255,"b":255},"_N$disabledColor":{"__type__":"cc.Color","r":255,"g":255,"b":255},"_N$normalSprite":{"__uuid__":"f0lMpmPmtF94vivcYzkclA"},"_N$pressedSprite":{"__uuid__":"e97GVMl6JHh5Ml5qEDdSGa"},"pressedSprite":{"__uuid__":"e97GVMl6JHh5Ml5qEDdSGa"},"_N$hoverSprite":{"__uuid__":"f0BIwQ8D5Ml7nTNQbh1YlS"},"hoverSprite":{"__uuid__":"f0BIwQ8D5Ml7nTNQbh1YlS"},"_N$disabledSprite":{"__uuid__":"29FYIk+N1GYaeWH/q1NxQO"},"_N$target":{"__id__":14}},{"__type__":"cc.Widget","node":{"__id__":14},"_alignFlags":12,"_left":19,"_top":1170.5,"_bottom":46.5,"_originalHeight":117}],"_prefab":{"__type__":"cc.PrefabInfo","root":{"__id__":1},"asset":{"__uuid__":"05ji4CfC5DsIFsPMHqnW7B"},"fileId":"17dXnWpB9EDZO6otM/YU/0"},"_contentSize":{"__type__":"cc.Size","width":178,"height":117},"_position":{"__type__":"cc.Vec3","x":-252,"y":-535},"_scale":{"__type__":"cc.Vec3","x":1,"y":1,"z":1},"_zIndex":0},{"__type__":"cc.Node","_name":"spr_back","_parent":{"__id__":14},"_level":4,"_components":[{"__type__":"cc.Sprite","node":{"__id__":15},"_spriteFrame":{"__uuid__":"d6sxPQ3StLLqxkciPFcaNM"}}],"_prefab":{"__type__":"cc.PrefabInfo","root":{"__id__":1},"asset":{"__uuid__":"05ji4CfC5DsIFsPMHqnW7B"},"fileId":"a9K6zjz1hGPrd0YVEumFCe"},"_contentSize":{"__type__":"cc.Size","width":59,"height":59},"_scale":{"__type__":"cc.Vec3","x":1,"y":1,"z":1},"_zIndex":0},{"__type__":"cc.Node","_name":"New Label","_parent":{"__id__":1},"_level":2,"_components":[{"__type__":"cc.Label","node":{"__id__":16},"_useOriginalSize":false,"_string":"每日凌晨刷新助力礼包","_N$string":"每日凌晨刷新助力礼包","_N$horizontalAlign":1,"_N$verticalAlign":1},{"__type__":"cc.LabelOutline","node":{"__id__":16},"_width":0.5}],"_prefab":{"__type__":"cc.PrefabInfo","root":{"__id__":1},"asset":{"__uuid__":"05ji4CfC5DsIFsPMHqnW7B"},"fileId":"50ildwJ+xKRpZsdTApGCXN"},"_contentSize":{"__type__":"cc.Size","width":401,"height":40},"_position":{"__type__":"cc.Vec3","y":-380},"_scale":{"__type__":"cc.Vec3","x":1,"y":1,"z":1},"_zIndex":0}],[{"__type__":"cc.Prefab","_name":"newGifts","data":{"__id__":1}},{"__type__":"cc.Node","_name":"newGifts","_children":[{"__id__":2},{"__id__":3},{"__id__":4},{"__id__":5},{"__id__":6},{"__id__":7},{"__id__":9},{"__id__":13},{"__id__":16},{"__id__":18},{"__id__":19}],"_level":1,"_components":[{"__type__":"a123aPD8/dEm7rbvSmRQ5qj","node":{"__id__":1},"btnSound":{"__uuid__":"b5CnyjtFBNJ5UK59v+uqs2"},"btn_receive":{"__id__":8},"node_invite":{"__id__":9},"lab_gem":{"__id__":17},"btn_close":{"__id__":15}},{"__type__":"cc.Widget","node":{"__id__":1},"_alignFlags":42,"_originalWidth":720}],"_prefab":{"__type__":"cc.PrefabInfo","root":{"__id__":1},"asset":{"__uuid__":"0afI0bUeNHsb2nGE4f1Ac3"},"fileId":"a3b8PPkcpDIJAasmlH4t6U"},"_contentSize":{"__type__":"cc.Size","width":720,"height":1280},"_position":{"__type__":"cc.Vec3","x":360,"y":640},"_scale":{"__type__":"cc.Vec3","x":1,"y":1,"z":1},"_zIndex":0},{"__type__":"cc.Node","_name":"New Sprite","_parent":{"__id__":1},"_level":2,"_components":[{"__type__":"cc.Sprite","node":{"__id__":2},"_spriteFrame":{"__uuid__":"69TEkGJn9Flr75+/MkHnuU"},"_type":1,"_sizeMode":0}],"_prefab":{"__type__":"cc.PrefabInfo","root":{"__id__":1},"asset":{"__uuid__":"0afI0bUeNHsb2nGE4f1Ac3"},"fileId":"29IqLAH+dACbg5yUA+npJN"},"_contentSize":{"__type__":"cc.Size","width":696,"height":845},"_position":{"__type__":"cc.Vec3","x":-3,"y":70},"_scale":{"__type__":"cc.Vec3","x":1,"y":1,"z":1},"_zIndex":0},{"__type__":"cc.Node","_name":"New Sprite","_parent":{"__id__":1},"_level":2,"_components":[{"__type__":"cc.Sprite","node":{"__id__":3},"_spriteFrame":{"__uuid__":"eaGEn1JwZPhJBECRKIZfSH"}}],"_prefab":{"__type__":"cc.PrefabInfo","root":{"__id__":1},"asset":{"__uuid__":"0afI0bUeNHsb2nGE4f1Ac3"},"fileId":"e68bcmLKNPvbq8VEovRhGe"},"_contentSize":{"__type__":"cc.Size","width":226,"height":52},"_position":{"__type__":"cc.Vec3","x":-8,"y":409},"_scale":{"__type__":"cc.Vec3","x":1,"y":1,"z":1},"_zIndex":0},{"__type__":"cc.Node","_name":"New Sprite","_parent":{"__id__":1},"_level":2,"_components":[{"__type__":"cc.Sprite","node":{"__id__":4},"_spriteFrame":{"__uuid__":"9dnwhFQ+BEprZTbLeDf4M+"}}],"_prefab":{"__type__":"cc.PrefabInfo","root":{"__id__":1},"asset":{"__uuid__":"0afI0bUeNHsb2nGE4f1Ac3"},"fileId":"e8uvsQ8tRPvLOXmzvGAMKn"},"_contentSize":{"__type__":"cc.Size","width":534,"height":377},"_position":{"__type__":"cc.Vec3","x":-2,"y":77},"_scale":{"__type__":"cc.Vec3","x":1,"y":1,"z":1},"_zIndex":0},{"__type__":"cc.Node","_name":"New Sprite","_parent":{"__id__":1},"_level":2,"_components":[{"__type__":"cc.Sprite","node":{"__id__":5},"_spriteFrame":{"__uuid__":"84+7ytNg9KBoQP9fCPS6ls"}}],"_prefab":{"__type__":"cc.PrefabInfo","root":{"__id__":1},"asset":{"__uuid__":"0afI0bUeNHsb2nGE4f1Ac3"},"fileId":"25CYAppEVNcouORyNGRIRg"},"_contentSize":{"__type__":"cc.Size","width":87,"height":58},"_position":{"__type__":"cc.Vec3","x":-109,"y":186},"_scale":{"__type__":"cc.Vec3","x":1,"y":1,"z":1},"_zIndex":0},{"__type__":"cc.Node","_name":"New Sprite","_parent":{"__id__":1},"_level":2,"_components":[{"__type__":"cc.Sprite","node":{"__id__":6},"_spriteFrame":{"__uuid__":"0drpCDuMVPjpFhMMGe0lao"}}],"_prefab":{"__type__":"cc.PrefabInfo","root":{"__id__":1},"asset":{"__uuid__":"0afI0bUeNHsb2nGE4f1Ac3"},"fileId":"68V8RYBvVO1YZOme7PsnIJ"},"_contentSize":{"__type__":"cc.Size","width":83,"height":79},"_position":{"__type__":"cc.Vec3","x":105,"y":183},"_scale":{"__type__":"cc.Vec3","x":1,"y":1,"z":1},"_zIndex":0},{"__type__":"cc.Node","_name":"btn_receive","_parent":{"__id__":1},"_level":2,"_components":[{"__type__":"cc.Sprite","node":{"__id__":7},"_spriteFrame":{"__uuid__":"f1wzW2HMpO6ZkeGxR4D0al"},"_type":1,"_sizeMode":2},{"__id__":8}],"_prefab":{"__type__":"cc.PrefabInfo","root":{"__id__":1},"asset":{"__uuid__":"0afI0bUeNHsb2nGE4f1Ac3"},"fileId":"13lLbrHJxP0a86T9fyVhyl"},"_contentSize":{"__type__":"cc.Size","width":151,"height":63},"_position":{"__type__":"cc.Vec3","x":194,"y":-273},"_scale":{"__type__":"cc.Vec3","x":1,"y":1,"z":1},"_zIndex":0},{"__type__":"cc.Button","node":{"__id__":7},"clickEvents":[{"__type__":"cc.ClickEvent","target":{"__id__":1},"component":"newGifts","handler":"onBtnReceive"}],"_N$enableAutoGrayEffect":true,"_N$transition":3,"transition":3,"_N$normalColor":{"__type__":"cc.Color","r":255,"g":255,"b":255},"_N$pressedColor":{"__type__":"cc.Color","r":255,"g":255,"b":255},"pressedColor":{"__type__":"cc.Color","r":255,"g":255,"b":255},"_N$disabledColor":{"__type__":"cc.Color","r":255,"g":255,"b":255},"_N$normalSprite":{"__uuid__":"f1wzW2HMpO6ZkeGxR4D0al"},"_N$pressedSprite":{"__uuid__":"e97GVMl6JHh5Ml5qEDdSGa"},"pressedSprite":{"__uuid__":"e97GVMl6JHh5Ml5qEDdSGa"},"_N$hoverSprite":{"__uuid__":"f0BIwQ8D5Ml7nTNQbh1YlS"},"hoverSprite":{"__uuid__":"f0BIwQ8D5Ml7nTNQbh1YlS"},"_N$disabledSprite":{"__uuid__":"29FYIk+N1GYaeWH/q1NxQO"},"_N$target":{"__id__":7}},{"__type__":"cc.Node","_name":"node_invite","_parent":{"__id__":1},"_children":[{"__id__":10},{"__id__":12}],"_level":2,"_prefab":{"__type__":"cc.PrefabInfo","root":{"__id__":1},"asset":{"__uuid__":"0afI0bUeNHsb2nGE4f1Ac3"},"fileId":"a2F79EFBJFco9inNMXMIc3"},"_contentSize":{"__type__":"cc.Size","width":88,"height":89},"_position":{"__type__":"cc.Vec3","x":-229.5,"y":-267.5},"_scale":{"__type__":"cc.Vec3","x":1,"y":1,"z":1},"_zIndex":0},{"__type__":"cc.Node","_name":"Mask","_parent":{"__id__":9},"_children":[{"__id__":11}],"_level":3,"_components":[{"__type__":"cc.Mask","node":{"__id__":10},"_spriteFrame":{"__uuid__":"75QybVrntH3Jt1dbDutRog"},"_type":2,"_N$alphaThreshold":0.5}],"_prefab":{"__type__":"cc.PrefabInfo","root":{"__id__":1},"asset":{"__uuid__":"0afI0bUeNHsb2nGE4f1Ac3"},"fileId":"42B6rEO+JHqac769EAy56a"},"_contentSize":{"__type__":"cc.Size","width":88,"height":89},"_scale":{"__type__":"cc.Vec3","x":1,"y":1,"z":1},"_zIndex":0},{"__type__":"cc.Node","_name":"spr_icon","_parent":{"__id__":10},"_level":4,"_components":[{"__type__":"cc.Sprite","node":{"__id__":11},"_spriteFrame":{"__uuid__":"75QybVrntH3Jt1dbDutRog"},"_sizeMode":0}],"_prefab":{"__type__":"cc.PrefabInfo","root":{"__id__":1},"asset":{"__uuid__":"0afI0bUeNHsb2nGE4f1Ac3"},"fileId":"5dSd0rKelIzrtdaD/J66is"},"_contentSize":{"__type__":"cc.Size","width":88,"height":89},"_scale":{"__type__":"cc.Vec3","x":1,"y":1,"z":1},"_zIndex":0},{"__type__":"cc.Node","_name":"New Sprite","_parent":{"__id__":9},"_level":3,"_components":[{"__type__":"cc.Sprite","node":{"__id__":12},"_spriteFrame":{"__uuid__":"2cIrcz4jBKXYm/Ny71dLn+"},"_sizeMode":2}],"_prefab":{"__type__":"cc.PrefabInfo","root":{"__id__":1},"asset":{"__uuid__":"0afI0bUeNHsb2nGE4f1Ac3"},"fileId":"b6i2inuU9Gt4LDfN8ZnElR"},"_contentSize":{"__type__":"cc.Size","width":113,"height":114},"_scale":{"__type__":"cc.Vec3","x":0.8,"y":0.8,"z":1},"_zIndex":0},{"__type__":"cc.Node","_name":"btn_close","_parent":{"__id__":1},"_children":[{"__id__":14}],"_level":2,"_components":[{"__type__":"cc.Sprite","node":{"__id__":13},"_type":1},{"__id__":15},{"__type__":"cc.Widget","node":{"__id__":13},"alignMode":2,"_alignFlags":4,"_bottom":240}],"_prefab":{"__type__":"cc.PrefabInfo","root":{"__id__":1},"asset":{"__uuid__":"0afI0bUeNHsb2nGE4f1Ac3"},"fileId":"98oOLPN+hJ/bVUb008GrfZ"},"_opacity":180,"_contentSize":{"__type__":"cc.Size","width":200,"height":60},"_position":{"__type__":"cc.Vec3","y":-370},"_scale":{"__type__":"cc.Vec3","x":1,"y":1,"z":1},"_zIndex":0},{"__type__":"cc.Node","_name":"New Label","_parent":{"__id__":13},"_level":3,"_components":[{"__type__":"cc.Label","node":{"__id__":14},"_useOriginalSize":false,"_string":"点击跳过 >>","_N$string":"点击跳过 >>","_fontSize":30,"_N$horizontalAlign":1,"_N$verticalAlign":1}],"_prefab":{"__type__":"cc.PrefabInfo","root":{"__id__":1},"asset":{"__uuid__":"0afI0bUeNHsb2nGE4f1Ac3"},"fileId":"78KoDGokdGybyBRsz4XHWj"},"_contentSize":{"__type__":"cc.Size","width":163.37,"height":40},"_scale":{"__type__":"cc.Vec3","x":1,"y":1,"z":1},"_zIndex":0},{"__type__":"cc.Button","node":{"__id__":13},"clickEvents":[{"__type__":"cc.ClickEvent","target":{"__id__":1},"component":"newGifts","handler":"onBtnClose"}],"_N$transition":3,"transition":3,"_N$normalColor":{"__type__":"cc.Color","r":255,"g":255,"b":255},"_N$pressedColor":{"__type__":"cc.Color","r":255,"g":255,"b":255},"pressedColor":{"__type__":"cc.Color","r":255,"g":255,"b":255},"_N$disabledColor":{"__type__":"cc.Color","r":255,"g":255,"b":255},"_N$normalSprite":{"__uuid__":"8eW5B1hGNFLYCDb3TcQWPq"},"_N$pressedSprite":{"__uuid__":"e97GVMl6JHh5Ml5qEDdSGa"},"pressedSprite":{"__uuid__":"e97GVMl6JHh5Ml5qEDdSGa"},"_N$hoverSprite":{"__uuid__":"f0BIwQ8D5Ml7nTNQbh1YlS"},"hoverSprite":{"__uuid__":"f0BIwQ8D5Ml7nTNQbh1YlS"},"_N$disabledSprite":{"__uuid__":"29FYIk+N1GYaeWH/q1NxQO"},"_N$target":{"__id__":13}},{"__type__":"cc.Node","_name":"lab_gem","_parent":{"__id__":1},"_level":2,"_components":[{"__id__":17}],"_prefab":{"__type__":"cc.PrefabInfo","root":{"__id__":1},"asset":{"__uuid__":"0afI0bUeNHsb2nGE4f1Ac3"},"fileId":"5bT1w3jQRBD52OzX4A5Krb"},"_color":{"__type__":"cc.Color","r":254,"g":255,"b":255},"_contentSize":{"__type__":"cc.Size","width":91.68,"height":30},"_position":{"__type__":"cc.Vec3","x":-100,"y":125.9},"_scale":{"__type__":"cc.Vec3","x":1,"y":1,"z":1},"_zIndex":0},{"__type__":"cc.Label","node":{"__id__":16},"_useOriginalSize":false,"_string":"钻石x0","_N$string":"钻石x0","_fontSize":30,"_lineHeight":30,"_N$horizontalAlign":1,"_N$verticalAlign":1},{"__type__":"cc.Node","_name":"lab_package","_parent":{"__id__":1},"_level":2,"_components":[{"__type__":"cc.Label","node":{"__id__":18},"_useOriginalSize":false,"_string":"神秘宝箱","_N$string":"神秘宝箱","_fontSize":28,"_lineHeight":30,"_N$horizontalAlign":1,"_N$verticalAlign":1}],"_prefab":{"__type__":"cc.PrefabInfo","root":{"__id__":1},"asset":{"__uuid__":"0afI0bUeNHsb2nGE4f1Ac3"},"fileId":"d9LYsqICtASJw1tr5aadf+"},"_color":{"__type__":"cc.Color","r":23,"g":226,"b":171},"_contentSize":{"__type__":"cc.Size","width":112,"height":30},"_position":{"__type__":"cc.Vec3","x":103.8,"y":124.9},"_scale":{"__type__":"cc.Vec3","x":1,"y":1,"z":1},"_zIndex":0},{"__type__":"cc.Node","_name":"lab_desc","_parent":{"__id__":1},"_level":2,"_components":[{"__type__":"cc.Label","node":{"__id__":19},"_useOriginalSize":false,"_string":"邀请3位新用户，即可免费领取丰富大礼包！","_N$string":"邀请3位新用户，即可免费领取丰富大礼包！","_fontSize":28,"_lineHeight":28,"_N$horizontalAlign":1,"_N$verticalAlign":1}],"_prefab":{"__type__":"cc.PrefabInfo","root":{"__id__":1},"asset":{"__uuid__":"0afI0bUeNHsb2nGE4f1Ac3"},"fileId":"64/BoRSMVFDLpanIA14ES+"},"_color":{"__type__":"cc.Color","r":255,"g":245,"b":128},"_contentSize":{"__type__":"cc.Size","width":547.57,"height":28},"_position":{"__type__":"cc.Vec3","x":-2.0999999999999996,"y":-170.1},"_scale":{"__type__":"cc.Vec3","x":1,"y":1,"z":1},"_zIndex":0}],{"__type__":"cc.SpriteFrame","content":{"name":"newgifts_gift2","texture":"1d42L6F6BH0KhmW2m9jzig","rect":[538,590,83,79],"offset":[0,0],"originalSize":[83,79],"rotated":1,"capInsets":[0,0,0,0]}},{"__type__":"cc.SpriteFrame","content":{"name":"btn_green_yaoqing","texture":"82CY1upqdCkpY2IE46CVtb","rect":[0,0,55,29],"offset":[0,0],"originalSize":[55,29],"capInsets":[0,0,0,0]}},{"__type__":"cc.SpriteFrame","content":{"name":"btn_zhulilibao","texture":"29N3j6XLlNI6WCRb3D3UoR","rect":[0,0,93,81],"offset":[0,0],"originalSize":[93,81],"capInsets":[0,0,0,0]}},{"__type__":"cc.SpriteFrame","content":{"name":"btn_blue_small","texture":"4aTZy43FtOtJzIfIRpCUti","rect":[0,0,178,117],"offset":[0,0],"originalSize":[178,117],"capInsets":[0,0,0,0]}},{"__type__":"cc.SpriteFrame","content":{"name":"xinshouzhiying_xian","texture":"e5IgzCusVDX5BekVCgzVVx","rect":[0,0,12,371],"offset":[0,0],"originalSize":[12,371],"capInsets":[0,0,0,0]}},{"__type__":"cc.SpriteFrame","content":{"name":"shengji_btn_lv","texture":"f705q0QKlFqpwv67qI/oF+","rect":[0,0,151,53],"offset":[0,0],"originalSize":[151,53],"capInsets":[0,0,0,0]}},[{"__type__":"cc.Prefab","_name":"redpacketCrash","data":{"__id__":1}},{"__type__":"cc.Node","_name":"redpacketCrash","_children":[{"__id__":2},{"__id__":3},{"__id__":4},{"__id__":5},{"__id__":7},{"__id__":8},{"__id__":9},{"__id__":11},{"__id__":12}],"_level":1,"_components":[{"__type__":"47713isUw9N+pVDUmH4cO6J","node":{"__id__":1},"lab_money":{"__id__":10},"btnSound":{"__uuid__":"b5CnyjtFBNJ5UK59v+uqs2"}}],"_prefab":{"__type__":"cc.PrefabInfo","root":{"__id__":1},"asset":{"__uuid__":"1cBEuLOkdO/IHT67vDPZwQ"},"fileId":"c2pUYDHQlORLZBf+f6E6me"},"_contentSize":{"__type__":"cc.Size","width":720,"height":1280},"_scale":{"__type__":"cc.Vec3","x":1,"y":1,"z":1},"_zIndex":0},{"__type__":"cc.Node","_name":"New Sprite","_parent":{"__id__":1},"_level":2,"_components":[{"__type__":"cc.Sprite","node":{"__id__":2},"_spriteFrame":{"__uuid__":"ff0iY4BBxDOa+3XTmqya94"},"_type":1,"_sizeMode":0}],"_prefab":{"__type__":"cc.PrefabInfo","root":{"__id__":1},"asset":{"__uuid__":"1cBEuLOkdO/IHT67vDPZwQ"},"fileId":"53yzlyCTVHSKYuabhZ44T/"},"_contentSize":{"__type__":"cc.Size","width":627,"height":98},"_position":{"__type__":"cc.Vec3","x":-1.6,"y":361.6},"_scale":{"__type__":"cc.Vec3","x":1,"y":1,"z":1},"_zIndex":0},{"__type__":"cc.Node","_name":"New Sprite","_parent":{"__id__":1},"_level":2,"_components":[{"__type__":"cc.Sprite","node":{"__id__":3},"_spriteFrame":{"__uuid__":"1fmAdTlKhAgJrCLBtpm63v"},"_type":1,"_sizeMode":0}],"_prefab":{"__type__":"cc.PrefabInfo","root":{"__id__":1},"asset":{"__uuid__":"1cBEuLOkdO/IHT67vDPZwQ"},"fileId":"6eNxzzTLxHRKbYOv/5hXDg"},"_contentSize":{"__type__":"cc.Size","width":627,"height":725},"_position":{"__type__":"cc.Vec3","x":-1.6,"y":-50},"_scale":{"__type__":"cc.Vec3","x":1,"y":1,"z":1},"_zIndex":0},{"__type__":"cc.Node","_name":"New Sprite","_parent":{"__id__":1},"_level":2,"_components":[{"__type__":"cc.Sprite","node":{"__id__":4},"_spriteFrame":{"__uuid__":"48MLZHhCpHoqxsnebqvCCp"}}],"_prefab":{"__type__":"cc.PrefabInfo","root":{"__id__":1},"asset":{"__uuid__":"1cBEuLOkdO/IHT67vDPZwQ"},"fileId":"41S+CHAytAjqsMXyEN4hNe"},"_contentSize":{"__type__":"cc.Size","width":202,"height":203},"_position":{"__type__":"cc.Vec3","x":-2,"y":127},"_scale":{"__type__":"cc.Vec3","x":1,"y":1,"z":1},"_zIndex":0},{"__type__":"cc.Node","_name":"btn_crash","_parent":{"__id__":1},"_children":[{"__id__":6}],"_level":2,"_components":[{"__type__":"cc.Sprite","node":{"__id__":5},"_spriteFrame":{"__uuid__":"fe0CIHN7VGWbZ3D3hZYeeP"},"_state":1},{"__type__":"cc.Button","node":{"__id__":5},"_N$interactable":false,"_N$enableAutoGrayEffect":true,"_N$transition":3,"transition":3,"_N$target":{"__id__":5}}],"_prefab":{"__type__":"cc.PrefabInfo","root":{"__id__":1},"asset":{"__uuid__":"1cBEuLOkdO/IHT67vDPZwQ"},"fileId":"88ca/xAeNLlL1ohKsSepEy"},"_contentSize":{"__type__":"cc.Size","width":459,"height":96},"_position":{"__type__":"cc.Vec3","y":-225},"_scale":{"__type__":"cc.Vec3","x":1,"y":1,"z":1},"_zIndex":0},{"__type__":"cc.Node","_name":"New Label","_parent":{"__id__":5},"_level":3,"_components":[{"__type__":"cc.Label","node":{"__id__":6},"_useOriginalSize":false,"_string":"确认提现","_N$string":"确认提现","_fontSize":47,"_lineHeight":47,"_N$horizontalAlign":1,"_N$verticalAlign":1},{"__type__":"cc.LabelOutline","node":{"__id__":6},"_width":0.3}],"_prefab":{"__type__":"cc.PrefabInfo","root":{"__id__":1},"asset":{"__uuid__":"1cBEuLOkdO/IHT67vDPZwQ"},"fileId":"e5cfmpNCtHfrTouICKy2Y0"},"_contentSize":{"__type__":"cc.Size","width":188.6,"height":47},"_position":{"__type__":"cc.Vec3","x":-3,"y":3},"_scale":{"__type__":"cc.Vec3","x":1,"y":1,"z":1},"_zIndex":0},{"__type__":"cc.Node","_name":"btn_close","_parent":{"__id__":1},"_level":2,"_components":[{"__type__":"cc.Sprite","node":{"__id__":7},"_spriteFrame":{"__uuid__":"66P8xuplhOto/NTNqOD+wG"},"_type":1},{"__type__":"cc.Button","node":{"__id__":7},"clickEvents":[{"__type__":"cc.ClickEvent","target":{"__id__":1},"component":"redpacketCrash","handler":"onBtnClose"}],"_N$transition":3,"transition":3,"_N$normalColor":{"__type__":"cc.Color","r":255,"g":255,"b":255},"_N$pressedColor":{"__type__":"cc.Color","r":255,"g":255,"b":255},"pressedColor":{"__type__":"cc.Color","r":255,"g":255,"b":255},"_N$disabledColor":{"__type__":"cc.Color","r":255,"g":255,"b":255},"_N$normalSprite":{"__uuid__":"66P8xuplhOto/NTNqOD+wG"},"_N$pressedSprite":{"__uuid__":"e97GVMl6JHh5Ml5qEDdSGa"},"pressedSprite":{"__uuid__":"e97GVMl6JHh5Ml5qEDdSGa"},"_N$hoverSprite":{"__uuid__":"f0BIwQ8D5Ml7nTNQbh1YlS"},"hoverSprite":{"__uuid__":"f0BIwQ8D5Ml7nTNQbh1YlS"},"_N$disabledSprite":{"__uuid__":"29FYIk+N1GYaeWH/q1NxQO"},"_N$target":{"__id__":7}}],"_prefab":{"__type__":"cc.PrefabInfo","root":{"__id__":1},"asset":{"__uuid__":"1cBEuLOkdO/IHT67vDPZwQ"},"fileId":"386NBqhQZAl4SVSUMHBnYt"},"_contentSize":{"__type__":"cc.Size","width":53,"height":54},"_position":{"__type__":"cc.Vec3","x":270,"y":363},"_scale":{"__type__":"cc.Vec3","x":1,"y":1,"z":1},"_zIndex":0},{"__type__":"cc.Node","_name":"New Label","_parent":{"__id__":1},"_level":2,"_components":[{"__type__":"cc.Label","node":{"__id__":8},"_useOriginalSize":false,"_string":"我的余额","_N$string":"我的余额","_fontSize":37,"_lineHeight":37,"_N$horizontalAlign":1,"_N$verticalAlign":1},{"__type__":"cc.LabelOutline","node":{"__id__":8},"_color":{"__type__":"cc.Color"},"_width":0.2}],"_prefab":{"__type__":"cc.PrefabInfo","root":{"__id__":1},"asset":{"__uuid__":"1cBEuLOkdO/IHT67vDPZwQ"},"fileId":"deMcsGSp9POrlRpa1CJc08"},"_color":{"__type__":"cc.Color"},"_contentSize":{"__type__":"cc.Size","width":148.4,"height":37},"_position":{"__type__":"cc.Vec3","x":-0.7000000000000002,"y":-18},"_scale":{"__type__":"cc.Vec3","x":1,"y":1,"z":1},"_zIndex":0},{"__type__":"cc.Node","_name":"lab_money","_parent":{"__id__":1},"_level":2,"_components":[{"__id__":10},{"__type__":"cc.LabelOutline","node":{"__id__":9},"_color":{"__type__":"cc.Color"},"_width":0.3}],"_prefab":{"__type__":"cc.PrefabInfo","root":{"__id__":1},"asset":{"__uuid__":"1cBEuLOkdO/IHT67vDPZwQ"},"fileId":"1dHmDPvDxLGqWAeTIcqeSv"},"_color":{"__type__":"cc.Color"},"_contentSize":{"__type__":"cc.Size","width":147.91,"height":50},"_position":{"__type__":"cc.Vec3","x":-5,"y":-89.1},"_scale":{"__type__":"cc.Vec3","x":1,"y":1,"z":1},"_zIndex":0},{"__type__":"cc.Label","node":{"__id__":9},"_useOriginalSize":false,"_string":"￥9.99","_N$string":"￥9.99","_fontSize":50,"_lineHeight":50,"_N$horizontalAlign":1,"_N$verticalAlign":1},{"__type__":"cc.Node","_name":"New Label","_parent":{"__id__":1},"_level":2,"_components":[{"__type__":"cc.Label","node":{"__id__":11},"_useOriginalSize":false,"_string":"最低提现金额为20元","_N$string":"最低提现金额为20元","_fontSize":29,"_lineHeight":29,"_N$horizontalAlign":1,"_N$verticalAlign":1},{"__type__":"cc.LabelOutline","node":{"__id__":11},"_color":{"__type__":"cc.Color","r":141,"g":141,"b":141},"_width":0.2}],"_prefab":{"__type__":"cc.PrefabInfo","root":{"__id__":1},"asset":{"__uuid__":"1cBEuLOkdO/IHT67vDPZwQ"},"fileId":"84IWVxdHBEXYhinMqMM7Ik"},"_color":{"__type__":"cc.Color","r":141,"g":141,"b":141},"_contentSize":{"__type__":"cc.Size","width":264.65999999999997,"height":29},"_position":{"__type__":"cc.Vec3","x":-2,"y":-300},"_scale":{"__type__":"cc.Vec3","x":1,"y":1,"z":1},"_zIndex":0},{"__type__":"cc.Node","_name":"New Label","_parent":{"__id__":1},"_level":2,"_components":[{"__type__":"cc.Label","node":{"__id__":12},"_useOriginalSize":false,"_string":"备注：关卡中有几率获得红包奖励","_N$string":"备注：关卡中有几率获得红包奖励","_fontSize":29,"_lineHeight":29,"_N$horizontalAlign":1,"_N$verticalAlign":1},{"__type__":"cc.LabelOutline","node":{"__id__":12},"_color":{"__type__":"cc.Color","r":141,"g":141,"b":141},"_width":0.2}],"_prefab":{"__type__":"cc.PrefabInfo","root":{"__id__":1},"asset":{"__uuid__":"1cBEuLOkdO/IHT67vDPZwQ"},"fileId":"6bgEd29BFMZ7lt8VprPcrP"},"_color":{"__type__":"cc.Color","r":141,"g":141,"b":141},"_contentSize":{"__type__":"cc.Size","width":435.4,"height":29},"_position":{"__type__":"cc.Vec3","x":9,"y":-360.4},"_scale":{"__type__":"cc.Vec3","x":1,"y":1,"z":1},"_zIndex":0}],{"__type__":"cc.SpriteFrame","content":{"name":"redpacket2_bg2","texture":"1eCsq5wNhFQp7lTxpy2Onh","rect":[2,157,92,48],"offset":[0,0],"originalSize":[92,48],"capInsets":[26,6,25,27]}},{"__type__":"cc.SpriteFrame","content":{"name":"icon_lottery_draw","texture":"f51ODBEWRHKbSnPWtEnT6M","rect":[0,0,87,96],"offset":[0,0],"originalSize":[87,96],"capInsets":[0,0,0,0]}},{"__type__":"cc.SpriteFrame","content":{"name":"friendhelp_bg","texture":"bfS/BUgGxJ94vFqIUFjKr5","rect":[2,2,256,263],"offset":[0,0],"originalSize":[256,263],"rotated":1,"capInsets":[100,145,105,97]}},{"__type__":"cc.SpriteFrame","content":{"name":"start_bg_bottom","texture":"ebOLpQq01IIqWS4uhBs+Up","rect":[0,0,720,425],"offset":[0,0],"originalSize":[720,425],"capInsets":[0,0,0,0]}},{"__type__":"cc.SpriteFrame","content":{"name":"btn_txt_5000gm","texture":"8ePNtFeAlH96tso82xrAvA","rect":[0,0,137,91],"offset":[0,0],"originalSize":[137,91],"capInsets":[0,0,0,0]}},{"__type__":"cc.SpriteFrame","content":{"name":"redpacket2_packet","texture":"1eCsq5wNhFQp7lTxpy2Onh","rect":[204,100,55,67],"offset":[0,0],"originalSize":[55,67],"rotated":1,"capInsets":[0,0,0,0]}},{"__type__":"cc.SpriteFrame","content":{"name":"btn_txt_gzjs","texture":"a31SCzJWJMfo7vkiQC5h0C","rect":[0,0,192,51],"offset":[0,0],"originalSize":[192,51],"capInsets":[0,0,0,0]}},{"__type__":"cc.SpriteFrame","content":{"name":"redpacket2_crash","texture":"1eCsq5wNhFQp7lTxpy2Onh","rect":[273,100,118,60],"offset":[0,0],"originalSize":[118,60],"capInsets":[0,0,0,0]}},{"__type__":"cc.SpriteFrame","content":{"name":"btn_friend_help","texture":"4e+AqVeBFCc6m5QMsYVYSS","rect":[0,0,99,97],"offset":[0,0],"originalSize":[99,97],"capInsets":[0,0,0,0]}},[{"__type__":"cc.SceneAsset","_name":"Start","scene":{"__id__":1},"asyncLoadAssets":null},{"__type__":"cc.Scene","_name":"New Node","_children":[{"__id__":2}],"_anchorPoint":{"__type__":"cc.Vec2"},"_scale":{"__type__":"cc.Vec3","x":0.41328125,"y":0.41328125,"z":1},"_zIndex":0,"autoReleaseAssets":null},{"__type__":"cc.Node","_name":"Canvas","_parent":{"__id__":1},"_children":[{"__id__":3},{"__id__":4},{"__id__":5},{"__id__":6},{"__id__":7},{"__id__":8},{"__id__":20},{"__id__":22},{"__id__":23},{"__id__":25},{"__id__":28},{"__id__":35},{"__id__":38},{"__id__":40},{"__id__":43},{"__id__":45},{"__id__":49},{"__id__":52},{"__id__":56},{"__id__":62},{"__id__":66},{"__id__":69},{"__id__":70},{"__id__":72},{"__id__":74},{"__id__":75}],"_level":1,"_components":[{"__type__":"cc.Canvas","node":{"__id__":2},"_designResolution":{"__type__":"cc.Size","width":720,"height":1280},"_fitWidth":true,"_fitHeight":false},{"__type__":"44cfefVxUNO/ZxMfj0BGy8V","node":{"__id__":2},"btnStart":{"__id__":19},"btn_upgrade":{"__id__":21},"btnSound":{"__uuid__":"b5CnyjtFBNJ5UK59v+uqs2"},"topPrefab":{"__uuid__":"cdz7CnD5JHS6hBnQoLzxMB"},"upgradePrefab":{"__uuid__":"6eCWY0y9pMnoaKve68qwlL"},"shareAwardPrefab":{"__uuid__":"acncWPdctAu6g5QeR1tw6v"},"followAwardPrefab":{"__uuid__":"789G5NCWZL37BQHHQr7fXI"},"btnShare":{"__id__":37},"sprPlane":{"__id__":27},"dailySignInPrefab":{"__uuid__":"47kZqA2QtK0qw+ju+3MegL"},"planeBulSpr":{"__id__":24},"planeBulPrefab":{"__uuid__":"694Ro5cYFGv5vU4+A5tXEz"},"hallSound":{"__uuid__":"02crfLO7tBUIOUJWV6DhsT"},"sprSoundOpen":{"__id__":34},"sprSoundClose":{"__id__":32},"btn_chuzhan_arrow_right":{"__id__":73},"btn_chuzhan_arrow_left":{"__id__":71},"nodeGuide":{"__id__":45},"btnMoreGame2":{"__id__":51},"btn_txt_chuzhan":{"__id__":12},"btn_txt_5000gm":{"__id__":14},"btn_txt_gzjs":{"__id__":18},"btn_txt_cz_bg":{"__id__":10},"btn_txt_7rlq":{"__id__":16},"redPointNode":{"__id__":39},"shareRedPointNode":{"__id__":36},"btn_video":{"__id__":61},"btn_share":{"__id__":55},"btn_moregame_menu":{"__id__":65},"lotteryDrawPrefab":{"__uuid__":"afOMRxvYRC2o5ZJlXmyncs"},"lotteryRed":{"__id__":42},"btn_newgifts":{"__id__":44},"newGiftsPrefab":{"__uuid__":"0afI0bUeNHsb2nGE4f1Ac3"},"dailyTaskPrefab":{"__uuid__":"a049ERLElEjoIzgfp4RxTp"},"friendHelpPrefab":{"__uuid__":"05ji4CfC5DsIFsPMHqnW7B"},"spr_task_red":{"__id__":68},"battlePrefab":{"__uuid__":"9dTpYVHh1KH7oLmoxVEL+E"},"node_redpacket":{"__id__":75},"node_notice_item":{"__id__":83},"lab_redpacket":{"__id__":80},"richtext_award":{"__id__":90},"redpacketCrashPrefab":{"__uuid__":"1cBEuLOkdO/IHT67vDPZwQ"}}],"_contentSize":{"__type__":"cc.Size","width":720,"height":1280},"_position":{"__type__":"cc.Vec3","x":360,"y":640},"_scale":{"__type__":"cc.Vec3","x":1,"y":1,"z":1},"_zIndex":0,"_id":"c6gMNU0fNH6r/HylNWXbHy"},{"__type__":"cc.Node","_name":"Main Camera","_parent":{"__id__":2},"_level":1,"_components":[{"__type__":"cc.Camera","node":{"__id__":3},"_clearFlags":7,"_depth":-1}],"_scale":{"__type__":"cc.Vec3","x":1,"y":1,"z":1},"_zIndex":0},{"__type__":"cc.Node","_name":"background","_parent":{"__id__":2},"_level":1,"_components":[{"__type__":"cc.Sprite","node":{"__id__":4},"_spriteFrame":{"__uuid__":"eaQd21SlJN+bPTMcEztWO9"},"_isTrimmedMode":false,"_dstBlendFactor":775},{"__type__":"cc.Widget","node":{"__id__":4},"_alignFlags":2,"_top":-160,"_bottom":-160,"_originalWidth":720,"_originalHeight":1600}],"_contentSize":{"__type__":"cc.Size","width":720,"height":1600},"_scale":{"__type__":"cc.Vec3","x":1,"y":1,"z":1},"_zIndex":0},{"__type__":"cc.Node","_name":"bg_bottom","_parent":{"__id__":2},"_level":2,"_components":[{"__type__":"cc.Sprite","node":{"__id__":5},"_spriteFrame":{"__uuid__":"2eTSP61WdP44/pnkj4QIaT"}},{"__type__":"cc.Widget","node":{"__id__":5},"_alignFlags":4}],"_contentSize":{"__type__":"cc.Size","width":720,"height":425},"_position":{"__type__":"cc.Vec3","y":-427.5},"_scale":{"__type__":"cc.Vec3","x":1,"y":1,"z":1},"_zIndex":0},{"__type__":"cc.Node","_name":"bg_left","_parent":{"__id__":2},"_level":2,"_components":[{"__type__":"cc.Sprite","node":{"__id__":6},"_spriteFrame":{"__uuid__":"716grZgYhDKYqOyhZhRCuI"}},{"__type__":"cc.Widget","node":{"__id__":6},"_alignFlags":9}],"_contentSize":{"__type__":"cc.Size","width":118,"height":244},"_position":{"__type__":"cc.Vec3","x":-301,"y":518},"_scale":{"__type__":"cc.Vec3","x":1,"y":1,"z":1},"_zIndex":0},{"__type__":"cc.Node","_name":"bg_right","_parent":{"__id__":2},"_level":2,"_components":[{"__type__":"cc.Sprite","node":{"__id__":7},"_spriteFrame":{"__uuid__":"716grZgYhDKYqOyhZhRCuI"}},{"__type__":"cc.Widget","node":{"__id__":7},"_alignFlags":33}],"_contentSize":{"__type__":"cc.Size","width":118,"height":244},"_position":{"__type__":"cc.Vec3","x":301,"y":518},"_scale":{"__type__":"cc.Vec3","x":-1,"y":1,"z":1},"_zIndex":0},{"__type__":"cc.Node","_name":"start_game","_parent":{"__id__":2},"_children":[{"__id__":9},{"__id__":11},{"__id__":13},{"__id__":15},{"__id__":17}],"_components":[{"__type__":"cc.Sprite","node":{"__id__":8},"_spriteFrame":{"__uuid__":"03R4p4Z5lDwpERqkB2Wg9h"},"_type":1},{"__id__":19},{"__type__":"cc.Widget","node":{"__id__":8},"_alignFlags":4,"_left":196,"_right":194,"_top":913,"_bottom":247,"_originalWidth":330,"_originalHeight":120}],"_contentSize":{"__type__":"cc.Size","width":284,"height":120},"_position":{"__type__":"cc.Vec3","x":1,"y":-333},"_scale":{"__type__":"cc.Vec3","x":1,"y":1,"z":1},"_zIndex":0},{"__type__":"cc.Node","_name":"btn_chuzhan3","_parent":{"__id__":8},"_level":1,"_components":[{"__id__":10}],"_contentSize":{"__type__":"cc.Size","width":284,"height":120},"_scale":{"__type__":"cc.Vec3","x":1,"y":1,"z":1},"_zIndex":0},{"__type__":"cc.Sprite","node":{"__id__":9},"_spriteFrame":{"__uuid__":"03R4p4Z5lDwpERqkB2Wg9h"}},{"__type__":"cc.Node","_name":"btn_txt_chuzhan","_parent":{"__id__":8},"_level":1,"_components":[{"__id__":12}],"_contentSize":{"__type__":"cc.Size","width":192,"height":51},"_position":{"__type__":"cc.Vec3","y":11.399999999999999},"_scale":{"__type__":"cc.Vec3","x":1,"y":1,"z":1},"_zIndex":0},{"__type__":"cc.Sprite","node":{"__id__":11},"_spriteFrame":{"__uuid__":"6cn+1EaodPzZMRQwBDWaLp"}},{"__type__":"cc.Node","_name":"btn_txt_5000gm","_parent":{"__id__":8},"_level":1,"_components":[{"__id__":14}],"_contentSize":{"__type__":"cc.Size","width":137,"height":91},"_position":{"__type__":"cc.Vec3","y":10.399999999999999},"_scale":{"__type__":"cc.Vec3","x":1,"y":1,"z":1},"_zIndex":0},{"__type__":"cc.Sprite","node":{"__id__":13},"_spriteFrame":{"__uuid__":"32Ufxv+OZDp5TH48tjtbDK"}},{"__type__":"cc.Node","_name":"btn_txt_7rlq","_parent":{"__id__":8},"_level":1,"_components":[{"__id__":16}],"_contentSize":{"__type__":"cc.Size","width":225,"height":47},"_position":{"__type__":"cc.Vec3","y":12},"_scale":{"__type__":"cc.Vec3","x":1,"y":1,"z":1},"_zIndex":0},{"__type__":"cc.Sprite","node":{"__id__":15},"_spriteFrame":{"__uuid__":"57a1FsWxpGjpnc0lzvCtgl"}},{"__type__":"cc.Node","_name":"btn_txt_gzjs","_parent":{"__id__":8},"_level":1,"_components":[{"__id__":18}],"_contentSize":{"__type__":"cc.Size","width":192,"height":51},"_position":{"__type__":"cc.Vec3","y":12.399999999999999},"_scale":{"__type__":"cc.Vec3","x":1,"y":1,"z":1},"_zIndex":0},{"__type__":"cc.Sprite","node":{"__id__":17},"_spriteFrame":{"__uuid__":"3amF2DoPdKLYwnhVsEUWLC"}},{"__type__":"cc.Button","node":{"__id__":8},"zoomScale":1.05,"clickEvents":[{"__type__":"cc.ClickEvent","target":{"__id__":2},"component":"start","handler":"gotoStartGame"}],"_N$enableAutoGrayEffect":true,"_N$transition":3,"transition":3,"_N$normalColor":{"__type__":"cc.Color","r":255,"g":255,"b":255},"_N$pressedColor":{"__type__":"cc.Color","r":255,"g":255,"b":255},"pressedColor":{"__type__":"cc.Color","r":255,"g":255,"b":255},"_N$disabledColor":{"__type__":"cc.Color","r":255,"g":255,"b":255},"_N$target":{"__id__":8}},{"__type__":"cc.Node","_name":"btn_upgrade","_parent":{"__id__":2},"_level":1,"_components":[{"__type__":"cc.Sprite","node":{"__id__":20},"_spriteFrame":{"__uuid__":"95UfyXLtxNqb+Ulcsa5Bvf"},"_sizeMode":0},{"__id__":21}],"_contentSize":{"__type__":"cc.Size","width":240,"height":133},"_position":{"__type__":"cc.Vec3","y":-178.99999999999994},"_scale":{"__type__":"cc.Vec3","x":1,"y":1,"z":1},"_zIndex":0},{"__type__":"cc.Button","node":{"__id__":20},"zoomScale":1.05,"clickEvents":[{"__type__":"cc.ClickEvent","target":{"__id__":2},"component":"start","handler":"gotoUpgrade"}],"_N$transition":3,"transition":3,"_N$normalColor":{"__type__":"cc.Color","r":255,"g":255,"b":255},"_N$pressedColor":{"__type__":"cc.Color","r":255,"g":255,"b":255},"pressedColor":{"__type__":"cc.Color","r":255,"g":255,"b":255},"_N$disabledColor":{"__type__":"cc.Color","r":255,"g":255,"b":255},"_N$target":{"__id__":20}},{"__type__":"cc.Node","_name":"btn_top","_parent":{"__id__":2},"_level":1,"_components":[{"__type__":"cc.Sprite","node":{"__id__":22},"_spriteFrame":{"__uuid__":"7f5npdHaVJc42lvkyj9iXU"},"_type":1},{"__type__":"cc.Button","node":{"__id__":22},"zoomScale":1.05,"clickEvents":[{"__type__":"cc.ClickEvent","target":{"__id__":2},"component":"start","handler":"gotoTop"}],"_N$transition":3,"transition":3,"_N$normalColor":{"__type__":"cc.Color","r":255,"g":255,"b":255},"_N$pressedColor":{"__type__":"cc.Color","r":255,"g":255,"b":255},"pressedColor":{"__type__":"cc.Color","r":255,"g":255,"b":255},"_N$disabledColor":{"__type__":"cc.Color","r":255,"g":255,"b":255},"_N$normalSprite":{"__uuid__":"7f5npdHaVJc42lvkyj9iXU"},"_N$pressedSprite":{"__uuid__":"7f5npdHaVJc42lvkyj9iXU"},"pressedSprite":{"__uuid__":"7f5npdHaVJc42lvkyj9iXU"},"_N$hoverSprite":{"__uuid__":"7f5npdHaVJc42lvkyj9iXU"},"hoverSprite":{"__uuid__":"7f5npdHaVJc42lvkyj9iXU"},"_N$disabledSprite":{"__uuid__":"7f5npdHaVJc42lvkyj9iXU"},"_N$target":{"__id__":22}},{"__type__":"cc.Widget","node":{"__id__":22},"_alignFlags":12,"_left":1.5,"_right":533,"_top":810.5,"_bottom":313,"_originalWidth":240}],"_contentSize":{"__type__":"cc.Size","width":133,"height":89},"_position":{"__type__":"cc.Vec3","x":-292,"y":-282.5},"_scale":{"__type__":"cc.Vec3","x":1,"y":1,"z":1},"_zIndex":0},{"__type__":"cc.Node","_name":"plane_bullet","_parent":{"__id__":2},"_level":2,"_components":[{"__id__":24}],"_contentSize":{"__type__":"cc.Size","width":39,"height":160},"_position":{"__type__":"cc.Vec3","y":40},"_scale":{"__type__":"cc.Vec3","x":1,"y":1,"z":1},"_zIndex":0},{"__type__":"cc.Sprite","node":{"__id__":23}},{"__type__":"cc.Node","_name":"plane","_parent":{"__id__":2},"_children":[{"__id__":26}],"_level":2,"_components":[{"__type__":"cc.Widget","node":{"__id__":25},"_left":310,"_right":306,"_top":577.5,"_bottom":625.5,"_originalWidth":104,"_originalHeight":77},{"__id__":27}],"_contentSize":{"__type__":"cc.Size","width":153,"height":114},"_position":{"__type__":"cc.Vec3","x":2,"y":21},"_scale":{"__type__":"cc.Vec3","x":1,"y":1,"z":1},"_zIndex":0},{"__type__":"cc.Node","_name":"anim","_parent":{"__id__":25},"_level":3,"_components":[{"__type__":"cc.Animation","node":{"__id__":26},"_defaultClip":{"__uuid__":"2fyTvT2r9MA7cgHXy4t89k"},"_clips":[{"__uuid__":"2fyTvT2r9MA7cgHXy4t89k"}],"playOnLoad":true},{"__type__":"cc.Sprite","node":{"__id__":26},"_spriteFrame":{"__uuid__":"8ev8L+hqpPw7TJvnG3FPVo"}}],"_contentSize":{"__type__":"cc.Size","width":104,"height":114},"_scale":{"__type__":"cc.Vec3","x":1.5,"y":1.5,"z":1},"_zIndex":0},{"__type__":"cc.Sprite","node":{"__id__":25},"_spriteFrame":{"__uuid__":"48K2plMH1Bx40sW7RzT4Y7"}},{"__type__":"cc.Node","_name":"btn_node","_parent":{"__id__":2},"_children":[{"__id__":29},{"__id__":30}],"_level":2,"_components":[{"__type__":"cc.Sprite","node":{"__id__":28}},{"__type__":"cc.Widget","node":{"__id__":28},"_alignFlags":1}],"_contentSize":{"__type__":"cc.Size","width":100,"height":100},"_position":{"__type__":"cc.Vec3","x":-308,"y":590},"_scale":{"__type__":"cc.Vec3","x":1,"y":1,"z":1},"_zIndex":0},{"__type__":"cc.Node","_name":"btn_service","_parent":{"__id__":28},"_level":3,"_components":[{"__type__":"cc.Sprite","node":{"__id__":29},"_spriteFrame":{"__uuid__":"f5/GYegLlFXKRhTzpLc8QW"},"_type":1},{"__type__":"cc.Button","node":{"__id__":29},"zoomScale":1.05,"clickEvents":[{"__type__":"cc.ClickEvent","target":{"__id__":2},"component":"start","handler":"onGameService"}],"_N$transition":3,"transition":3,"_N$normalColor":{"__type__":"cc.Color","r":255,"g":255,"b":255},"_N$pressedColor":{"__type__":"cc.Color","r":255,"g":255,"b":255},"pressedColor":{"__type__":"cc.Color","r":255,"g":255,"b":255},"_N$disabledColor":{"__type__":"cc.Color","r":255,"g":255,"b":255},"_N$normalSprite":{"__uuid__":"f5/GYegLlFXKRhTzpLc8QW"},"_N$pressedSprite":{"__uuid__":"f5/GYegLlFXKRhTzpLc8QW"},"pressedSprite":{"__uuid__":"f5/GYegLlFXKRhTzpLc8QW"},"_N$hoverSprite":{"__uuid__":"f5/GYegLlFXKRhTzpLc8QW"},"hoverSprite":{"__uuid__":"f5/GYegLlFXKRhTzpLc8QW"},"_N$disabledSprite":{"__uuid__":"f5/GYegLlFXKRhTzpLc8QW"},"_N$target":{"__id__":29}},{"__type__":"cc.Widget","node":{"__id__":29},"_alignFlags":9,"_left":139.5,"_top":24}],"_contentSize":{"__type__":"cc.Size","width":77,"height":74},"_position":{"__type__":"cc.Vec3","x":128,"y":-11},"_scale":{"__type__":"cc.Vec3","x":1,"y":1,"z":1},"_zIndex":0},{"__type__":"cc.Node","_name":"btn_sound","_parent":{"__id__":28},"_children":[{"__id__":31},{"__id__":33}],"_level":3,"_components":[{"__type__":"cc.Sprite","node":{"__id__":30},"_type":1},{"__type__":"cc.Button","node":{"__id__":30},"zoomScale":1.05,"clickEvents":[{"__type__":"cc.ClickEvent","target":{"__id__":2},"component":"start","handler":"onCloseVoide"}],"_N$transition":3,"transition":3,"_N$normalColor":{"__type__":"cc.Color","r":255,"g":255,"b":255},"_N$pressedColor":{"__type__":"cc.Color","r":255,"g":255,"b":255},"pressedColor":{"__type__":"cc.Color","r":255,"g":255,"b":255},"_N$disabledColor":{"__type__":"cc.Color","r":255,"g":255,"b":255},"_N$normalSprite":{"__uuid__":"47tIVnlO5JUZOGX8h04hFu"},"_N$pressedSprite":{"__uuid__":"47tIVnlO5JUZOGX8h04hFu"},"pressedSprite":{"__uuid__":"47tIVnlO5JUZOGX8h04hFu"},"_N$hoverSprite":{"__uuid__":"47tIVnlO5JUZOGX8h04hFu"},"hoverSprite":{"__uuid__":"47tIVnlO5JUZOGX8h04hFu"},"_N$disabledSprite":{"__uuid__":"47tIVnlO5JUZOGX8h04hFu"},"_N$target":{"__id__":30}},{"__type__":"cc.Widget","node":{"__id__":30},"_alignFlags":9,"_left":28.5,"_top":16}],"_contentSize":{"__type__":"cc.Size","width":77,"height":74},"_position":{"__type__":"cc.Vec3","x":17,"y":-3},"_scale":{"__type__":"cc.Vec3","x":1,"y":1,"z":1},"_zIndex":0},{"__type__":"cc.Node","_name":"spr_sound_close","_parent":{"__id__":30},"_level":3,"_components":[{"__id__":32}],"_contentSize":{"__type__":"cc.Size","width":77,"height":74},"_position":{"__type__":"cc.Vec3","x":2,"y":-10},"_scale":{"__type__":"cc.Vec3","x":1,"y":1,"z":1},"_zIndex":0},{"__type__":"cc.Sprite","node":{"__id__":31},"_spriteFrame":{"__uuid__":"51BnUG0P9Op5+Jg9Va7uPW"}},{"__type__":"cc.Node","_name":"spr_sound_open","_parent":{"__id__":30},"_level":3,"_components":[{"__id__":34}],"_contentSize":{"__type__":"cc.Size","width":77,"height":74},"_position":{"__type__":"cc.Vec3","x":2,"y":-10},"_scale":{"__type__":"cc.Vec3","x":1,"y":1,"z":1},"_zIndex":0},{"__type__":"cc.Sprite","node":{"__id__":33},"_spriteFrame":{"__uuid__":"47tIVnlO5JUZOGX8h04hFu"}},{"__type__":"cc.Node","_name":"btn_invite","_parent":{"__id__":2},"_children":[{"__id__":36}],"_level":2,"_components":[{"__type__":"cc.Sprite","node":{"__id__":35},"_spriteFrame":{"__uuid__":"0e/KaDK7ZAnK9zvXL3Z9zn"},"_type":1},{"__id__":37},{"__type__":"cc.Widget","node":{"__id__":35},"_alignFlags":33,"_right":32.5,"_top":496,"_bottom":725}],"_contentSize":{"__type__":"cc.Size","width":93,"height":81},"_position":{"__type__":"cc.Vec3","x":281,"y":103.5},"_scale":{"__type__":"cc.Vec3","x":1,"y":1,"z":1},"_zIndex":0},{"__type__":"cc.Node","_name":"spr_share_red_point","_parent":{"__id__":35},"_level":4,"_components":[{"__type__":"cc.Sprite","node":{"__id__":36},"_spriteFrame":{"__uuid__":"a3yReL+RlI24DzPh2JUMAA"}}],"_contentSize":{"__type__":"cc.Size","width":31,"height":35},"_position":{"__type__":"cc.Vec3","x":36,"y":35},"_scale":{"__type__":"cc.Vec3","x":1,"y":1,"z":1},"_zIndex":0},{"__type__":"cc.Button","node":{"__id__":35},"zoomScale":1.05,"clickEvents":[{"__type__":"cc.ClickEvent","target":{"__id__":2},"component":"start","handler":"onBtnInvite"}],"_N$transition":3,"transition":3,"_N$normalColor":{"__type__":"cc.Color","r":255,"g":255,"b":255},"_N$pressedColor":{"__type__":"cc.Color","r":255,"g":255,"b":255},"pressedColor":{"__type__":"cc.Color","r":255,"g":255,"b":255},"_N$disabledColor":{"__type__":"cc.Color","r":255,"g":255,"b":255},"_N$target":{"__id__":35}},{"__type__":"cc.Node","_name":"btn_sign","_parent":{"__id__":2},"_children":[{"__id__":39}],"_level":2,"_components":[{"__type__":"cc.Sprite","node":{"__id__":38},"_spriteFrame":{"__uuid__":"f9z0wEpZ5CC5jAbzvH8t6b"},"_sizeMode":2},{"__type__":"cc.Button","node":{"__id__":38},"zoomScale":1.05,"clickEvents":[{"__type__":"cc.ClickEvent","target":{"__id__":2},"component":"start","handler":"onBtnSignIn"}],"_N$transition":3,"transition":3,"_N$normalColor":{"__type__":"cc.Color","r":255,"g":255,"b":255},"_N$pressedColor":{"__type__":"cc.Color","r":255,"g":255,"b":255},"pressedColor":{"__type__":"cc.Color","r":255,"g":255,"b":255},"_N$disabledColor":{"__type__":"cc.Color","r":255,"g":255,"b":255},"_N$normalSprite":{"__uuid__":"f9z0wEpZ5CC5jAbzvH8t6b"},"_N$pressedSprite":{"__uuid__":"e97GVMl6JHh5Ml5qEDdSGa"},"pressedSprite":{"__uuid__":"e97GVMl6JHh5Ml5qEDdSGa"},"_N$hoverSprite":{"__uuid__":"f0BIwQ8D5Ml7nTNQbh1YlS"},"hoverSprite":{"__uuid__":"f0BIwQ8D5Ml7nTNQbh1YlS"},"_N$disabledSprite":{"__uuid__":"29FYIk+N1GYaeWH/q1NxQO"},"_N$target":{"__id__":38}},{"__type__":"cc.Widget","node":{"__id__":38},"_alignFlags":9,"_left":28,"_right":600,"_top":334.5}],"_contentSize":{"__type__":"cc.Size","width":92,"height":85},"_position":{"__type__":"cc.Vec3","x":-286,"y":263},"_scale":{"__type__":"cc.Vec3","x":1,"y":1,"z":1},"_zIndex":0},{"__type__":"cc.Node","_name":"spr_red_point","_parent":{"__id__":38},"_level":3,"_components":[{"__type__":"cc.Sprite","node":{"__id__":39},"_spriteFrame":{"__uuid__":"a3yReL+RlI24DzPh2JUMAA"}}],"_contentSize":{"__type__":"cc.Size","width":31,"height":35},"_position":{"__type__":"cc.Vec3","x":32,"y":31},"_scale":{"__type__":"cc.Vec3","x":1,"y":1,"z":1},"_zIndex":0},{"__type__":"cc.Node","_name":"btn_lottery","_parent":{"__id__":2},"_children":[{"__id__":41}],"_level":2,"_components":[{"__type__":"cc.Sprite","node":{"__id__":40},"_spriteFrame":{"__uuid__":"20Qj/4YJRLBILrNxfT5U0i"},"_type":1,"_sizeMode":2},{"__type__":"cc.Button","node":{"__id__":40},"clickEvents":[{"__type__":"cc.ClickEvent","target":{"__id__":2},"component":"start","handler":"onBtnLottery"}],"_N$transition":3,"transition":3,"_N$normalColor":{"__type__":"cc.Color","r":255,"g":255,"b":255},"_N$pressedColor":{"__type__":"cc.Color","r":255,"g":255,"b":255},"pressedColor":{"__type__":"cc.Color","r":255,"g":255,"b":255},"_N$disabledColor":{"__type__":"cc.Color","r":255,"g":255,"b":255},"_N$target":{"__id__":40}},{"__type__":"cc.Widget","node":{"__id__":40},"_alignFlags":9,"_left":32.5,"_right":600.5,"_top":185,"_originalWidth":87}],"_contentSize":{"__type__":"cc.Size","width":87,"height":96},"_position":{"__type__":"cc.Vec3","x":-284,"y":407},"_scale":{"__type__":"cc.Vec3","x":1,"y":1,"z":1},"_zIndex":0},{"__type__":"cc.Node","_name":"spr_red","_parent":{"__id__":40},"_level":3,"_components":[{"__id__":42}],"_contentSize":{"__type__":"cc.Size","width":31,"height":35},"_position":{"__type__":"cc.Vec3","x":37,"y":18},"_scale":{"__type__":"cc.Vec3","x":1,"y":1,"z":1},"_zIndex":0},{"__type__":"cc.Sprite","node":{"__id__":41},"_spriteFrame":{"__uuid__":"a3yReL+RlI24DzPh2JUMAA"}},{"__type__":"cc.Node","_name":"btn_newgifts","_parent":{"__id__":2},"_level":2,"_components":[{"__type__":"cc.Sprite","node":{"__id__":43},"_spriteFrame":{"__uuid__":"4crVItZaZPIa/2qKxOecOn"},"_type":1,"_sizeMode":2},{"__id__":44},{"__type__":"cc.Widget","node":{"__id__":43},"_alignFlags":33,"_right":38.5,"_top":343.5,"_bottom":870.5}],"_contentSize":{"__type__":"cc.Size","width":87,"height":86},"_position":{"__type__":"cc.Vec3","x":278,"y":253.5},"_scale":{"__type__":"cc.Vec3","x":1,"y":1,"z":1},"_zIndex":0},{"__type__":"cc.Button","node":{"__id__":43},"clickEvents":[{"__type__":"cc.ClickEvent","target":{"__id__":2},"component":"start","handler":"onBtnNewgifts"}],"_N$transition":3,"transition":3,"_N$normalColor":{"__type__":"cc.Color","r":255,"g":255,"b":255},"_N$pressedColor":{"__type__":"cc.Color","r":255,"g":255,"b":255},"pressedColor":{"__type__":"cc.Color","r":255,"g":255,"b":255},"_N$disabledColor":{"__type__":"cc.Color","r":255,"g":255,"b":255},"_N$target":{"__id__":43}},{"__type__":"cc.Node","_name":"nodeGuide","_parent":{"__id__":2},"_children":[{"__id__":46},{"__id__":47},{"__id__":48}],"_level":2,"_opacity":0,"_position":{"__type__":"cc.Vec3","x":165,"y":-504},"_scale":{"__type__":"cc.Vec3","x":1,"y":1,"z":1},"_zIndex":0},{"__type__":"cc.Node","_name":"point","_parent":{"__id__":45},"_level":3,"_components":[{"__type__":"cc.Sprite","node":{"__id__":46},"_spriteFrame":{"__uuid__":"49kVe3oWhNTZqzgNPpj5YM"}}],"_contentSize":{"__type__":"cc.Size","width":20,"height":20},"_position":{"__type__":"cc.Vec3","x":-58,"y":508},"_scale":{"__type__":"cc.Vec3","x":1,"y":1,"z":1},"_zIndex":0},{"__type__":"cc.Node","_name":"line1","_parent":{"__id__":45},"_level":3,"_components":[{"__type__":"cc.Sprite","node":{"__id__":47},"_spriteFrame":{"__uuid__":"19DFFo5shCuLPv5+eIYQ6C"},"_sizeMode":0}],"_contentSize":{"__type__":"cc.Size","width":12,"height":118.3},"_anchorPoint":{"__type__":"cc.Vec2","x":0.5},"_position":{"__type__":"cc.Vec3","x":-56.4,"y":507.9},"_scale":{"__type__":"cc.Vec3","x":1,"y":1,"z":1},"_rotationX":90,"_rotationY":90,"_quat":{"__type__":"cc.Quat","z":-0.7071067811865475,"w":0.7071067811865476},"_zIndex":0},{"__type__":"cc.Node","_name":"line2","_parent":{"__id__":45},"_level":3,"_components":[{"__type__":"cc.Sprite","node":{"__id__":48},"_spriteFrame":{"__uuid__":"19DFFo5shCuLPv5+eIYQ6C"},"_sizeMode":0}],"_contentSize":{"__type__":"cc.Size","width":12,"height":115},"_anchorPoint":{"__type__":"cc.Vec2","x":0.5,"y":1},"_position":{"__type__":"cc.Vec3","x":59,"y":510},"_scale":{"__type__":"cc.Vec3","x":1,"y":1,"z":1},"_zIndex":0},{"__type__":"cc.Node","_name":"btn_moregame2","_parent":{"__id__":2},"_children":[{"__id__":50}],"_level":2,"_components":[{"__type__":"cc.Sprite","node":{"__id__":49},"_spriteFrame":{"__uuid__":"8ePxpEy1JEJ47sgeYHxIfZ"},"_type":1,"_sizeMode":0},{"__id__":51},{"__type__":"cc.Widget","node":{"__id__":49},"_alignFlags":33,"_left":610,"_right":46,"_top":193,"_bottom":1019}],"_contentSize":{"__type__":"cc.Size","width":80,"height":80},"_position":{"__type__":"cc.Vec3","x":274,"y":407},"_scale":{"__type__":"cc.Vec3","x":1,"y":1,"z":1},"_zIndex":0},{"__type__":"cc.Node","_name":"spr_red_point","_parent":{"__id__":49},"_level":3,"_components":[{"__type__":"cc.Sprite","node":{"__id__":50},"_spriteFrame":{"__uuid__":"a3yReL+RlI24DzPh2JUMAA"}}],"_contentSize":{"__type__":"cc.Size","width":31,"height":35},"_position":{"__type__":"cc.Vec3","x":30,"y":24},"_scale":{"__type__":"cc.Vec3","x":1,"y":1,"z":1},"_zIndex":0},{"__type__":"cc.Button","node":{"__id__":49},"clickEvents":[{"__type__":"cc.ClickEvent","target":{"__id__":2},"component":"start","handler":"onMoreGame2"}],"_N$transition":3,"transition":3,"_N$normalColor":{"__type__":"cc.Color","r":255,"g":255,"b":255},"_N$pressedColor":{"__type__":"cc.Color","r":255,"g":255,"b":255},"pressedColor":{"__type__":"cc.Color","r":255,"g":255,"b":255},"_N$disabledColor":{"__type__":"cc.Color","r":255,"g":255,"b":255},"_N$normalSprite":{"__uuid__":"8ePxpEy1JEJ47sgeYHxIfZ"},"_N$pressedSprite":{"__uuid__":"8ePxpEy1JEJ47sgeYHxIfZ"},"pressedSprite":{"__uuid__":"8ePxpEy1JEJ47sgeYHxIfZ"},"_N$hoverSprite":{"__uuid__":"8ePxpEy1JEJ47sgeYHxIfZ"},"hoverSprite":{"__uuid__":"8ePxpEy1JEJ47sgeYHxIfZ"},"_N$disabledSprite":{"__uuid__":"8ePxpEy1JEJ47sgeYHxIfZ"},"_N$target":{"__id__":49}},{"__type__":"cc.Node","_name":"btn_share","_parent":{"__id__":2},"_children":[{"__id__":53}],"_active":false,"_level":2,"_components":[{"__type__":"cc.Sprite","node":{"__id__":52},"_spriteFrame":{"__uuid__":"e65F58lZVEpqt7ci5JQWp7"},"_type":1,"_sizeMode":0},{"__id__":55},{"__type__":"cc.Widget","node":{"__id__":52},"_alignFlags":8,"_left":-293}],"_contentSize":{"__type__":"cc.Size","width":100,"height":79},"_position":{"__type__":"cc.Vec3","x":-603,"y":464},"_scale":{"__type__":"cc.Vec3","x":1,"y":1,"z":1},"_zIndex":0},{"__type__":"cc.Node","_name":"sp_redpoint","_parent":{"__id__":52},"_children":[{"__id__":54}],"_level":3,"_components":[{"__type__":"cc.Sprite","node":{"__id__":53},"_spriteFrame":{"__uuid__":"51ym8c37JNAJWvrXzsZ+Hi"}}],"_contentSize":{"__type__":"cc.Size","width":31,"height":30},"_position":{"__type__":"cc.Vec3","x":25.9,"y":29.700000000000003},"_scale":{"__type__":"cc.Vec3","x":1,"y":1,"z":1},"_zIndex":0},{"__type__":"cc.Node","_name":"lab_num","_parent":{"__id__":53},"_level":4,"_components":[{"__type__":"cc.Label","node":{"__id__":54},"_useOriginalSize":false,"_string":"0","_N$string":"0","_fontSize":20,"_lineHeight":24,"_N$horizontalAlign":1,"_N$verticalAlign":1}],"_contentSize":{"__type__":"cc.Size","width":11.12,"height":24},"_position":{"__type__":"cc.Vec3","x":0.8999999999999999,"y":-1.1},"_scale":{"__type__":"cc.Vec3","x":1,"y":1,"z":1},"_zIndex":0},{"__type__":"cc.Button","node":{"__id__":52},"clickEvents":[{"__type__":"cc.ClickEvent","target":{"__id__":2},"component":"start","handler":"onShareGetCoin"}],"_N$transition":3,"transition":3,"_N$normalColor":{"__type__":"cc.Color","r":255,"g":255,"b":255},"_N$pressedColor":{"__type__":"cc.Color","r":255,"g":255,"b":255},"pressedColor":{"__type__":"cc.Color","r":255,"g":255,"b":255},"_N$disabledColor":{"__type__":"cc.Color","r":255,"g":255,"b":255},"_N$normalSprite":{"__uuid__":"e65F58lZVEpqt7ci5JQWp7"},"_N$pressedSprite":{"__uuid__":"e97GVMl6JHh5Ml5qEDdSGa"},"pressedSprite":{"__uuid__":"e97GVMl6JHh5Ml5qEDdSGa"},"_N$hoverSprite":{"__uuid__":"f0BIwQ8D5Ml7nTNQbh1YlS"},"hoverSprite":{"__uuid__":"f0BIwQ8D5Ml7nTNQbh1YlS"},"_N$disabledSprite":{"__uuid__":"29FYIk+N1GYaeWH/q1NxQO"},"_N$target":{"__id__":52}},{"__type__":"cc.Node","_name":"btn_video","_parent":{"__id__":2},"_children":[{"__id__":57},{"__id__":59},{"__id__":60}],"_active":false,"_level":2,"_components":[{"__type__":"cc.Sprite","node":{"__id__":56},"_spriteFrame":{"__uuid__":"bdnMA2z8VH7Y7CdwD3YkOx"},"_type":1,"_sizeMode":2},{"__id__":61},{"__type__":"cc.Widget","node":{"__id__":56},"_alignFlags":8,"_left":-271}],"_contentSize":{"__type__":"cc.Size","width":58,"height":58},"_position":{"__type__":"cc.Vec3","x":-602,"y":314},"_scale":{"__type__":"cc.Vec3","x":1,"y":1,"z":1},"_zIndex":0},{"__type__":"cc.Node","_name":"sp_redpoint","_parent":{"__id__":56},"_children":[{"__id__":58}],"_level":3,"_components":[{"__type__":"cc.Sprite","node":{"__id__":57},"_spriteFrame":{"__uuid__":"51ym8c37JNAJWvrXzsZ+Hi"}}],"_contentSize":{"__type__":"cc.Size","width":31,"height":30},"_position":{"__type__":"cc.Vec3","x":28.3,"y":33.9},"_scale":{"__type__":"cc.Vec3","x":1,"y":1,"z":1},"_zIndex":0},{"__type__":"cc.Node","_name":"lab_num","_parent":{"__id__":57},"_level":4,"_components":[{"__type__":"cc.Label","node":{"__id__":58},"_useOriginalSize":false,"_string":"0","_N$string":"0","_fontSize":20,"_lineHeight":24,"_N$horizontalAlign":1,"_N$verticalAlign":1}],"_contentSize":{"__type__":"cc.Size","width":11.12,"height":24},"_position":{"__type__":"cc.Vec3","x":0.8999999999999999,"y":-1.1},"_scale":{"__type__":"cc.Vec3","x":1,"y":1,"z":1},"_zIndex":0},{"__type__":"cc.Node","_name":"spr_desc","_parent":{"__id__":56},"_level":3,"_components":[{"__type__":"cc.Sprite","node":{"__id__":59},"_spriteFrame":{"__uuid__":"d9i0dnOv5G85lzxIhmHpW1"},"_sizeMode":0}],"_contentSize":{"__type__":"cc.Size","width":100,"height":24},"_position":{"__type__":"cc.Vec3","x":0.7,"y":-34.2},"_scale":{"__type__":"cc.Vec3","x":1,"y":1,"z":1},"_zIndex":0},{"__type__":"cc.Node","_name":"txt_time","_parent":{"__id__":56},"_level":3,"_components":[{"__type__":"cc.Label","node":{"__id__":60},"_useOriginalSize":false,"_string":"00:00","_N$string":"00:00","_fontSize":28,"_lineHeight":35,"_N$horizontalAlign":1,"_N$verticalAlign":1},{"__type__":"cc.LabelOutline","node":{"__id__":60},"_color":{"__type__":"cc.Color","r":120,"g":28,"b":19},"_width":2}],"_color":{"__type__":"cc.Color","r":255,"g":246,"b":107},"_contentSize":{"__type__":"cc.Size","width":74.07,"height":35},"_position":{"__type__":"cc.Vec3","x":0.1,"y":-36.1},"_scale":{"__type__":"cc.Vec3","x":1,"y":1,"z":1},"_zIndex":0},{"__type__":"cc.Button","node":{"__id__":56},"clickEvents":[{"__type__":"cc.ClickEvent","target":{"__id__":2},"component":"start","handler":"onVideoGetCoin"}],"_N$enableAutoGrayEffect":true,"_N$normalColor":{"__type__":"cc.Color","r":255,"g":255,"b":255},"_N$pressedColor":{"__type__":"cc.Color","r":255,"g":255,"b":255},"pressedColor":{"__type__":"cc.Color","r":255,"g":255,"b":255},"_N$disabledColor":{"__type__":"cc.Color","r":255,"g":255,"b":255},"_N$normalSprite":{"__uuid__":"bdnMA2z8VH7Y7CdwD3YkOx"},"_N$pressedSprite":{"__uuid__":"e97GVMl6JHh5Ml5qEDdSGa"},"pressedSprite":{"__uuid__":"e97GVMl6JHh5Ml5qEDdSGa"},"_N$hoverSprite":{"__uuid__":"f0BIwQ8D5Ml7nTNQbh1YlS"},"hoverSprite":{"__uuid__":"f0BIwQ8D5Ml7nTNQbh1YlS"},"_N$disabledSprite":{"__uuid__":"29FYIk+N1GYaeWH/q1NxQO"},"_N$target":{"__id__":56}},{"__type__":"cc.Node","_name":"btn_moregame_menu","_parent":{"__id__":2},"_children":[{"__id__":63},{"__id__":64}],"_level":2,"_components":[{"__type__":"cc.Sprite","node":{"__id__":62},"_spriteFrame":{"__uuid__":"b8QeGQwU9AoJzB1tzpQnmo"}},{"__id__":65}],"_contentSize":{"__type__":"cc.Size","width":61,"height":177},"_position":{"__type__":"cc.Vec3","x":-333,"y":-28},"_scale":{"__type__":"cc.Vec3","x":1,"y":1,"z":1},"_zIndex":0},{"__type__":"cc.Node","_name":"spr_red","_parent":{"__id__":62},"_level":3,"_components":[{"__type__":"cc.Sprite","node":{"__id__":63},"_spriteFrame":{"__uuid__":"a3yReL+RlI24DzPh2JUMAA"}}],"_contentSize":{"__type__":"cc.Size","width":31,"height":35},"_position":{"__type__":"cc.Vec3","x":17,"y":84},"_scale":{"__type__":"cc.Vec3","x":1,"y":1,"z":1},"_zIndex":0},{"__type__":"cc.Node","_name":"spr_arrow","_parent":{"__id__":62},"_level":3,"_components":[{"__type__":"cc.Sprite","node":{"__id__":64},"_spriteFrame":{"__uuid__":"4dB9vs+qVA1oFegZAs5qHv"}}],"_contentSize":{"__type__":"cc.Size","width":26,"height":22},"_position":{"__type__":"cc.Vec3","x":-3.8,"y":-62.6},"_scale":{"__type__":"cc.Vec3","x":1,"y":1,"z":1},"_zIndex":0},{"__type__":"cc.Button","node":{"__id__":62},"clickEvents":[{"__type__":"cc.ClickEvent","target":{"__id__":2},"component":"start","handler":"onMoregameMenu"}],"_N$normalColor":{"__type__":"cc.Color","r":255,"g":255,"b":255},"_N$pressedColor":{"__type__":"cc.Color","r":255,"g":255,"b":255},"pressedColor":{"__type__":"cc.Color","r":255,"g":255,"b":255},"_N$disabledColor":{"__type__":"cc.Color","r":255,"g":255,"b":255},"_N$normalSprite":{"__uuid__":"2cIrcz4jBKXYm/Ny71dLn+"},"_N$pressedSprite":{"__uuid__":"e97GVMl6JHh5Ml5qEDdSGa"},"pressedSprite":{"__uuid__":"e97GVMl6JHh5Ml5qEDdSGa"},"_N$hoverSprite":{"__uuid__":"f0BIwQ8D5Ml7nTNQbh1YlS"},"hoverSprite":{"__uuid__":"f0BIwQ8D5Ml7nTNQbh1YlS"},"_N$disabledSprite":{"__uuid__":"29FYIk+N1GYaeWH/q1NxQO"},"_N$target":{"__id__":62}},{"__type__":"cc.Node","_name":"btn_dailytask","_parent":{"__id__":2},"_children":[{"__id__":67}],"_level":2,"_components":[{"__type__":"cc.Sprite","node":{"__id__":66},"_spriteFrame":{"__uuid__":"d5ZCpPZ5lF8YsngJrao5iR"}},{"__type__":"cc.Button","node":{"__id__":66},"zoomScale":1.05,"clickEvents":[{"__type__":"cc.ClickEvent","target":{"__id__":2},"component":"start","handler":"onBtnDailytask"}],"_N$transition":3,"transition":3,"_N$normalColor":{"__type__":"cc.Color","r":255,"g":255,"b":255},"_N$pressedColor":{"__type__":"cc.Color","r":255,"g":255,"b":255},"pressedColor":{"__type__":"cc.Color","r":255,"g":255,"b":255},"_N$disabledColor":{"__type__":"cc.Color","r":255,"g":255,"b":255},"_N$normalSprite":{"__uuid__":"d5ZCpPZ5lF8YsngJrao5iR"},"_N$pressedSprite":{"__uuid__":"e97GVMl6JHh5Ml5qEDdSGa"},"pressedSprite":{"__uuid__":"e97GVMl6JHh5Ml5qEDdSGa"},"_N$hoverSprite":{"__uuid__":"f0BIwQ8D5Ml7nTNQbh1YlS"},"hoverSprite":{"__uuid__":"f0BIwQ8D5Ml7nTNQbh1YlS"},"_N$disabledSprite":{"__uuid__":"29FYIk+N1GYaeWH/q1NxQO"},"_N$target":{"__id__":66}},{"__type__":"cc.Widget","node":{"__id__":66},"_alignFlags":36,"_left":585.5,"_right":2.5,"_top":812.5,"_bottom":313.5,"_originalWidth":133}],"_contentSize":{"__type__":"cc.Size","width":133,"height":89},"_position":{"__type__":"cc.Vec3","x":291,"y":-282},"_scale":{"__type__":"cc.Vec3","x":1,"y":1,"z":1},"_zIndex":0},{"__type__":"cc.Node","_name":"spr_task_red","_parent":{"__id__":66},"_level":3,"_components":[{"__id__":68}],"_contentSize":{"__type__":"cc.Size","width":31,"height":35},"_position":{"__type__":"cc.Vec3","x":52.6,"y":40},"_scale":{"__type__":"cc.Vec3","x":1,"y":1,"z":1},"_zIndex":0},{"__type__":"cc.Sprite","node":{"__id__":67},"_spriteFrame":{"__uuid__":"a3yReL+RlI24DzPh2JUMAA"}},{"__type__":"cc.Node","_name":"btn_friend_help","_parent":{"__id__":2},"_level":2,"_components":[{"__type__":"cc.Sprite","node":{"__id__":69},"_spriteFrame":{"__uuid__":"3bISjzdaJH0LoEAVAHyD7w"},"_sizeMode":2},{"__type__":"cc.Button","node":{"__id__":69},"clickEvents":[{"__type__":"cc.ClickEvent","target":{"__id__":2},"component":"start","handler":"onBtnFriendHelp"}],"_N$transition":3,"transition":3,"_N$normalColor":{"__type__":"cc.Color","r":255,"g":255,"b":255},"_N$pressedColor":{"__type__":"cc.Color","r":255,"g":255,"b":255},"pressedColor":{"__type__":"cc.Color","r":255,"g":255,"b":255},"_N$disabledColor":{"__type__":"cc.Color","r":255,"g":255,"b":255},"_N$normalSprite":{"__uuid__":"d5ZCpPZ5lF8YsngJrao5iR"},"_N$pressedSprite":{"__uuid__":"e97GVMl6JHh5Ml5qEDdSGa"},"pressedSprite":{"__uuid__":"e97GVMl6JHh5Ml5qEDdSGa"},"_N$hoverSprite":{"__uuid__":"f0BIwQ8D5Ml7nTNQbh1YlS"},"hoverSprite":{"__uuid__":"f0BIwQ8D5Ml7nTNQbh1YlS"},"_N$disabledSprite":{"__uuid__":"29FYIk+N1GYaeWH/q1NxQO"},"_N$target":{"__id__":69}},{"__type__":"cc.Widget","node":{"__id__":69},"_alignFlags":33,"_right":26.5,"_top":628.5,"_bottom":574.5}],"_contentSize":{"__type__":"cc.Size","width":99,"height":97},"_position":{"__type__":"cc.Vec3","x":284,"y":-37},"_scale":{"__type__":"cc.Vec3","x":1,"y":1,"z":1},"_zIndex":0},{"__type__":"cc.Node","_name":"btn_chuzhan_arrow_left","_parent":{"__id__":2},"_level":2,"_components":[{"__id__":71},{"__type__":"cc.Animation","node":{"__id__":70},"_defaultClip":{"__uuid__":"26CqtlVk9CaIfDT0KDDlPc"},"_clips":[{"__uuid__":"26CqtlVk9CaIfDT0KDDlPc"}],"playOnLoad":true}],"_contentSize":{"__type__":"cc.Size","width":57,"height":85},"_position":{"__type__":"cc.Vec3","x":-174,"y":-2},"_scale":{"__type__":"cc.Vec3","x":-1,"y":1,"z":1},"_zIndex":0},{"__type__":"cc.Sprite","node":{"__id__":70},"_spriteFrame":{"__uuid__":"53ovbPq3lKlpAhZbmXycOW"}},{"__type__":"cc.Node","_name":"btn_chuzhan_arrow_right","_parent":{"__id__":2},"_level":2,"_components":[{"__id__":73},{"__type__":"cc.Animation","node":{"__id__":72},"_defaultClip":{"__uuid__":"26CqtlVk9CaIfDT0KDDlPc"},"_clips":[{"__uuid__":"26CqtlVk9CaIfDT0KDDlPc"}],"playOnLoad":true}],"_contentSize":{"__type__":"cc.Size","width":57,"height":85},"_position":{"__type__":"cc.Vec3","x":171,"y":-2},"_scale":{"__type__":"cc.Vec3","x":1,"y":1,"z":1},"_zIndex":0},{"__type__":"cc.Sprite","node":{"__id__":72},"_spriteFrame":{"__uuid__":"53ovbPq3lKlpAhZbmXycOW"}},{"__type__":"cc.Node","_name":"btn_battle","_parent":{"__id__":2},"_level":2,"_components":[{"__type__":"cc.Sprite","node":{"__id__":74},"_spriteFrame":{"__uuid__":"58vGgdUq9NjplKrcpdOqvh"},"_type":1},{"__type__":"cc.Button","node":{"__id__":74},"clickEvents":[{"__type__":"cc.ClickEvent","target":{"__id__":2},"component":"start","handler":"onBtnBattle"}],"_N$transition":3,"transition":3,"_N$normalColor":{"__type__":"cc.Color","r":255,"g":255,"b":255},"_N$pressedColor":{"__type__":"cc.Color","r":255,"g":255,"b":255},"pressedColor":{"__type__":"cc.Color","r":255,"g":255,"b":255},"_N$disabledColor":{"__type__":"cc.Color","r":255,"g":255,"b":255},"_N$normalSprite":{"__uuid__":"3bISjzdaJH0LoEAVAHyD7w"},"_N$pressedSprite":{"__uuid__":"e97GVMl6JHh5Ml5qEDdSGa"},"pressedSprite":{"__uuid__":"e97GVMl6JHh5Ml5qEDdSGa"},"_N$hoverSprite":{"__uuid__":"f0BIwQ8D5Ml7nTNQbh1YlS"},"hoverSprite":{"__uuid__":"f0BIwQ8D5Ml7nTNQbh1YlS"},"_N$disabledSprite":{"__uuid__":"29FYIk+N1GYaeWH/q1NxQO"},"_N$target":{"__id__":74}},{"__type__":"cc.Widget","node":{"__id__":74},"_alignFlags":9,"_left":30,"_top":458}],"_contentSize":{"__type__":"cc.Size","width":90,"height":88},"_position":{"__type__":"cc.Vec3","x":-285,"y":138},"_scale":{"__type__":"cc.Vec3","x":1,"y":1,"z":1},"_zIndex":0},{"__type__":"cc.Node","_name":"node_redpacket","_parent":{"__id__":2},"_children":[{"__id__":76},{"__id__":77},{"__id__":78},{"__id__":79},{"__id__":81},{"__id__":82}],"_level":2,"_components":[{"__type__":"cc.Widget","node":{"__id__":75},"_alignFlags":1,"_top":153}],"_position":{"__type__":"cc.Vec3","x":-19,"y":487},"_scale":{"__type__":"cc.Vec3","x":1,"y":1,"z":1},"_zIndex":0},{"__type__":"cc.Node","_name":"New Sprite","_parent":{"__id__":75},"_level":3,"_components":[{"__type__":"cc.Sprite","node":{"__id__":76},"_spriteFrame":{"__uuid__":"60da/PTIRIN6mWGPlk3Tmc"}}],"_contentSize":{"__type__":"cc.Size","width":200,"height":55},"_scale":{"__type__":"cc.Vec3","x":1,"y":1,"z":1},"_zIndex":0},{"__type__":"cc.Node","_name":"New Sprite","_parent":{"__id__":75},"_level":3,"_components":[{"__type__":"cc.Sprite","node":{"__id__":77},"_spriteFrame":{"__uuid__":"378UMsCRlPZ579GcQejXw7"}}],"_contentSize":{"__type__":"cc.Size","width":55,"height":67},"_position":{"__type__":"cc.Vec3","x":-101.9,"y":3.9000000000000004},"_scale":{"__type__":"cc.Vec3","x":1,"y":1,"z":1},"_zIndex":0},{"__type__":"cc.Node","_name":"btn_redpacket","_parent":{"__id__":75},"_level":3,"_components":[{"__type__":"cc.Sprite","node":{"__id__":78},"_spriteFrame":{"__uuid__":"3bDBlBP1RALIUsj+NnJwtj"},"_type":1},{"__type__":"cc.Button","node":{"__id__":78},"clickEvents":[{"__type__":"cc.ClickEvent","target":{"__id__":2},"component":"start","handler":"onBtnRedpacket"}],"_N$transition":3,"transition":3,"_N$normalColor":{"__type__":"cc.Color","r":255,"g":255,"b":255},"_N$pressedColor":{"__type__":"cc.Color","r":255,"g":255,"b":255},"pressedColor":{"__type__":"cc.Color","r":255,"g":255,"b":255},"_N$disabledColor":{"__type__":"cc.Color","r":255,"g":255,"b":255},"_N$normalSprite":{"__uuid__":"3bDBlBP1RALIUsj+NnJwtj"},"_N$pressedSprite":{"__uuid__":"e97GVMl6JHh5Ml5qEDdSGa"},"pressedSprite":{"__uuid__":"e97GVMl6JHh5Ml5qEDdSGa"},"_N$hoverSprite":{"__uuid__":"f0BIwQ8D5Ml7nTNQbh1YlS"},"hoverSprite":{"__uuid__":"f0BIwQ8D5Ml7nTNQbh1YlS"},"_N$disabledSprite":{"__uuid__":"29FYIk+N1GYaeWH/q1NxQO"},"_N$target":{"__id__":78}}],"_contentSize":{"__type__":"cc.Size","width":118,"height":60},"_position":{"__type__":"cc.Vec3","x":106.8,"y":-0.8999999999999999},"_scale":{"__type__":"cc.Vec3","x":1,"y":1,"z":1},"_zIndex":0},{"__type__":"cc.Node","_name":"lab_redpacket","_parent":{"__id__":75},"_level":3,"_components":[{"__id__":80},{"__type__":"cc.LabelOutline","node":{"__id__":79},"_width":0.1}],"_contentSize":{"__type__":"cc.Size","width":94.48,"height":32},"_position":{"__type__":"cc.Vec3","x":-19.3,"y":-1.5},"_scale":{"__type__":"cc.Vec3","x":1,"y":1,"z":1},"_zIndex":0},{"__type__":"cc.Label","node":{"__id__":79},"_useOriginalSize":false,"_string":"￥0.25","_N$string":"￥0.25","_fontSize":32,"_lineHeight":32,"_N$horizontalAlign":1,"_N$verticalAlign":1},{"__type__":"cc.Node","_name":"New Sprite","_parent":{"__id__":75},"_level":3,"_components":[{"__type__":"cc.Sprite","node":{"__id__":81},"_spriteFrame":{"__uuid__":"71U8zmIABEUqA/v5VOuEDX"},"_type":1,"_sizeMode":0}],"_contentSize":{"__type__":"cc.Size","width":430,"height":47},"_position":{"__type__":"cc.Vec3","x":18.5,"y":-63.2},"_scale":{"__type__":"cc.Vec3","x":1,"y":1,"z":1},"_zIndex":0},{"__type__":"cc.Node","_name":"mask_notice","_parent":{"__id__":75},"_children":[{"__id__":83}],"_level":3,"_components":[{"__type__":"cc.Mask","node":{"__id__":82},"_spriteFrame":{"__uuid__":"60da/PTIRIN6mWGPlk3Tmc"},"_type":2}],"_contentSize":{"__type__":"cc.Size","width":430,"height":50},"_position":{"__type__":"cc.Vec3","x":20,"y":-62},"_scale":{"__type__":"cc.Vec3","x":1,"y":1,"z":1},"_zIndex":0},{"__type__":"cc.Node","_name":"node_notice_item","_parent":{"__id__":82},"_children":[{"__id__":84},{"__id__":85}],"_level":4,"_position":{"__type__":"cc.Vec3","x":-37,"y":-17},"_scale":{"__type__":"cc.Vec3","x":1,"y":1,"z":1},"_zIndex":0},{"__type__":"cc.Node","_name":"New Sprite","_parent":{"__id__":83},"_level":4,"_components":[{"__type__":"cc.Sprite","node":{"__id__":84},"_spriteFrame":{"__uuid__":"378UMsCRlPZ579GcQejXw7"}}],"_contentSize":{"__type__":"cc.Size","width":55,"height":67},"_position":{"__type__":"cc.Vec3","x":-136.2,"y":13.8},"_scale":{"__type__":"cc.Vec3","x":0.5,"y":0.5,"z":1},"_rotationX":20,"_rotationY":20,"_quat":{"__type__":"cc.Quat","z":-0.17364817766693033,"w":0.984807753012208},"_zIndex":0},{"__type__":"cc.Node","_name":"richtext_award","_parent":{"__id__":83},"_children":[{"__id__":86},{"__id__":87},{"__id__":88},{"__id__":89}],"_level":4,"_components":[{"__id__":90}],"_contentSize":{"__type__":"cc.Size","width":296.74,"height":35},"_anchorPoint":{"__type__":"cc.Vec2","y":0.5},"_position":{"__type__":"cc.Vec3","x":-111.9,"y":11.7},"_scale":{"__type__":"cc.Vec3","x":1,"y":1,"z":1},"_zIndex":0},{"__type__":"cc.PrivateNode","_name":"RICHTEXT_CHILD","_parent":{"__id__":85},"_level":5,"_components":[{"__type__":"cc.Label","node":{"__id__":86},"_string":"恭喜:","_N$string":"恭喜:","_fontSize":24,"_lineHeight":35,"_N$verticalAlign":1}],"_contentSize":{"__type__":"cc.Size","width":54.67,"height":35},"_anchorPoint":{"__type__":"cc.Vec2"},"_position":{"__type__":"cc.Vec3","y":-17.5},"_scale":{"__type__":"cc.Vec3","x":1,"y":1,"z":1},"_zIndex":0},{"__type__":"cc.PrivateNode","_name":"RICHTEXT_CHILD","_parent":{"__id__":85},"_level":5,"_components":[{"__type__":"cc.Label","node":{"__id__":87},"_string":"玩家","_N$string":"玩家","_fontSize":24,"_lineHeight":35,"_N$verticalAlign":1}],"_color":{"__type__":"cc.Color","r":255,"g":239,"b":75},"_contentSize":{"__type__":"cc.Size","width":48,"height":35},"_anchorPoint":{"__type__":"cc.Vec2"},"_position":{"__type__":"cc.Vec3","x":54.67,"y":-17.5},"_scale":{"__type__":"cc.Vec3","x":1,"y":1,"z":1},"_zIndex":0},{"__type__":"cc.PrivateNode","_name":"RICHTEXT_CHILD","_parent":{"__id__":85},"_level":5,"_components":[{"__type__":"cc.Label","node":{"__id__":88},"_string":"成功提取","_N$string":"成功提取","_fontSize":24,"_lineHeight":35,"_N$verticalAlign":1}],"_contentSize":{"__type__":"cc.Size","width":96,"height":35},"_anchorPoint":{"__type__":"cc.Vec2"},"_position":{"__type__":"cc.Vec3","x":102.67,"y":-17.5},"_scale":{"__type__":"cc.Vec3","x":1,"y":1,"z":1},"_zIndex":0},{"__type__":"cc.PrivateNode","_name":"RICHTEXT_CHILD","_parent":{"__id__":85},"_level":5,"_components":[{"__type__":"cc.Label","node":{"__id__":89},"_string":"20.08元","_N$string":"20.08元","_fontSize":28,"_lineHeight":35,"_N$verticalAlign":1}],"_color":{"__type__":"cc.Color","r":255,"g":239,"b":75},"_contentSize":{"__type__":"cc.Size","width":98.07,"height":35},"_anchorPoint":{"__type__":"cc.Vec2"},"_position":{"__type__":"cc.Vec3","x":198.67000000000002,"y":-17.5},"_scale":{"__type__":"cc.Vec3","x":1,"y":1,"z":1},"_zIndex":0},{"__type__":"cc.RichText","node":{"__id__":85},"_N$string":"<color=#ffffff>恭喜:</c><color=#ffef4b>玩家</c><color=#ffffff>成功提取</c><color=#ffef4b><size=28>20.08元</size></color>","_N$fontSize":24,"_N$lineHeight":35}],{"__type__":"cc.SpriteFrame","content":{"name":"btn_sound","texture":"fc8X4Gg3pKOrMPV1TnGmGQ","rect":[0,0,77,74],"offset":[0,0],"originalSize":[77,74],"capInsets":[0,0,0,0]}},{"__type__":"cc.SpriteFrame","content":{"name":"plane_1_1","texture":"7dwi6bhENO06lFRfC6C733","rect":[0,0,121,87],"offset":[0,0],"originalSize":[121,87],"capInsets":[0,0,0,0]}},{"__type__":"cc.SpriteFrame","content":{"name":"redpacket2_coin","texture":"1eCsq5wNhFQp7lTxpy2Onh","rect":[463,2,202,203],"offset":[0,0],"originalSize":[202,203],"capInsets":[0,0,0,0]}},{"__type__":"cc.SpriteFrame","content":{"name":"xinshouzhiying_quan","texture":"43rPXPcKtObqrQj6HyFnzh","rect":[0,0,20,20],"offset":[0,0],"originalSize":[20,20],"capInsets":[0,0,0,0]}},{"__type__":"cc.SpriteFrame","content":{"name":"yaoqinghaoyou_bg","texture":"d4Wjke/RFIRo1VP2eczFjv","rect":[0,0,630,108],"offset":[0,0],"originalSize":[630,108],"capInsets":[0,0,0,0]}},{"__type__":"cc.SpriteFrame","content":{"name":"icon_newgifts","texture":"73NunjuiNILJRwO1X5SNFU","rect":[0,0,87,86],"offset":[0,0],"originalSize":[87,86],"capInsets":[0,0,0,0]}},{"__type__":"cc.SpriteFrame","content":{"name":"help_helping","texture":"f9h6eBWFlDT42CT30Roa6u","rect":[0,0,82,28],"offset":[0,0],"originalSize":[82,28],"capInsets":[0,0,0,0]}},{"__type__":"cc.SpriteFrame","content":{"name":"btn_sound_close","texture":"04/RxhwGxNCa6HRuyxQvsF","rect":[0,0,77,74],"offset":[0,0],"originalSize":[77,74],"capInsets":[0,0,0,0]}},{"__type__":"cc.SpriteFrame","content":{"name":"red_point2","texture":"8arGPwpulBm7FcoEM8faIn","rect":[0,0,31,30],"offset":[0,0],"originalSize":[31,30],"capInsets":[0,0,0,0]}},{"__type__":"cc.SpriteFrame","content":{"name":"btn_chuzhan_arrow","texture":"40v/aV0/xGQ6FWPc5EZf57","rect":[0,0,57,85],"offset":[0,0],"originalSize":[57,85],"capInsets":[0,0,0,0]}},{"__type__":"cc.SpriteFrame","content":{"name":"txt_fx_7rlq","texture":"4ae1bYV7dAOJMjpEqcgB+h","rect":[0,0,225,47],"offset":[0,0],"originalSize":[225,47],"capInsets":[0,0,0,0]}},{"__type__":"cc.SpriteFrame","content":{"name":"icon_battle","texture":"40Ox281ShDNoqrE9oQRvhT","rect":[0,0,90,88],"offset":[0,0],"originalSize":[90,88],"capInsets":[0,0,0,0]}},{"__type__":"cc.SpriteFrame","content":{"name":"redpacket2_money_bg","texture":"1eCsq5wNhFQp7lTxpy2Onh","rect":[2,100,200,55],"offset":[0,0],"originalSize":[200,55],"capInsets":[0,0,0,0]}},{"__type__":"cc.SpriteFrame","content":{"name":"redpacket2_close","texture":"1eCsq5wNhFQp7lTxpy2Onh","rect":[393,100,53,54],"offset":[0,0],"originalSize":[53,54],"rotated":1,"capInsets":[0,0,0,0]}},{"__type__":"cc.SpriteFrame","content":{"name":"newgifts_bg","texture":"1d42L6F6BH0KhmW2m9jzig","rect":[2,2,696,293],"offset":[0,0],"originalSize":[698,295],"capInsets":[0,141,0,144]}},{"__type__":"cc.SpriteFrame","content":{"name":"btn_txt_chuzhan","texture":"a5Er209tZEo5eT/ITSyaq5","rect":[0,0,192,51],"offset":[0,0],"originalSize":[192,51],"capInsets":[0,0,0,0]}},{"__type__":"cc.SpriteFrame","content":{"name":"redpacket2_bg","texture":"1eCsq5wNhFQp7lTxpy2Onh","rect":[182,157,60,47],"offset":[0,0],"originalSize":[60,47],"capInsets":[20,21,20,22]}},{"__type__":"cc.SpriteFrame","content":{"name":"friendhelp_add","texture":"bfS/BUgGxJ94vFqIUFjKr5","rect":[267,225,110,28],"offset":[0,0],"originalSize":[110,28],"capInsets":[0,0,0,0]}},{"__type__":"cc.SpriteFrame","content":{"name":"start_bg_top","texture":"c5BfR7g0tN8KXsj7s7Ltck","rect":[0,0,118,244],"offset":[0,0],"originalSize":[118,244],"capInsets":[0,0,0,0]}},{"__type__":"cc.SpriteFrame","content":{"name":"newgifts_invite","texture":"1d42L6F6BH0KhmW2m9jzig","rect":[592,297,88,89],"offset":[0,0],"originalSize":[88,89],"rotated":1,"capInsets":[0,0,0,0]}},{"__type__":"cc.SpriteFrame","content":{"name":"friendhelp_banner","texture":"bfS/BUgGxJ94vFqIUFjKr5","rect":[267,2,640,164],"offset":[0,0],"originalSize":[640,164],"capInsets":[0,0,0,0]}},{"__type__":"cc.SpriteFrame","content":{"name":"btn_paihang","texture":"82GQwMGtlJj6MR6R3EuK/w","rect":[0,0,133,89],"offset":[0,0],"originalSize":[133,89],"capInsets":[0,0,0,0]}},{"__type__":"cc.SpriteFrame","content":{"name":"newgifts_gift1","texture":"1d42L6F6BH0KhmW2m9jzig","rect":[592,387,87,58],"offset":[0,0],"originalSize":[87,58],"capInsets":[0,0,0,0]}},{"__type__":"cc.SpriteFrame","content":{"name":"moregame","texture":"2drAAsyvNILKgqvzZJtLCK","rect":[0,0,144,144],"offset":[0,0],"originalSize":[144,144],"capInsets":[0,0,0,0]}},{"__type__":"cc.SpriteFrame","content":{"name":"fanhuianniu","texture":"deT3HOL01DhY2Oo3+YTSca","rect":[0,0,82,82],"offset":[0,0],"originalSize":[82,82],"capInsets":[0,0,0,0]}},{"__type__":"cc.SpriteFrame","content":{"name":"power_circle_01","texture":"d8yHuAuVVGi7c5ZfOQ6fJd","rect":[2,512,104,114],"offset":[0,0],"originalSize":[104,114],"rotated":1,"capInsets":[0,0,0,0]}},{"__type__":"cc.SpriteFrame","content":{"name":"help_timebar1","texture":"b3UecJqkRLpbk8Uekw4K4R","rect":[0,0,393,32],"offset":[0,0],"originalSize":[393,32],"capInsets":[0,0,0,0]}},{"__type__":"cc.SpriteFrame","content":{"name":"btn_upgrade","texture":"48R3e/3FdJWa9bmacothR6","rect":[0,0,279,133],"offset":[0,0],"originalSize":[279,133],"capInsets":[0,0,0,0]}},{"__type__":"cc.SpriteFrame","content":{"name":"newgifts_bg2","texture":"1d42L6F6BH0KhmW2m9jzig","rect":[2,297,534,377],"offset":[0,0],"originalSize":[534,377],"capInsets":[0,0,0,0]}},{"__type__":"cc.SpriteFrame","content":{"name":"shengji_btn","texture":"aeAqf9xxpDVoR76KB8aaXo","rect":[0,0,151,53],"offset":[0,0],"originalSize":[151,53],"capInsets":[0,0,0,0]}},{"__type__":"cc.SpriteFrame","content":{"name":"help_timebar2","texture":"582ydpgrlFDKnQ2+XC3Vmu","rect":[0,0,391,30],"offset":[0,0],"originalSize":[391,30],"capInsets":[0,0,0,0]}},{"__type__":"cc.SpriteFrame","content":{"name":"btn_coin_video","texture":"e9ZxWi7uhO/LgcPs388sqI","rect":[0,0,58,58],"offset":[0,0],"originalSize":[58,58],"capInsets":[0,0,0,0]}},[{"__type__":"cc.Prefab","_name":"friendHelpItem","data":{"__id__":1}},{"__type__":"cc.Node","_name":"friendHelpItem","_children":[{"__id__":2},{"__id__":3},{"__id__":6},{"__id__":9},{"__id__":10},{"__id__":13},{"__id__":16}],"_level":1,"_components":[{"__type__":"febefr2/EFA36jjyquhhNGX","node":{"__id__":1},"rht_desc":{"__id__":5},"spr_head":{"__id__":8},"btn_invite":{"__id__":12},"btn_award":{"__id__":15},"pgb_help":{"__id__":21},"lab_time":{"__id__":23},"nod_helping":{"__id__":16},"lab_add":{"__id__":26},"btnSound":{"__uuid__":"b5CnyjtFBNJ5UK59v+uqs2"}}],"_prefab":{"__type__":"cc.PrefabInfo","root":{"__id__":1},"asset":{"__uuid__":"c9KvonbzpIBofkTX4ehyoA"},"fileId":"153IdcFxJFrof3yUgQR5xh"},"_contentSize":{"__type__":"cc.Size","width":630,"height":130},"_scale":{"__type__":"cc.Vec3","x":1,"y":1,"z":1},"_zIndex":0},{"__type__":"cc.Node","_name":"spr_bg","_parent":{"__id__":1},"_level":3,"_components":[{"__type__":"cc.Sprite","node":{"__id__":2},"_spriteFrame":{"__uuid__":"4b5mnivtBFbrTW67zbUGHN"}}],"_prefab":{"__type__":"cc.PrefabInfo","root":{"__id__":1},"asset":{"__uuid__":"c9KvonbzpIBofkTX4ehyoA"},"fileId":"2fUNKw82ZGDrcKHbluftfz"},"_contentSize":{"__type__":"cc.Size","width":630,"height":108},"_scale":{"__type__":"cc.Vec3","x":1,"y":1,"z":1},"_zIndex":0},{"__type__":"cc.Node","_name":"rht_desc","_parent":{"__id__":1},"_children":[{"__id__":4}],"_level":2,"_components":[{"__id__":5}],"_prefab":{"__type__":"cc.PrefabInfo","root":{"__id__":1},"asset":{"__uuid__":"c9KvonbzpIBofkTX4ehyoA"},"fileId":"6387/OAU5DL5e4FnR+K+zL"},"_contentSize":{"__type__":"cc.Size","width":96,"height":28},"_anchorPoint":{"__type__":"cc.Vec2","y":1},"_position":{"__type__":"cc.Vec3","x":-186.2,"y":34.1},"_scale":{"__type__":"cc.Vec3","x":1,"y":1,"z":1},"_zIndex":0},{"__type__":"cc.PrivateNode","_name":"RICHTEXT_CHILD","_parent":{"__id__":3},"_level":3,"_components":[{"__type__":"cc.Label","node":{"__id__":4},"_string":"咸蛋超人","_N$string":"咸蛋超人","_fontSize":24,"_lineHeight":28,"_N$verticalAlign":1}],"_prefab":{"__type__":"cc.PrefabInfo","root":{"__id__":1},"asset":{"__uuid__":"c9KvonbzpIBofkTX4ehyoA"},"fileId":"69RmXp4p9BMIU2UsGlvZSc"},"_color":{"__type__":"cc.Color","r":255,"g":231,"b":96},"_contentSize":{"__type__":"cc.Size","width":96,"height":28},"_anchorPoint":{"__type__":"cc.Vec2"},"_position":{"__type__":"cc.Vec3","y":-28},"_scale":{"__type__":"cc.Vec3","x":1,"y":1,"z":1},"_zIndex":-32768},{"__type__":"cc.RichText","node":{"__id__":3},"_N$string":"<color=#ffe760>咸蛋超人</color>","_N$fontSize":24,"_N$lineHeight":28},{"__type__":"cc.Node","_name":"mask","_parent":{"__id__":1},"_children":[{"__id__":7}],"_level":3,"_components":[{"__type__":"cc.Mask","node":{"__id__":6},"_type":1,"_segments":35}],"_prefab":{"__type__":"cc.PrefabInfo","root":{"__id__":1},"asset":{"__uuid__":"c9KvonbzpIBofkTX4ehyoA"},"fileId":"d89Vg55DdFCoEfHNXgXaHx"},"_contentSize":{"__type__":"cc.Size","width":80,"height":80},"_position":{"__type__":"cc.Vec3","x":-237},"_scale":{"__type__":"cc.Vec3","x":1,"y":1,"z":1},"_zIndex":0},{"__type__":"cc.Node","_name":"spr_head","_parent":{"__id__":6},"_level":3,"_components":[{"__id__":8}],"_prefab":{"__type__":"cc.PrefabInfo","root":{"__id__":1},"asset":{"__uuid__":"c9KvonbzpIBofkTX4ehyoA"},"fileId":"997swALyBFGpo37lRsUTqO"},"_contentSize":{"__type__":"cc.Size","width":80,"height":80},"_scale":{"__type__":"cc.Vec3","x":1,"y":1,"z":1},"_zIndex":0},{"__type__":"cc.Sprite","node":{"__id__":7},"_spriteFrame":{"__uuid__":"e1GZcnM99D8ZDa2pZRxfOa"},"_sizeMode":0},{"__type__":"cc.Node","_name":"New Sprite","_parent":{"__id__":1},"_level":3,"_components":[{"__type__":"cc.Sprite","node":{"__id__":9},"_spriteFrame":{"__uuid__":"2cIrcz4jBKXYm/Ny71dLn+"},"_sizeMode":0}],"_prefab":{"__type__":"cc.PrefabInfo","root":{"__id__":1},"asset":{"__uuid__":"c9KvonbzpIBofkTX4ehyoA"},"fileId":"2fys/H0LVKn6eVDdjmQYPm"},"_contentSize":{"__type__":"cc.Size","width":80,"height":80},"_position":{"__type__":"cc.Vec3","x":-237},"_scale":{"__type__":"cc.Vec3","x":1,"y":1,"z":1},"_zIndex":0},{"__type__":"cc.Node","_name":"btn_invite","_parent":{"__id__":1},"_children":[{"__id__":11}],"_level":3,"_components":[{"__type__":"cc.Sprite","node":{"__id__":10},"_spriteFrame":{"__uuid__":"1aw18Zk8xId59CfoSLsy75"},"_type":1},{"__id__":12}],"_prefab":{"__type__":"cc.PrefabInfo","root":{"__id__":1},"asset":{"__uuid__":"c9KvonbzpIBofkTX4ehyoA"},"fileId":"49O2u7E9dPPaZsQ0qHzNi5"},"_contentSize":{"__type__":"cc.Size","width":151,"height":53},"_position":{"__type__":"cc.Vec3","x":211,"y":6},"_scale":{"__type__":"cc.Vec3","x":1,"y":1,"z":1},"_zIndex":0},{"__type__":"cc.Node","_name":"spr_lab","_parent":{"__id__":10},"_level":3,"_components":[{"__type__":"cc.Sprite","node":{"__id__":11},"_spriteFrame":{"__uuid__":"0eNhgQRWNBmaFwLdVC2eWd"}}],"_prefab":{"__type__":"cc.PrefabInfo","root":{"__id__":1},"asset":{"__uuid__":"c9KvonbzpIBofkTX4ehyoA"},"fileId":"a8uSXXpAdIWZOsqgvJs3L0"},"_contentSize":{"__type__":"cc.Size","width":55,"height":29},"_position":{"__type__":"cc.Vec3","x":-1,"y":2},"_scale":{"__type__":"cc.Vec3","x":1,"y":1,"z":1},"_zIndex":0},{"__type__":"cc.Button","node":{"__id__":10},"zoomScale":1.05,"clickEvents":[{"__type__":"cc.ClickEvent","target":{"__id__":1},"component":"friendHelpItem","handler":"onBtnHelp"}],"_N$enableAutoGrayEffect":true,"_N$transition":3,"transition":3,"_N$normalColor":{"__type__":"cc.Color","r":255,"g":255,"b":255},"_N$pressedColor":{"__type__":"cc.Color","r":255,"g":255,"b":255},"pressedColor":{"__type__":"cc.Color","r":255,"g":255,"b":255},"_N$disabledColor":{"__type__":"cc.Color","r":255,"g":255,"b":255},"_N$normalSprite":{"__uuid__":"1aw18Zk8xId59CfoSLsy75"},"_N$pressedSprite":{"__uuid__":"e97GVMl6JHh5Ml5qEDdSGa"},"pressedSprite":{"__uuid__":"e97GVMl6JHh5Ml5qEDdSGa"},"_N$hoverSprite":{"__uuid__":"f0BIwQ8D5Ml7nTNQbh1YlS"},"hoverSprite":{"__uuid__":"f0BIwQ8D5Ml7nTNQbh1YlS"},"_N$disabledSprite":{"__uuid__":"29FYIk+N1GYaeWH/q1NxQO"},"_N$target":{"__id__":10}},{"__type__":"cc.Node","_name":"btn_award","_parent":{"__id__":1},"_children":[{"__id__":14}],"_level":2,"_components":[{"__type__":"cc.Sprite","node":{"__id__":13},"_spriteFrame":{"__uuid__":"a8EL1kBfNKc4ouHbbuvYhz"},"_type":1},{"__id__":15}],"_prefab":{"__type__":"cc.PrefabInfo","root":{"__id__":1},"asset":{"__uuid__":"c9KvonbzpIBofkTX4ehyoA"},"fileId":"c9YsnN+FBGfZvraNULM0zl"},"_contentSize":{"__type__":"cc.Size","width":151,"height":53},"_position":{"__type__":"cc.Vec3","x":210,"y":7},"_scale":{"__type__":"cc.Vec3","x":1,"y":1,"z":1},"_zIndex":0},{"__type__":"cc.Node","_name":"spr_lab","_parent":{"__id__":13},"_level":3,"_components":[{"__type__":"cc.Sprite","node":{"__id__":14},"_spriteFrame":{"__uuid__":"ffYCND/UlNabTubIgggD6R"}}],"_prefab":{"__type__":"cc.PrefabInfo","root":{"__id__":1},"asset":{"__uuid__":"c9KvonbzpIBofkTX4ehyoA"},"fileId":"b9aHB7W2VONqSsTgRAzsFj"},"_contentSize":{"__type__":"cc.Size","width":55,"height":28},"_position":{"__type__":"cc.Vec3","x":1,"y":4},"_scale":{"__type__":"cc.Vec3","x":1,"y":1,"z":1},"_zIndex":0},{"__type__":"cc.Button","node":{"__id__":13},"zoomScale":1.05,"clickEvents":[{"__type__":"cc.ClickEvent","target":{"__id__":1},"component":"friendHelpItem","handler":"onBtnAward"}],"_N$enableAutoGrayEffect":true,"_N$transition":3,"transition":3,"_N$normalColor":{"__type__":"cc.Color","r":255,"g":255,"b":255},"_N$pressedColor":{"__type__":"cc.Color","r":255,"g":255,"b":255},"pressedColor":{"__type__":"cc.Color","r":255,"g":255,"b":255},"_N$disabledColor":{"__type__":"cc.Color","r":255,"g":255,"b":255},"_N$normalSprite":{"__uuid__":"1aw18Zk8xId59CfoSLsy75"},"_N$pressedSprite":{"__uuid__":"e97GVMl6JHh5Ml5qEDdSGa"},"pressedSprite":{"__uuid__":"e97GVMl6JHh5Ml5qEDdSGa"},"_N$hoverSprite":{"__uuid__":"f0BIwQ8D5Ml7nTNQbh1YlS"},"hoverSprite":{"__uuid__":"f0BIwQ8D5Ml7nTNQbh1YlS"},"_N$disabledSprite":{"__uuid__":"29FYIk+N1GYaeWH/q1NxQO"},"_N$target":{"__id__":13}},{"__type__":"cc.Node","_name":"nod_helping","_parent":{"__id__":1},"_children":[{"__id__":17},{"__id__":18},{"__id__":22},{"__id__":24},{"__id__":25}],"_level":3,"_prefab":{"__type__":"cc.PrefabInfo","root":{"__id__":1},"asset":{"__uuid__":"c9KvonbzpIBofkTX4ehyoA"},"fileId":"6bpF8iw15IrJb3vROZIHKZ"},"_position":{"__type__":"cc.Vec3","x":-14,"y":-2},"_scale":{"__type__":"cc.Vec3","x":1,"y":1,"z":1},"_zIndex":0},{"__type__":"cc.Node","_name":"New Sprite","_parent":{"__id__":16},"_level":3,"_components":[{"__type__":"cc.Sprite","node":{"__id__":17},"_spriteFrame":{"__uuid__":"4e+8bi7V5DAZ/PPY73nla/"}}],"_prefab":{"__type__":"cc.PrefabInfo","root":{"__id__":1},"asset":{"__uuid__":"c9KvonbzpIBofkTX4ehyoA"},"fileId":"61o/M188hOMroMcsKHMV6S"},"_contentSize":{"__type__":"cc.Size","width":82,"height":28},"_position":{"__type__":"cc.Vec3","x":-134,"y":-19},"_scale":{"__type__":"cc.Vec3","x":1,"y":1,"z":1},"_zIndex":0},{"__type__":"cc.Node","_name":"pgb_help","_parent":{"__id__":16},"_children":[{"__id__":19}],"_level":3,"_components":[{"__type__":"cc.Sprite","node":{"__id__":18},"_spriteFrame":{"__uuid__":"92USIpHalKCKKI8UQ+bLds"},"_type":1,"_sizeMode":2},{"__id__":21}],"_prefab":{"__type__":"cc.PrefabInfo","root":{"__id__":1},"asset":{"__uuid__":"c9KvonbzpIBofkTX4ehyoA"},"fileId":"3a9Mtz435IWK0RXvPLNC4f"},"_contentSize":{"__type__":"cc.Size","width":393,"height":32},"_position":{"__type__":"cc.Vec3","x":112.5,"y":-19.4},"_scale":{"__type__":"cc.Vec3","x":1,"y":1,"z":1},"_zIndex":0},{"__type__":"cc.Node","_name":"bar","_parent":{"__id__":18},"_components":[{"__id__":20}],"_prefab":{"__type__":"cc.PrefabInfo","root":{"__id__":1},"asset":{"__uuid__":"c9KvonbzpIBofkTX4ehyoA"},"fileId":"5flj6acotCg5X1ReWafp/r"},"_contentSize":{"__type__":"cc.Size","width":235.79999999999998,"height":30},"_anchorPoint":{"__type__":"cc.Vec2","y":0.5},"_position":{"__type__":"cc.Vec3","x":-195,"y":2},"_scale":{"__type__":"cc.Vec3","x":1,"y":1,"z":1},"_zIndex":0},{"__type__":"cc.Sprite","node":{"__id__":19},"_spriteFrame":{"__uuid__":"bbA/BiRw5I6bjV5/+/7v3B"},"_type":1,"_sizeMode":0},{"__type__":"cc.ProgressBar","node":{"__id__":18},"_N$totalLength":393,"_N$barSprite":{"__id__":20},"_N$progress":0.6},{"__type__":"cc.Node","_name":"lab_time","_parent":{"__id__":16},"_level":3,"_components":[{"__id__":23},{"__type__":"cc.LabelOutline","node":{"__id__":22},"_color":{"__type__":"cc.Color","r":24,"g":33,"b":64}}],"_prefab":{"__type__":"cc.PrefabInfo","root":{"__id__":1},"asset":{"__uuid__":"c9KvonbzpIBofkTX4ehyoA"},"fileId":"c6G9SmQH5G2rZcYuXpi0FK"},"_color":{"__type__":"cc.Color","r":236,"g":252,"b":255},"_contentSize":{"__type__":"cc.Size","width":95.42,"height":24},"_position":{"__type__":"cc.Vec3","x":112.5,"y":-18},"_scale":{"__type__":"cc.Vec3","x":1,"y":1,"z":1},"_zIndex":0},{"__type__":"cc.Label","node":{"__id__":22},"_useOriginalSize":false,"_string":"00:00:00","_N$string":"00:00:00","_fontSize":24,"_lineHeight":24,"_N$horizontalAlign":1,"_N$verticalAlign":1},{"__type__":"cc.Node","_name":"New Sprite","_parent":{"__id__":16},"_level":4,"_components":[{"__type__":"cc.Sprite","node":{"__id__":24},"_spriteFrame":{"__uuid__":"71wwwDHtFFt54VNjSWoG+E"}}],"_prefab":{"__type__":"cc.PrefabInfo","root":{"__id__":1},"asset":{"__uuid__":"c9KvonbzpIBofkTX4ehyoA"},"fileId":"6c36Y+JP1E5p7rOmfaAk8p"},"_contentSize":{"__type__":"cc.Size","width":110,"height":28},"_position":{"__type__":"cc.Vec3","x":37.9,"y":18.5},"_scale":{"__type__":"cc.Vec3","x":1,"y":1,"z":1},"_zIndex":0},{"__type__":"cc.Node","_name":"lab_add","_parent":{"__id__":16},"_level":4,"_components":[{"__id__":26},{"__type__":"cc.LabelOutline","node":{"__id__":25},"_color":{"__type__":"cc.Color","r":63,"g":212,"b":255},"_width":0.1}],"_prefab":{"__type__":"cc.PrefabInfo","root":{"__id__":1},"asset":{"__uuid__":"c9KvonbzpIBofkTX4ehyoA"},"fileId":"f3Pb3fZZJIeZUwZdgjUY7L"},"_color":{"__type__":"cc.Color","r":63,"g":212,"b":255},"_contentSize":{"__type__":"cc.Size","width":48.900000000000006,"height":30},"_anchorPoint":{"__type__":"cc.Vec2","y":0.5},"_position":{"__type__":"cc.Vec3","x":100.3,"y":17.5},"_scale":{"__type__":"cc.Vec3","x":1,"y":1,"z":1},"_zIndex":0},{"__type__":"cc.Label","node":{"__id__":25},"_useOriginalSize":false,"_string":"+5%","_N$string":"+5%","_fontSize":24,"_lineHeight":30,"_N$horizontalAlign":1,"_N$verticalAlign":1}],{"__type__":"cc.SpriteFrame","content":{"name":"icon_dailytask","texture":"ffXFhDpPhDO7k+zJeLtTZL","rect":[0,0,133,89],"offset":[0,0],"originalSize":[133,89],"capInsets":[0,0,0,0]}},{"__type__":"cc.SpriteFrame","content":{"name":"btn_home","texture":"f9l5b0/GlLVZxxq2IMC2dx","rect":[0,0,59,59],"offset":[0,0],"originalSize":[59,59],"capInsets":[0,0,0,0]}},{"__type__":"cc.SpriteFrame","content":{"name":"friendhelp_title","texture":"bfS/BUgGxJ94vFqIUFjKr5","rect":[297,168,225,53],"offset":[0,0],"originalSize":[225,53],"capInsets":[0,0,0,0]}},{"__type__":"cc.SpriteFrame","content":{"name":"btn_coin_video_txt","texture":"58QY+qV5JDnYQhtqKWVrd/","rect":[0,0,100,24],"offset":[0,0],"originalSize":[100,24],"capInsets":[0,0,0,0]}},{"__type__":"cc.SpriteFrame","content":{"name":"jiesuan_head","texture":"23B9LjHDlDhbqKsLpAlCOj","rect":[0,0,77,85],"offset":[0,0],"originalSize":[77,85],"capInsets":[0,0,0,0]}},{"__type__":"cc.SpriteFrame","content":{"name":"btn_coin_share","texture":"6ekDsYDHFI0otxhXKqxbFl","rect":[0,0,100,79],"offset":[0,0],"originalSize":[100,79],"capInsets":[0,0,0,0]}},{"__type__":"cc.SpriteFrame","content":{"name":"newgifts_title","texture":"1d42L6F6BH0KhmW2m9jzig","rect":[538,297,226,52],"offset":[0,0],"originalSize":[226,52],"rotated":1,"capInsets":[0,0,0,0]}},{"__type__":"cc.SpriteFrame","content":{"name":"chuzhan_bg","texture":"ffEJkk/9RElKwqETejZsxB","rect":[0,0,720,1600],"offset":[0,0],"originalSize":[720,1600],"capInsets":[159,232,142,492]}},{"__type__":"cc.SpriteFrame","content":{"name":"btn_back","texture":"32D/a4awZAwIHT0Mg3hsyN","rect":[0,0,56,54],"offset":[0,0],"originalSize":[56,54],"capInsets":[0,0,0,0]}},{"__type__":"cc.SpriteFrame","content":{"name":"newgifts_recive","texture":"1d42L6F6BH0KhmW2m9jzig","rect":[538,525,151,63],"offset":[0,0],"originalSize":[151,63],"capInsets":[0,0,0,0]}},{"__type__":"cc.SpriteFrame","content":{"name":"btn_service","texture":"40ohrkUdVC7Z7W7b8ynnw/","rect":[0,0,77,74],"offset":[0,0],"originalSize":[77,74],"capInsets":[0,0,0,0]}},{"__type__":"cc.SpriteFrame","content":{"name":"qiandao_logo","texture":"28N6Pqw2JBy4VZsm67JhYP","rect":[0,0,92,85],"offset":[0,0],"originalSize":[92,85],"capInsets":[0,0,0,0]}},{"__type__":"cc.SpriteFrame","content":{"name":"redpacket2_btn","texture":"1eCsq5wNhFQp7lTxpy2Onh","rect":[2,2,459,96],"offset":[0,0],"originalSize":[459,96],"capInsets":[0,0,0,0]}},{"__type__":"cc.SpriteFrame","content":{"name":"friendhelp_start","texture":"bfS/BUgGxJ94vFqIUFjKr5","rect":[267,168,55,28],"offset":[0,0],"originalSize":[55,28],"rotated":1,"capInsets":[0,0,0,0]}},{"__type__":"cc.SpriteFrame","content":{"name":"redpacket2_bg3","texture":"1eCsq5wNhFQp7lTxpy2Onh","rect":[96,157,84,42],"offset":[0,0],"originalSize":[84,42],"capInsets":[25,26,31,1]}}]