[{"__type__":"cc.SpriteFrame","content":{"name":"font_score","texture":"00xfKqSnJG57YPcfEc1Gn5","rect":[0,2,364,149],"offset":[-3,-0.5],"originalSize":[370,152],"capInsets":[0,0,0,0]}},{"__type__":"cc.BitmapFont","_name":"font_score","spriteFrame":{"__uuid__":"35QCwpGlpGf7y1SNb4QITU"},"fontSize":32,"_fntConfig":{"commonHeight":32,"fontSize":32,"atlasName":"font_score.png","fontDefDictionary":{"44":{"rect":{"x":244,"y":76,"width":27,"height":75},"xOffset":0,"yOffset":0,"xAdvance":27},"46":{"rect":{"x":272,"y":76,"width":27,"height":75},"xOffset":0,"yOffset":0,"xAdvance":27},"48":{"rect":{"x":0,"y":0,"width":60,"height":75},"xOffset":0,"yOffset":0,"xAdvance":60},"49":{"rect":{"x":61,"y":0,"width":60,"height":75},"xOffset":0,"yOffset":0,"xAdvance":60},"50":{"rect":{"x":122,"y":0,"width":60,"height":75},"xOffset":0,"yOffset":0,"xAdvance":60},"51":{"rect":{"x":183,"y":0,"width":60,"height":75},"xOffset":0,"yOffset":0,"xAdvance":60},"52":{"rect":{"x":244,"y":0,"width":60,"height":75},"xOffset":0,"yOffset":0,"xAdvance":60},"53":{"rect":{"x":305,"y":0,"width":60,"height":75},"xOffset":0,"yOffset":0,"xAdvance":60},"54":{"rect":{"x":0,"y":76,"width":60,"height":75},"xOffset":0,"yOffset":0,"xAdvance":60},"55":{"rect":{"x":61,"y":76,"width":60,"height":75},"xOffset":0,"yOffset":0,"xAdvance":60},"56":{"rect":{"x":122,"y":76,"width":60,"height":75},"xOffset":0,"yOffset":0,"xAdvance":60},"57":{"rect":{"x":183,"y":76,"width":60,"height":75},"xOffset":0,"yOffset":0,"xAdvance":60}},"kerningDict":{}}}]