[[{"__type__":"cc.Prefab","_name":"moreGame","data":{"__id__":1}},{"__type__":"cc.Node","_name":"moreGame","_children":[{"__id__":2},{"__id__":3},{"__id__":8},{"__id__":12}],"_level":1,"_components":[{"__type__":"13a35ob+rBLnL+sxjM48CJh","node":{"__id__":1},"scrollview":{"__id__":11},"nodeGraphics":{"__id__":2},"nodeItem":{"__id__":12}}],"_prefab":{"__type__":"cc.PrefabInfo","root":{"__id__":1},"asset":{"__uuid__":"91jFxQbRRF7Yh3z1sHKL1n"},"fileId":"8bwVOScJZMco7Q1EW357ex"},"_contentSize":{"__type__":"cc.Size","width":720,"height":1280},"_scale":{"__type__":"cc.Vec3","x":1,"y":1,"z":1},"_zIndex":0},{"__type__":"cc.Node","_name":"nodeGraphics","_parent":{"__id__":1},"_level":2,"_prefab":{"__type__":"cc.PrefabInfo","root":{"__id__":1},"asset":{"__uuid__":"91jFxQbRRF7Yh3z1sHKL1n"},"fileId":"f9IZEVfm1Fg6phlj5psHiW"},"_contentSize":{"__type__":"cc.Size","width":720,"height":1280},"_scale":{"__type__":"cc.Vec3","x":1,"y":1,"z":1},"_zIndex":0},{"__type__":"cc.Node","_name":"nodeBg","_parent":{"__id__":1},"_children":[{"__id__":4},{"__id__":5},{"__id__":6},{"__id__":7}],"_level":2,"_prefab":{"__type__":"cc.PrefabInfo","root":{"__id__":1},"asset":{"__uuid__":"91jFxQbRRF7Yh3z1sHKL1n"},"fileId":"f5I7KMY75IrbZC/Q2YpirW"},"_contentSize":{"__type__":"cc.Size","width":490,"height":580},"_position":{"__type__":"cc.Vec3","x":-115,"y":-6},"_scale":{"__type__":"cc.Vec3","x":1,"y":1,"z":1},"_zIndex":0},{"__type__":"cc.Node","_name":"New Sprite","_parent":{"__id__":3},"_level":3,"_components":[{"__type__":"cc.Sprite","node":{"__id__":4},"_spriteFrame":{"__uuid__":"9894m5S0RNgbnM2oYgImYI"},"_type":1,"_sizeMode":0}],"_prefab":{"__type__":"cc.PrefabInfo","root":{"__id__":1},"asset":{"__uuid__":"91jFxQbRRF7Yh3z1sHKL1n"},"fileId":"52lI5Gl5pMXJWcUC1W8xdZ"},"_opacity":0,"_contentSize":{"__type__":"cc.Size","width":495,"height":200},"_position":{"__type__":"cc.Vec3","x":1,"y":-198},"_scale":{"__type__":"cc.Vec3","x":1,"y":1,"z":1},"_zIndex":0},{"__type__":"cc.Node","_name":"New Sprite","_parent":{"__id__":3},"_level":3,"_components":[{"__type__":"cc.Sprite","node":{"__id__":5},"_spriteFrame":{"__uuid__":"56iEubNuNEV5+MMPILYfQG"},"_type":1,"_sizeMode":0,"_fillType":2,"_fillCenter":{"__type__":"cc.Vec2","x":20,"y":20},"_fillStart":1,"_fillRange":1}],"_prefab":{"__type__":"cc.PrefabInfo","root":{"__id__":1},"asset":{"__uuid__":"91jFxQbRRF7Yh3z1sHKL1n"},"fileId":"e20HQP3zRJVJCzYkJ15q5k"},"_opacity":0,"_contentSize":{"__type__":"cc.Size","width":495,"height":396},"_anchorPoint":{"__type__":"cc.Vec2","x":0.5,"y":1},"_position":{"__type__":"cc.Vec3","y":296},"_scale":{"__type__":"cc.Vec3","x":1,"y":1,"z":1},"_zIndex":0},{"__type__":"cc.Node","_name":"New Sprite","_parent":{"__id__":3},"_level":3,"_components":[{"__type__":"cc.Sprite","node":{"__id__":6},"_spriteFrame":{"__uuid__":"02Him7zwJMA5utS0JvIMzc"}}],"_prefab":{"__type__":"cc.PrefabInfo","root":{"__id__":1},"asset":{"__uuid__":"91jFxQbRRF7Yh3z1sHKL1n"},"fileId":"29rFLx3kVEO5g6mCF5eXXQ"},"_opacity":0,"_contentSize":{"__type__":"cc.Size","width":155,"height":182},"_position":{"__type__":"cc.Vec3","x":165.4,"y":-203.8},"_scale":{"__type__":"cc.Vec3","x":1,"y":1,"z":1},"_zIndex":0},{"__type__":"cc.Node","_name":"New Sprite","_parent":{"__id__":3},"_level":3,"_components":[{"__type__":"cc.Sprite","node":{"__id__":7},"_spriteFrame":{"__uuid__":"cdSWR7G7xEh4Qnk/umiagd"},"_type":1,"_sizeMode":0}],"_prefab":{"__type__":"cc.PrefabInfo","root":{"__id__":1},"asset":{"__uuid__":"91jFxQbRRF7Yh3z1sHKL1n"},"fileId":"90q7hGqTFPD5fjxTEOISpU"},"_contentSize":{"__type__":"cc.Size","width":490,"height":585},"_position":{"__type__":"cc.Vec3","x":-1},"_scale":{"__type__":"cc.Vec3","x":1,"y":1,"z":1},"_zIndex":0},{"__type__":"cc.Node","_name":"scrollview","_parent":{"__id__":1},"_children":[{"__id__":9}],"_level":2,"_components":[{"__id__":11}],"_prefab":{"__type__":"cc.PrefabInfo","root":{"__id__":1},"asset":{"__uuid__":"91jFxQbRRF7Yh3z1sHKL1n"},"fileId":"2b/8YX4qVFwrsS79kocEPC"},"_contentSize":{"__type__":"cc.Size","width":460,"height":500},"_position":{"__type__":"cc.Vec3","x":-128,"y":-2},"_scale":{"__type__":"cc.Vec3","x":1,"y":1,"z":1},"_zIndex":0},{"__type__":"cc.Node","_name":"view","_parent":{"__id__":8},"_children":[{"__id__":10}],"_components":[{"__type__":"cc.Mask","node":{"__id__":9}}],"_prefab":{"__type__":"cc.PrefabInfo","root":{"__id__":1},"asset":{"__uuid__":"91jFxQbRRF7Yh3z1sHKL1n"},"fileId":"e1jNr4ElpKn672gJ9wSDSC"},"_contentSize":{"__type__":"cc.Size","width":460,"height":500},"_scale":{"__type__":"cc.Vec3","x":1,"y":1,"z":1},"_zIndex":0},{"__type__":"cc.Node","_name":"content","_parent":{"__id__":9},"_prefab":{"__type__":"cc.PrefabInfo","root":{"__id__":1},"asset":{"__uuid__":"91jFxQbRRF7Yh3z1sHKL1n"},"fileId":"32Hk1FyqRH7qGKWFYNxpiI"},"_contentSize":{"__type__":"cc.Size","width":460,"height":500},"_anchorPoint":{"__type__":"cc.Vec2","x":0.5,"y":1},"_position":{"__type__":"cc.Vec3","y":235},"_scale":{"__type__":"cc.Vec3","x":1,"y":1,"z":1},"_zIndex":0},{"__type__":"cc.ScrollView","node":{"__id__":8},"horizontal":false,"brake":0.75,"bounceDuration":0.23,"_N$content":{"__id__":10},"content":{"__id__":10},"_N$horizontalScrollBar":null,"_N$verticalScrollBar":null},{"__type__":"cc.Node","_name":"nodeItem","_parent":{"__id__":1},"_children":[{"__id__":13},{"__id__":15},{"__id__":16}],"_level":2,"_prefab":{"__type__":"cc.PrefabInfo","root":{"__id__":1},"asset":{"__uuid__":"91jFxQbRRF7Yh3z1sHKL1n"},"fileId":"5enQys8PtAErFq4EBRFLGX"},"_contentSize":{"__type__":"cc.Size","width":110,"height":130},"_position":{"__type__":"cc.Vec3","x":-287,"y":111},"_scale":{"__type__":"cc.Vec3","x":1.2,"y":1.2,"z":1},"_zIndex":0},{"__type__":"cc.Node","_name":"Mask","_parent":{"__id__":12},"_children":[{"__id__":14}],"_level":3,"_components":[{"__type__":"cc.Mask","node":{"__id__":13},"_spriteFrame":{"__uuid__":"ccrqbx77xPO49wHzHxcODF"},"_type":2,"_N$alphaThreshold":0.4}],"_prefab":{"__type__":"cc.PrefabInfo","root":{"__id__":1},"asset":{"__uuid__":"91jFxQbRRF7Yh3z1sHKL1n"},"fileId":"48z+LwE5xKCbzsLJqz7OQe"},"_contentSize":{"__type__":"cc.Size","width":100,"height":100},"_position":{"__type__":"cc.Vec3","y":13},"_scale":{"__type__":"cc.Vec3","x":0.96,"y":0.96,"z":1},"_zIndex":0},{"__type__":"cc.Node","_name":"spr_icon","_parent":{"__id__":13},"_level":4,"_components":[{"__type__":"cc.Sprite","node":{"__id__":14},"_spriteFrame":{"__uuid__":"ccrqbx77xPO49wHzHxcODF"},"_sizeMode":2}],"_prefab":{"__type__":"cc.PrefabInfo","root":{"__id__":1},"asset":{"__uuid__":"91jFxQbRRF7Yh3z1sHKL1n"},"fileId":"710fYFl9hMU7o00BKL38Yn"},"_contentSize":{"__type__":"cc.Size","width":90,"height":90},"_scale":{"__type__":"cc.Vec3","x":1,"y":1,"z":1},"_zIndex":0},{"__type__":"cc.Node","_name":"spr_bg","_parent":{"__id__":12},"_level":3,"_components":[{"__type__":"cc.Sprite","node":{"__id__":15},"_spriteFrame":{"__uuid__":"9f4vUFV+1CebHEAPcCUh1T"}}],"_prefab":{"__type__":"cc.PrefabInfo","root":{"__id__":1},"asset":{"__uuid__":"91jFxQbRRF7Yh3z1sHKL1n"},"fileId":"be2ZiTorJBa7on9EfcngI+"},"_contentSize":{"__type__":"cc.Size","width":90,"height":91},"_position":{"__type__":"cc.Vec3","y":13},"_scale":{"__type__":"cc.Vec3","x":1,"y":1,"z":1},"_zIndex":0},{"__type__":"cc.Node","_name":"txt_name","_parent":{"__id__":12},"_level":3,"_components":[{"__type__":"cc.Label","node":{"__id__":16},"_useOriginalSize":false,"_string":"欢乐飞机大战","_N$string":"欢乐飞机大战","_fontSize":18,"_lineHeight":18,"_N$horizontalAlign":1,"_N$verticalAlign":1}],"_prefab":{"__type__":"cc.PrefabInfo","root":{"__id__":1},"asset":{"__uuid__":"91jFxQbRRF7Yh3z1sHKL1n"},"fileId":"52VFSo3CVCeanh8f9OsvPy"},"_contentSize":{"__type__":"cc.Size","width":108,"height":18},"_position":{"__type__":"cc.Vec3","y":-48},"_scale":{"__type__":"cc.Vec3","x":1,"y":1,"z":1},"_zIndex":0}],{"__type__":"cc.SpriteFrame","content":{"name":"moregame_icon_4","texture":"a12JHv64FEzqXz7rss75cu","rect":[0,0,90,90],"offset":[0,0],"originalSize":[90,90],"capInsets":[0,0,0,0]}},{"__type__":"cc.SpriteFrame","content":{"name":"moregame_bg","texture":"065rRbhxtM2r2LJOBJreIz","rect":[0,0,447,533],"offset":[0,0],"originalSize":[447,533],"capInsets":[0,63,64,47]}}]