[{"__type__":"cc.SpriteFrame","content":{"name":"xinshouzhiying_xian","texture":"e5IgzCusVDX5BekVCgzVVx","rect":[0,0,12,371],"offset":[0,0],"originalSize":[12,371],"capInsets":[0,0,0,0]}},{"__type__":"cc.SpriteFrame","content":{"name":"xinshouzhiying_quan","texture":"43rPXPcKtObqrQj6HyFnzh","rect":[0,0,20,20],"offset":[0,0],"originalSize":[20,20],"capInsets":[0,0,0,0]}},[{"__type__":"cc.Prefab","_name":"guideLayer","data":{"__id__":1}},{"__type__":"cc.Node","_name":"guideLayer","_children":[{"__id__":2},{"__id__":6},{"__id__":9},{"__id__":13},{"__id__":17},{"__id__":20}],"_level":1,"_components":[{"__type__":"412d9axU61PyKh678OTzbum","node":{"__id__":1},"txt_desc":{"__id__":22}},{"__type__":"cc.Widget","node":{"__id__":1},"_alignFlags":45,"_originalWidth":720,"_originalHeight":1280}],"_prefab":{"__type__":"cc.PrefabInfo","root":{"__id__":1},"asset":{"__uuid__":"a0cXASodxGgoXDfDIdGG9C"},"fileId":"6d0STbMM1KgIlv1jLTtnAO"},"_contentSize":{"__type__":"cc.Size","width":720,"height":1280},"_position":{"__type__":"cc.Vec3","x":360,"y":640},"_scale":{"__type__":"cc.Vec3","x":1,"y":1,"z":1},"_zIndex":0},{"__type__":"cc.Node","_name":"guide_1","_parent":{"__id__":1},"_children":[{"__id__":3},{"__id__":4},{"__id__":5}],"_level":2,"_prefab":{"__type__":"cc.PrefabInfo","root":{"__id__":1},"asset":{"__uuid__":"a0cXASodxGgoXDfDIdGG9C"},"fileId":"4cGdzzpZJPvb9cM5nK+0vH"},"_scale":{"__type__":"cc.Vec3","x":1,"y":1,"z":1},"_zIndex":0},{"__type__":"cc.Node","_name":"point","_parent":{"__id__":2},"_level":3,"_components":[{"__type__":"cc.Sprite","node":{"__id__":3},"_spriteFrame":{"__uuid__":"49kVe3oWhNTZqzgNPpj5YM"}}],"_prefab":{"__type__":"cc.PrefabInfo","root":{"__id__":1},"asset":{"__uuid__":"a0cXASodxGgoXDfDIdGG9C"},"fileId":"c3n9nJxxZDv61AqFDs0Xza"},"_contentSize":{"__type__":"cc.Size","width":20,"height":20},"_position":{"__type__":"cc.Vec3","x":-319.6,"y":485.8},"_scale":{"__type__":"cc.Vec3","x":1,"y":1,"z":1},"_zIndex":0},{"__type__":"cc.Node","_name":"line1","_parent":{"__id__":2},"_level":3,"_components":[{"__type__":"cc.Sprite","node":{"__id__":4},"_spriteFrame":{"__uuid__":"19DFFo5shCuLPv5+eIYQ6C"},"_sizeMode":0}],"_prefab":{"__type__":"cc.PrefabInfo","root":{"__id__":1},"asset":{"__uuid__":"a0cXASodxGgoXDfDIdGG9C"},"fileId":"3ak5rfV4hP2qxtNizJDu1W"},"_contentSize":{"__type__":"cc.Size","width":12,"height":472},"_anchorPoint":{"__type__":"cc.Vec2","x":0.5,"y":1},"_position":{"__type__":"cc.Vec3","x":-319,"y":488},"_scale":{"__type__":"cc.Vec3","x":1,"y":1,"z":1},"_zIndex":0},{"__type__":"cc.Node","_name":"line2","_parent":{"__id__":2},"_level":3,"_components":[{"__type__":"cc.Sprite","node":{"__id__":5},"_spriteFrame":{"__uuid__":"19DFFo5shCuLPv5+eIYQ6C"},"_sizeMode":0}],"_prefab":{"__type__":"cc.PrefabInfo","root":{"__id__":1},"asset":{"__uuid__":"a0cXASodxGgoXDfDIdGG9C"},"fileId":"276jgH2A9Cf4OfQE8eNk6c"},"_contentSize":{"__type__":"cc.Size","width":12,"height":103},"_anchorPoint":{"__type__":"cc.Vec2","x":0.5},"_position":{"__type__":"cc.Vec3","x":-321.5,"y":22.1},"_scale":{"__type__":"cc.Vec3","x":1,"y":1,"z":1},"_rotationX":90,"_rotationY":90,"_quat":{"__type__":"cc.Quat","z":-0.7071067811865475,"w":0.7071067811865476},"_zIndex":0},{"__type__":"cc.Node","_name":"guide_2","_parent":{"__id__":1},"_children":[{"__id__":7},{"__id__":8}],"_level":2,"_prefab":{"__type__":"cc.PrefabInfo","root":{"__id__":1},"asset":{"__uuid__":"a0cXASodxGgoXDfDIdGG9C"},"fileId":"219X31SF9BJJj4jfhd7v8z"},"_scale":{"__type__":"cc.Vec3","x":1,"y":1,"z":1},"_zIndex":0},{"__type__":"cc.Node","_name":"point","_parent":{"__id__":6},"_level":3,"_components":[{"__type__":"cc.Sprite","node":{"__id__":7},"_spriteFrame":{"__uuid__":"49kVe3oWhNTZqzgNPpj5YM"}}],"_prefab":{"__type__":"cc.PrefabInfo","root":{"__id__":1},"asset":{"__uuid__":"a0cXASodxGgoXDfDIdGG9C"},"fileId":"8b2dC/5vdCtJ0RnijeeWGM"},"_contentSize":{"__type__":"cc.Size","width":20,"height":20},"_position":{"__type__":"cc.Vec3","x":-146.8,"y":486.2},"_scale":{"__type__":"cc.Vec3","x":1,"y":1,"z":1},"_zIndex":0},{"__type__":"cc.Node","_name":"line1","_parent":{"__id__":6},"_level":3,"_components":[{"__type__":"cc.Sprite","node":{"__id__":8},"_spriteFrame":{"__uuid__":"19DFFo5shCuLPv5+eIYQ6C"},"_sizeMode":0}],"_prefab":{"__type__":"cc.PrefabInfo","root":{"__id__":1},"asset":{"__uuid__":"a0cXASodxGgoXDfDIdGG9C"},"fileId":"2d9wFCRq9JRIqYvV0yIYUj"},"_contentSize":{"__type__":"cc.Size","width":12,"height":428},"_anchorPoint":{"__type__":"cc.Vec2","x":0.5,"y":1},"_position":{"__type__":"cc.Vec3","x":-146.1,"y":490.9},"_scale":{"__type__":"cc.Vec3","x":1,"y":1,"z":1},"_zIndex":0},{"__type__":"cc.Node","_name":"guide_3","_parent":{"__id__":1},"_children":[{"__id__":10},{"__id__":11},{"__id__":12}],"_level":2,"_prefab":{"__type__":"cc.PrefabInfo","root":{"__id__":1},"asset":{"__uuid__":"a0cXASodxGgoXDfDIdGG9C"},"fileId":"8d2BxOxPRLrIWzXH33NRXU"},"_scale":{"__type__":"cc.Vec3","x":1,"y":1,"z":1},"_zIndex":0},{"__type__":"cc.Node","_name":"point","_parent":{"__id__":9},"_level":3,"_components":[{"__type__":"cc.Sprite","node":{"__id__":10},"_spriteFrame":{"__uuid__":"49kVe3oWhNTZqzgNPpj5YM"}}],"_prefab":{"__type__":"cc.PrefabInfo","root":{"__id__":1},"asset":{"__uuid__":"a0cXASodxGgoXDfDIdGG9C"},"fileId":"47Xd21IKBHGK2eMTeq8ihQ"},"_contentSize":{"__type__":"cc.Size","width":20,"height":20},"_position":{"__type__":"cc.Vec3","x":-48,"y":591},"_scale":{"__type__":"cc.Vec3","x":1,"y":1,"z":1},"_zIndex":0},{"__type__":"cc.Node","_name":"line1","_parent":{"__id__":9},"_level":3,"_components":[{"__type__":"cc.Sprite","node":{"__id__":11},"_spriteFrame":{"__uuid__":"19DFFo5shCuLPv5+eIYQ6C"},"_sizeMode":0}],"_prefab":{"__type__":"cc.PrefabInfo","root":{"__id__":1},"asset":{"__uuid__":"a0cXASodxGgoXDfDIdGG9C"},"fileId":"69dexHdmhGHZb9E7quxeMg"},"_contentSize":{"__type__":"cc.Size","width":12,"height":60},"_anchorPoint":{"__type__":"cc.Vec2","x":0.5},"_position":{"__type__":"cc.Vec3","x":-46.4,"y":590.9},"_scale":{"__type__":"cc.Vec3","x":1,"y":1,"z":1},"_rotationX":90,"_rotationY":90,"_quat":{"__type__":"cc.Quat","z":-0.7071067811865475,"w":0.7071067811865476},"_zIndex":0},{"__type__":"cc.Node","_name":"line2","_parent":{"__id__":9},"_level":3,"_components":[{"__type__":"cc.Sprite","node":{"__id__":12},"_spriteFrame":{"__uuid__":"19DFFo5shCuLPv5+eIYQ6C"},"_sizeMode":0}],"_prefab":{"__type__":"cc.PrefabInfo","root":{"__id__":1},"asset":{"__uuid__":"a0cXASodxGgoXDfDIdGG9C"},"fileId":"77QEQvKf5PR5ollE/3vBwn"},"_contentSize":{"__type__":"cc.Size","width":12,"height":538},"_anchorPoint":{"__type__":"cc.Vec2","x":0.5,"y":1},"_position":{"__type__":"cc.Vec3","x":11.6,"y":600},"_scale":{"__type__":"cc.Vec3","x":1,"y":1,"z":1},"_zIndex":0},{"__type__":"cc.Node","_name":"guide_4","_parent":{"__id__":1},"_children":[{"__id__":14},{"__id__":15},{"__id__":16}],"_level":2,"_prefab":{"__type__":"cc.PrefabInfo","root":{"__id__":1},"asset":{"__uuid__":"a0cXASodxGgoXDfDIdGG9C"},"fileId":"48ZJ2aTvFDA5oZVPsoQNBk"},"_scale":{"__type__":"cc.Vec3","x":1,"y":1,"z":1},"_zIndex":0},{"__type__":"cc.Node","_name":"point","_parent":{"__id__":13},"_level":3,"_components":[{"__type__":"cc.Sprite","node":{"__id__":14},"_spriteFrame":{"__uuid__":"49kVe3oWhNTZqzgNPpj5YM"}}],"_prefab":{"__type__":"cc.PrefabInfo","root":{"__id__":1},"asset":{"__uuid__":"a0cXASodxGgoXDfDIdGG9C"},"fileId":"0fOAoHwe9BpY9gb1Or6dQc"},"_contentSize":{"__type__":"cc.Size","width":20,"height":20},"_position":{"__type__":"cc.Vec3","x":-278,"y":-490},"_scale":{"__type__":"cc.Vec3","x":1,"y":1,"z":1},"_zIndex":0},{"__type__":"cc.Node","_name":"line1","_parent":{"__id__":13},"_level":3,"_components":[{"__type__":"cc.Sprite","node":{"__id__":15},"_spriteFrame":{"__uuid__":"19DFFo5shCuLPv5+eIYQ6C"},"_sizeMode":0}],"_prefab":{"__type__":"cc.PrefabInfo","root":{"__id__":1},"asset":{"__uuid__":"a0cXASodxGgoXDfDIdGG9C"},"fileId":"adyl87VoNJ8qdmnTX4HiEU"},"_contentSize":{"__type__":"cc.Size","width":12,"height":522},"_anchorPoint":{"__type__":"cc.Vec2","x":0.5,"y":1},"_position":{"__type__":"cc.Vec3","x":-278,"y":-494},"_scale":{"__type__":"cc.Vec3","x":1,"y":1,"z":1},"_rotationX":180,"_rotationY":180,"_quat":{"__type__":"cc.Quat","z":-1,"w":6.123233995736766e-17},"_zIndex":0},{"__type__":"cc.Node","_name":"line2","_parent":{"__id__":13},"_level":3,"_components":[{"__type__":"cc.Sprite","node":{"__id__":16},"_spriteFrame":{"__uuid__":"19DFFo5shCuLPv5+eIYQ6C"},"_sizeMode":0}],"_prefab":{"__type__":"cc.PrefabInfo","root":{"__id__":1},"asset":{"__uuid__":"a0cXASodxGgoXDfDIdGG9C"},"fileId":"728RNhlYtBIb8GmLw6R2qG"},"_contentSize":{"__type__":"cc.Size","width":12,"height":60},"_anchorPoint":{"__type__":"cc.Vec2","x":0.5},"_position":{"__type__":"cc.Vec3","x":-279,"y":19.7},"_scale":{"__type__":"cc.Vec3","x":1,"y":1,"z":1},"_rotationX":90,"_rotationY":90,"_quat":{"__type__":"cc.Quat","z":-0.7071067811865475,"w":0.7071067811865476},"_zIndex":0},{"__type__":"cc.Node","_name":"guide_5","_parent":{"__id__":1},"_children":[{"__id__":18},{"__id__":19}],"_level":2,"_prefab":{"__type__":"cc.PrefabInfo","root":{"__id__":1},"asset":{"__uuid__":"a0cXASodxGgoXDfDIdGG9C"},"fileId":"a03W2MkEhBN7XpfDujriTr"},"_scale":{"__type__":"cc.Vec3","x":1,"y":1,"z":1},"_zIndex":0},{"__type__":"cc.Node","_name":"point","_parent":{"__id__":17},"_level":3,"_components":[{"__type__":"cc.Sprite","node":{"__id__":18},"_spriteFrame":{"__uuid__":"49kVe3oWhNTZqzgNPpj5YM"}}],"_prefab":{"__type__":"cc.PrefabInfo","root":{"__id__":1},"asset":{"__uuid__":"a0cXASodxGgoXDfDIdGG9C"},"fileId":"9aXd9wFbNJYrF0nVrKonHf"},"_contentSize":{"__type__":"cc.Size","width":20,"height":20},"_position":{"__type__":"cc.Vec3","x":-0.5,"y":-279.2},"_scale":{"__type__":"cc.Vec3","x":1,"y":1,"z":1},"_zIndex":0},{"__type__":"cc.Node","_name":"line1","_parent":{"__id__":17},"_level":3,"_components":[{"__type__":"cc.Sprite","node":{"__id__":19},"_spriteFrame":{"__uuid__":"19DFFo5shCuLPv5+eIYQ6C"},"_sizeMode":0}],"_prefab":{"__type__":"cc.PrefabInfo","root":{"__id__":1},"asset":{"__uuid__":"a0cXASodxGgoXDfDIdGG9C"},"fileId":"d1O/8ZWQFLjYaq3yHc5TxP"},"_contentSize":{"__type__":"cc.Size","width":12,"height":240},"_anchorPoint":{"__type__":"cc.Vec2","x":0.5,"y":1},"_position":{"__type__":"cc.Vec3","x":-1,"y":-282.4},"_scale":{"__type__":"cc.Vec3","x":1,"y":1,"z":1},"_rotationX":180,"_rotationY":180,"_quat":{"__type__":"cc.Quat","z":-1,"w":6.123233995736766e-17},"_zIndex":0},{"__type__":"cc.Node","_name":"spr_center","_parent":{"__id__":1},"_children":[{"__id__":21}],"_level":2,"_components":[{"__type__":"cc.Sprite","node":{"__id__":20},"_spriteFrame":{"__uuid__":"caIJR/QJREd5zhpCDBpMdH"}}],"_prefab":{"__type__":"cc.PrefabInfo","root":{"__id__":1},"asset":{"__uuid__":"a0cXASodxGgoXDfDIdGG9C"},"fileId":"82jTEau+BFpJLvHrAvh3+U"},"_contentSize":{"__type__":"cc.Size","width":448,"height":126},"_position":{"__type__":"cc.Vec3","y":10},"_scale":{"__type__":"cc.Vec3","x":1,"y":1,"z":1},"_zIndex":0},{"__type__":"cc.Node","_name":"txt_desc","_parent":{"__id__":20},"_level":5,"_components":[{"__id__":22}],"_prefab":{"__type__":"cc.PrefabInfo","root":{"__id__":1},"asset":{"__uuid__":"a0cXASodxGgoXDfDIdGG9C"},"fileId":"17F3qvuDBIw73c1vyy+DG2"},"_contentSize":{"__type__":"cc.Size","width":360,"height":40},"_position":{"__type__":"cc.Vec3","x":1.7,"y":8},"_scale":{"__type__":"cc.Vec3","x":1.07,"y":1,"z":1},"_zIndex":0},{"__type__":"cc.Label","node":{"__id__":21},"_useOriginalSize":false,"_string":"飞机中心机体被击中将被扣","_N$string":"飞机中心机体被击中将被扣","_fontSize":30,"_N$horizontalAlign":1,"_N$verticalAlign":1}],{"__type__":"cc.SpriteFrame","content":{"name":"xinshouzhiying_dikuang","texture":"51i1AMGzZFT7Zn85EOkpTD","rect":[0,0,448,126],"offset":[0,0],"originalSize":[448,126],"capInsets":[0,0,0,0]}}]