[{"__type__":"cc.SpriteFrame","content":{"name":"hero_newgas_1","texture":"bdenTXMo5AU4BA3zjOg7Ym","rect":[2,2,78,155],"offset":[0,0],"originalSize":[78,155],"capInsets":[0,0,0,0]}},{"__type__":"cc.AnimationClip","_name":"hero_newgas","_duration":0.4166666666666667,"wrapMode":"2","curveData":{"comps":{"cc.Sprite":{"spriteFrame":[{"frame":0,"value":{"__uuid__":"28wTNp18VHJ6twuxDeeLrf"}},{"frame":0.13333333333333333,"value":{"__uuid__":"708199WO9J56mCRacst+vN"}},{"frame":0.26666666666666666,"value":{"__uuid__":"ecjmvg0WxOFqXeuEMa1hs3"}},{"frame":0.4,"value":{"__uuid__":"ecjmvg0WxOFqXeuEMa1hs3"}}]}}}},[{"__type__":"cc.Prefab","_name":"hero_newgas","data":{"__id__":1}},{"__type__":"cc.Node","_name":"hero_newgas","_children":[{"__id__":2}],"_level":1,"_prefab":{"__type__":"cc.PrefabInfo","root":{"__id__":1},"asset":{"__uuid__":"5fw1GlonVB061rQZ7/bvXr"},"fileId":"89Jr/qBxJOZa8UyQkuii53"},"_contentSize":{"__type__":"cc.Size","width":132,"height":244},"_position":{"__type__":"cc.Vec3","x":-0.5,"y":42.4},"_scale":{"__type__":"cc.Vec3","x":0.4,"y":0.4,"z":1},"_zIndex":0},{"__type__":"cc.Node","_name":"anim","_parent":{"__id__":1},"_level":2,"_components":[{"__type__":"cc.Sprite","node":{"__id__":2},"_spriteFrame":{"__uuid__":"28wTNp18VHJ6twuxDeeLrf"}},{"__type__":"cc.Animation","node":{"__id__":2},"_defaultClip":{"__uuid__":"40UAAuA9BMeqRNr3um9wfH"},"_clips":[{"__uuid__":"40UAAuA9BMeqRNr3um9wfH"}],"playOnLoad":true}],"_prefab":{"__type__":"cc.PrefabInfo","root":{"__id__":1},"asset":{"__uuid__":"5fw1GlonVB061rQZ7/bvXr"},"fileId":"7bi7ddTJNPuaQmlM4jP7JG"},"_contentSize":{"__type__":"cc.Size","width":79,"height":156},"_position":{"__type__":"cc.Vec3","y":52.4},"_scale":{"__type__":"cc.Vec3","x":1,"y":1,"z":1},"_zIndex":0}],{"__type__":"cc.SpriteFrame","content":{"name":"hero_newgas_2","texture":"bdenTXMo5AU4BA3zjOg7Ym","rect":[2,317,76,153],"offset":[0,0],"originalSize":[76,153],"capInsets":[0,0,0,0]}},{"__type__":"cc.SpriteFrame","content":{"name":"hero_newgas_3","texture":"bdenTXMo5AU4BA3zjOg7Ym","rect":[2,159,77,156],"offset":[0,0],"originalSize":[77,156],"capInsets":[0,0,0,0]}}]