[{"__type__":"cc.SpriteFrame","content":{"name":"hero_gas_1","texture":"f1okHJ97VKV6hgvmeCloGK","rect":[2,2,132,244],"offset":[0,0],"originalSize":[132,244],"capInsets":[0,0,0,0]}},{"__type__":"cc.SpriteAtlas","_name":"hero_gas.plist","_spriteFrames":{"hero_gas_1":{"__uuid__":"4cbguhmTZB1qSakFAImgzB"},"hero_gas_2":{"__uuid__":"dehNVoGotK8LDuO9e6/fJq"}}},{"__type__":"cc.SpriteFrame","content":{"name":"hero_gas_2","texture":"f1okHJ97VKV6hgvmeCloGK","rect":[136,2,116,170],"offset":[0,0],"originalSize":[116,170],"capInsets":[0,0,0,0]}}]