[{"__type__":"cc.SpriteFrame","content":{"name":"wsparticle_j20_tuowei2_05","texture":"82qIbnIalCB573/xi8h59c","rect":[0,86,42,124],"offset":[-1,2],"originalSize":[64,128],"rotated":1,"capInsets":[0,0,0,0]}},{"__type__":"cc.SpriteFrame","content":{"name":"wsparticle_j20_tuowei2_03","texture":"82qIbnIalCB573/xi8h59c","rect":[0,44,42,124],"offset":[1,2],"originalSize":[64,128],"rotated":1,"capInsets":[0,0,0,0]}},{"__type__":"cc.SpriteFrame","content":{"name":"wsparticle_j20_tuowei2_02","texture":"82qIbnIalCB573/xi8h59c","rect":[0,0,44,128],"offset":[-1,0],"originalSize":[64,128],"rotated":1,"capInsets":[0,0,0,0]}},{"__type__":"cc.SpriteAtlas","_name":"missile_frie.plist","_spriteFrames":{"wsparticle_j20_tuowei2_01":{"__uuid__":"eezPtzLJpOMKRFOMOnswyg"},"wsparticle_j20_tuowei2_02":{"__uuid__":"66fULFBSpIy5sjYmKOwYA3"},"wsparticle_j20_tuowei2_03":{"__uuid__":"61gyNI5tZNLogFAOeR+5En"},"wsparticle_j20_tuowei2_05":{"__uuid__":"36KxqX4KhAn7u3IlcR7zf3"}}},{"__type__":"cc.SpriteFrame","content":{"name":"wsparticle_j20_tuowei2_01","texture":"82qIbnIalCB573/xi8h59c","rect":[0,128,42,68],"offset":[0,30],"originalSize":[64,128],"capInsets":[0,0,0,0]}}]