[{"__type__":"cc.SpriteFrame","content":{"name":"enemy_m_12","texture":"e3dsfjPvFGrI+HKc8cK0/P","rect":[428,412,74,78],"offset":[0,0],"originalSize":[74,78],"rotated":1,"capInsets":[0,0,0,0]}},{"__type__":"cc.SpriteFrame","content":{"name":"enemy_m_13","texture":"e3dsfjPvFGrI+HKc8cK0/P","rect":[394,332,78,84],"offset":[0,0],"originalSize":[78,84],"rotated":1,"capInsets":[0,0,0,0]}},{"__type__":"cc.SpriteFrame","content":{"name":"enemy_m_14","texture":"e3dsfjPvFGrI+HKc8cK0/P","rect":[330,332,62,56],"offset":[0,0],"originalSize":[62,56],"capInsets":[0,0,0,0]}},{"__type__":"cc.SpriteFrame","content":{"name":"enemy_m_4","texture":"e3dsfjPvFGrI+HKc8cK0/P","rect":[2,2,254,150],"offset":[0,0],"originalSize":[254,150],"capInsets":[0,0,0,0]}},{"__type__":"cc.SpriteFrame","content":{"name":"enemy_m_3","texture":"e3dsfjPvFGrI+HKc8cK0/P","rect":[258,2,250,202],"offset":[0,0],"originalSize":[250,202],"capInsets":[0,0,0,0]}},{"__type__":"cc.SpriteFrame","content":{"name":"enemy_m_10","texture":"e3dsfjPvFGrI+HKc8cK0/P","rect":[260,390,94,88],"offset":[0,0],"originalSize":[94,88],"rotated":1,"capInsets":[0,0,0,0]}},{"__type__":"cc.SpriteFrame","content":{"name":"enemy_m_1","texture":"e3dsfjPvFGrI+HKc8cK0/P","rect":[330,206,124,126],"offset":[0,0],"originalSize":[124,126],"rotated":1,"capInsets":[0,0,0,0]}},{"__type__":"cc.SpriteFrame","content":{"name":"enemy_m_8","texture":"e3dsfjPvFGrI+HKc8cK0/P","rect":[458,206,48,50],"offset":[0,0],"originalSize":[48,50],"rotated":1,"capInsets":[0,0,0,0]}},{"__type__":"cc.SpriteFrame","content":{"name":"enemy_m_9","texture":"e3dsfjPvFGrI+HKc8cK0/P","rect":[350,412,82,76],"offset":[0,0],"originalSize":[82,76],"rotated":1,"capInsets":[0,0,0,0]}},{"__type__":"cc.SpriteFrame","content":{"name":"enemy_m_6","texture":"e3dsfjPvFGrI+HKc8cK0/P","rect":[2,330,154,118],"offset":[0,0],"originalSize":[154,118],"rotated":1,"capInsets":[0,0,0,0]}},{"__type__":"cc.SpriteFrame","content":{"name":"enemy_m_7","texture":"e3dsfjPvFGrI+HKc8cK0/P","rect":[216,206,118,112],"offset":[0,0],"originalSize":[118,112],"rotated":1,"capInsets":[0,0,0,0]}},{"__type__":"cc.SpriteFrame","content":{"name":"enemy_m_2","texture":"e3dsfjPvFGrI+HKc8cK0/P","rect":[2,154,212,174],"offset":[0,0],"originalSize":[212,174],"capInsets":[0,0,0,0]}},{"__type__":"cc.SpriteAtlas","_name":"enemy_m.plist","_spriteFrames":{"enemy_m_1":{"__uuid__":"49fjM0P21Mh6CfU0jdmQgL"},"enemy_m_10":{"__uuid__":"40HmhaBZxBQKe5BIpA6cvD"},"enemy_m_11":{"__uuid__":"d639vNePJBr5A4JUQgT7Lp"},"enemy_m_12":{"__uuid__":"09uERkE+BGTYyNS5AhqTwn"},"enemy_m_13":{"__uuid__":"1cOfpO/HBLpaWZWVX2rNky"},"enemy_m_14":{"__uuid__":"1dk+Tca6pGEKVbgkuoW7pW"},"enemy_m_2":{"__uuid__":"c0AtmVsLpGOKRzC9ufOuLj"},"enemy_m_3":{"__uuid__":"34H0WWTT9OJqZoyM0rdpTd"},"enemy_m_4":{"__uuid__":"27ngFDC0dEk5AqRfi/57+U"},"enemy_m_5":{"__uuid__":"d74WIgPC5A9q5qQ9YPofmx"},"enemy_m_6":{"__uuid__":"91oqd4OIRFjacxSQdru+Wl"},"enemy_m_7":{"__uuid__":"a6mK7FvjJMwIJo0dNX3nXF"},"enemy_m_8":{"__uuid__":"72nMkttoRBiog/kMOQqpqr"},"enemy_m_9":{"__uuid__":"82WTVwylhEjLnKbXOPtmcV"}}},{"__type__":"cc.SpriteFrame","content":{"name":"enemy_m_11","texture":"e3dsfjPvFGrI+HKc8cK0/P","rect":[260,326,68,62],"offset":[0,0],"originalSize":[68,62],"capInsets":[0,0,0,0]}},{"__type__":"cc.SpriteFrame","content":{"name":"enemy_m_5","texture":"e3dsfjPvFGrI+HKc8cK0/P","rect":[122,330,148,136],"offset":[0,0],"originalSize":[148,136],"rotated":1,"capInsets":[0,0,0,0]}}]