[[{"__type__":"cc.Prefab","_name":"beginFightItem","data":{"__id__":1}},{"__type__":"cc.Node","_name":"beginFightItem","_children":[{"__id__":2},{"__id__":4},{"__id__":6},{"__id__":8},{"__id__":11},{"__id__":15},{"__id__":17},{"__id__":19},{"__id__":21}],"_level":1,"_components":[{"__type__":"74409Jdj8ZFbbKb+0h34TYM","node":{"__id__":1},"bg_normal":{"__id__":3},"bg_choose":{"__id__":5},"img_icon":{"__id__":7},"img_star":{"__id__":16},"img_selected":{"__id__":22},"txt_name":{"__id__":18},"txt_desc":{"__id__":20},"txt_cost":{"__id__":13},"btn_charge":{"__id__":14},"btn_share":{"__id__":10},"upgradFialPrefab":{"__uuid__":"8ekVmQda9ARZ2maRn/6YZp"}},{"__type__":"cc.Button","node":{"__id__":1},"clickEvents":[{"__type__":"cc.ClickEvent","target":{"__id__":1},"component":"beginFightItem","handler":"handleSelected"}],"_N$target":{"__id__":1}}],"_prefab":{"__type__":"cc.PrefabInfo","root":{"__id__":1},"asset":{"__uuid__":"1461fVNTZAP7cgvz9g4ofX"},"fileId":"d0y0XdoxdMGZKgorSa46en"},"_contentSize":{"__type__":"cc.Size","width":473,"height":101},"_anchorPoint":{"__type__":"cc.Vec2","x":0.5,"y":1},"_scale":{"__type__":"cc.Vec3","x":1,"y":1,"z":1},"_zIndex":0},{"__type__":"cc.Node","_name":"bg_normal","_parent":{"__id__":1},"_level":2,"_components":[{"__id__":3}],"_prefab":{"__type__":"cc.PrefabInfo","root":{"__id__":1},"asset":{"__uuid__":"1461fVNTZAP7cgvz9g4ofX"},"fileId":"bcmjDAQwRNLKKlk7SZeEH2"},"_contentSize":{"__type__":"cc.Size","width":473,"height":101},"_position":{"__type__":"cc.Vec3","y":-50.5},"_scale":{"__type__":"cc.Vec3","x":1,"y":1,"z":1},"_zIndex":0},{"__type__":"cc.Sprite","node":{"__id__":2},"_spriteFrame":{"__uuid__":"482eLkG6tJxblMBWwPLgCL"}},{"__type__":"cc.Node","_name":"bg_choose","_parent":{"__id__":1},"_level":2,"_components":[{"__id__":5}],"_prefab":{"__type__":"cc.PrefabInfo","root":{"__id__":1},"asset":{"__uuid__":"1461fVNTZAP7cgvz9g4ofX"},"fileId":"6dL1DGu7pOc4pxeACK1qw0"},"_contentSize":{"__type__":"cc.Size","width":495,"height":121},"_position":{"__type__":"cc.Vec3","y":-50.5},"_scale":{"__type__":"cc.Vec3","x":1,"y":1,"z":1},"_zIndex":0},{"__type__":"cc.Sprite","node":{"__id__":4},"_spriteFrame":{"__uuid__":"efFwhPARdCkZYnKFdKNnxz"}},{"__type__":"cc.Node","_name":"img_icon","_parent":{"__id__":1},"_level":3,"_components":[{"__id__":7}],"_prefab":{"__type__":"cc.PrefabInfo","root":{"__id__":1},"asset":{"__uuid__":"1461fVNTZAP7cgvz9g4ofX"},"fileId":"5aaOvgqS1KR6eMrhfK4zjC"},"_contentSize":{"__type__":"cc.Size","width":56,"height":63},"_position":{"__type__":"cc.Vec3","x":-191,"y":-40},"_scale":{"__type__":"cc.Vec3","x":1,"y":1,"z":1},"_zIndex":0},{"__type__":"cc.Sprite","node":{"__id__":6},"_spriteFrame":{"__uuid__":"5dk+/J9jFOFInpQed+abGN"}},{"__type__":"cc.Node","_name":"btn_share","_parent":{"__id__":1},"_children":[{"__id__":9}],"_level":2,"_components":[{"__id__":10}],"_prefab":{"__type__":"cc.PrefabInfo","root":{"__id__":1},"asset":{"__uuid__":"1461fVNTZAP7cgvz9g4ofX"},"fileId":"95+eaqKv1Ip6rFaDNSY0Wj"},"_contentSize":{"__type__":"cc.Size","width":151,"height":53},"_position":{"__type__":"cc.Vec3","x":156,"y":-48},"_scale":{"__type__":"cc.Vec3","x":1,"y":1,"z":1},"_zIndex":0},{"__type__":"cc.Node","_name":"Label","_parent":{"__id__":8},"_components":[{"__type__":"cc.Label","node":{"__id__":9},"_useOriginalSize":false,"_string":"分享","_N$string":"分享","_fontSize":32,"_enableWrapText":false,"_N$horizontalAlign":1,"_N$verticalAlign":1,"_N$overflow":1}],"_prefab":{"__type__":"cc.PrefabInfo","root":{"__id__":1},"asset":{"__uuid__":"1461fVNTZAP7cgvz9g4ofX"},"fileId":"baCySZfs1A2oLQov9gqr1A"},"_color":{"__type__":"cc.Color","r":254,"g":254,"b":255},"_contentSize":{"__type__":"cc.Size","width":100,"height":40},"_position":{"__type__":"cc.Vec3","y":2},"_scale":{"__type__":"cc.Vec3","x":1,"y":1,"z":1},"_zIndex":0},{"__type__":"cc.Sprite","node":{"__id__":8},"_spriteFrame":{"__uuid__":"1aw18Zk8xId59CfoSLsy75"},"_type":1,"_sizeMode":2},{"__type__":"cc.Node","_name":"btn_charge","_parent":{"__id__":1},"_children":[{"__id__":12}],"_level":3,"_components":[{"__id__":14}],"_prefab":{"__type__":"cc.PrefabInfo","root":{"__id__":1},"asset":{"__uuid__":"1461fVNTZAP7cgvz9g4ofX"},"fileId":"20JkWbPqBK3pZFEd2qntdo"},"_contentSize":{"__type__":"cc.Size","width":151,"height":53},"_position":{"__type__":"cc.Vec3","x":156,"y":-49},"_scale":{"__type__":"cc.Vec3","x":1,"y":1,"z":1},"_zIndex":0},{"__type__":"cc.Node","_name":"txt_cost","_parent":{"__id__":11},"_components":[{"__id__":13},{"__type__":"cc.LabelOutline","node":{"__id__":12},"_width":0.8}],"_prefab":{"__type__":"cc.PrefabInfo","root":{"__id__":1},"asset":{"__uuid__":"1461fVNTZAP7cgvz9g4ofX"},"fileId":"12NQZGEPVA1LzLZeEo8re8"},"_color":{"__type__":"cc.Color","r":254,"g":254,"b":255},"_contentSize":{"__type__":"cc.Size","width":55,"height":40},"_anchorPoint":{"__type__":"cc.Vec2","y":0.5},"_position":{"__type__":"cc.Vec3","x":-50,"y":2},"_scale":{"__type__":"cc.Vec3","x":1,"y":1,"z":1},"_zIndex":0},{"__type__":"cc.Label","node":{"__id__":12},"_useOriginalSize":false,"_string":"100","_N$string":"100","_fontSize":30,"_lineHeight":30,"_enableWrapText":false,"_N$horizontalAlign":1,"_N$verticalAlign":1,"_N$overflow":1},{"__type__":"cc.Sprite","node":{"__id__":11},"_spriteFrame":{"__uuid__":"a8EL1kBfNKc4ouHbbuvYhz"},"_type":1},{"__type__":"cc.Node","_name":"img_star","_parent":{"__id__":1},"_level":3,"_components":[{"__id__":16}],"_prefab":{"__type__":"cc.PrefabInfo","root":{"__id__":1},"asset":{"__uuid__":"1461fVNTZAP7cgvz9g4ofX"},"fileId":"f5vFNICRZCSrAhKPXm4Sg4"},"_contentSize":{"__type__":"cc.Size","width":60,"height":56},"_position":{"__type__":"cc.Vec3","x":189,"y":-43},"_scale":{"__type__":"cc.Vec3","x":0.7,"y":0.7,"z":1},"_zIndex":0},{"__type__":"cc.Sprite","node":{"__id__":15},"_spriteFrame":{"__uuid__":"18wKG33ixKo7SS0pxX2P2n"}},{"__type__":"cc.Node","_name":"txt_name","_parent":{"__id__":1},"_level":3,"_components":[{"__id__":18},{"__type__":"cc.LabelOutline","node":{"__id__":17},"_width":0.3}],"_prefab":{"__type__":"cc.PrefabInfo","root":{"__id__":1},"asset":{"__uuid__":"1461fVNTZAP7cgvz9g4ofX"},"fileId":"fex11FjwNI4LEw3+KE02Vn"},"_color":{"__type__":"cc.Color","r":254,"g":254,"b":255},"_contentSize":{"__type__":"cc.Size","width":36.6,"height":40},"_position":{"__type__":"cc.Vec3","x":-192,"y":-83},"_scale":{"__type__":"cc.Vec3","x":1,"y":1,"z":1},"_zIndex":0},{"__type__":"cc.Label","node":{"__id__":17},"_useOriginalSize":false,"_string":"护盾","_N$string":"护盾","_fontSize":18,"_N$horizontalAlign":1,"_N$verticalAlign":1},{"__type__":"cc.Node","_name":"txt_desc","_parent":{"__id__":1},"_level":3,"_components":[{"__id__":20},{"__type__":"cc.LabelOutline","node":{"__id__":19},"_width":0.3}],"_prefab":{"__type__":"cc.PrefabInfo","root":{"__id__":1},"asset":{"__uuid__":"1461fVNTZAP7cgvz9g4ofX"},"fileId":"d0ebTnPUpGOZTxVN+FytyF"},"_contentSize":{"__type__":"cc.Size","width":120.6,"height":40},"_anchorPoint":{"__type__":"cc.Vec2","y":0.5},"_position":{"__type__":"cc.Vec3","x":-141,"y":-50},"_scale":{"__type__":"cc.Vec3","x":1,"y":1,"z":1},"_zIndex":0},{"__type__":"cc.Label","node":{"__id__":19},"_useOriginalSize":false,"_string":"抵抗一次伤害","_N$string":"抵抗一次伤害","_fontSize":20,"_N$horizontalAlign":1,"_N$verticalAlign":1},{"__type__":"cc.Node","_name":"img_selected","_parent":{"__id__":1},"_level":2,"_components":[{"__id__":22}],"_prefab":{"__type__":"cc.PrefabInfo","root":{"__id__":1},"asset":{"__uuid__":"1461fVNTZAP7cgvz9g4ofX"},"fileId":"f8SO1fSpdAoZfqrVbpBTV0"},"_contentSize":{"__type__":"cc.Size","width":52,"height":53},"_position":{"__type__":"cc.Vec3","x":156,"y":-43},"_scale":{"__type__":"cc.Vec3","x":1,"y":1,"z":1},"_zIndex":0},{"__type__":"cc.Sprite","node":{"__id__":21},"_spriteFrame":{"__uuid__":"f9bx2MEGJC+7lQttH134EH"}}],{"__type__":"cc.SpriteFrame","content":{"name":"fighting_star","texture":"f2C8eQ4ZlKmLogK/q2HAGF","rect":[0,0,60,56],"offset":[0,0],"originalSize":[60,56],"capInsets":[0,0,0,0]}},{"__type__":"cc.SpriteFrame","content":{"name":"shengji_btn_lv","texture":"f705q0QKlFqpwv67qI/oF+","rect":[0,0,151,53],"offset":[0,0],"originalSize":[151,53],"capInsets":[0,0,0,0]}},{"__type__":"cc.SpriteFrame","content":{"name":"beginfight_item_bg","texture":"3afwn+JElMgLUJaMEn+awk","rect":[2,422,473,101],"offset":[0,0],"originalSize":[473,101],"capInsets":[0,0,0,0]}},{"__type__":"cc.SpriteFrame","content":{"name":"item_1","texture":"caKdyjFL1FSp/rwuElg8WF","rect":[0,0,56,63],"offset":[-0.5,0.5],"originalSize":[57,64],"capInsets":[0,0,0,0]}},{"__type__":"cc.SpriteFrame","content":{"name":"shengji_btn","texture":"aeAqf9xxpDVoR76KB8aaXo","rect":[0,0,151,53],"offset":[0,0],"originalSize":[151,53],"capInsets":[0,0,0,0]}},{"__type__":"cc.SpriteFrame","content":{"name":"beginfight_item_choose","texture":"3afwn+JElMgLUJaMEn+awk","rect":[2,299,495,121],"offset":[0,0],"originalSize":[495,121],"capInsets":[0,0,0,0]}},{"__type__":"cc.SpriteFrame","content":{"name":"beginfight_selected","texture":"3afwn+JElMgLUJaMEn+awk","rect":[964,340,52,53],"offset":[0,0],"originalSize":[52,53],"capInsets":[0,0,0,0]}}]