[{"__type__":"cc.SpriteFrame","content":{"name":"hero_die_3","texture":"c6sAGcgGZNqamAbwz4Xe9S","rect":[182,2,174,168],"offset":[0,0],"originalSize":[174,168],"capInsets":[0,0,0,0]}},{"__type__":"cc.SpriteFrame","content":{"name":"hero_die_8","texture":"c6sAGcgGZNqamAbwz4Xe9S","rect":[358,2,140,148],"offset":[0,0],"originalSize":[140,148],"rotated":1,"capInsets":[0,0,0,0]}},{"__type__":"cc.SpriteFrame","content":{"name":"hero_die_5","texture":"c6sAGcgGZNqamAbwz4Xe9S","rect":[2,166,172,156],"offset":[0,0],"originalSize":[172,156],"capInsets":[0,0,0,0]}},{"__type__":"cc.SpriteFrame","content":{"name":"hero_die_10","texture":"c6sAGcgGZNqamAbwz4Xe9S","rect":[2,324,136,112],"offset":[0,0],"originalSize":[136,112],"capInsets":[0,0,0,0]}},{"__type__":"cc.SpriteFrame","content":{"name":"hero_die_9","texture":"c6sAGcgGZNqamAbwz4Xe9S","rect":[346,310,142,122],"offset":[0,0],"originalSize":[142,122],"capInsets":[0,0,0,0]}},{"__type__":"cc.SpriteFrame","content":{"name":"hero_die_4","texture":"c6sAGcgGZNqamAbwz4Xe9S","rect":[176,172,160,168],"offset":[0,0],"originalSize":[160,168],"rotated":1,"capInsets":[0,0,0,0]}},{"__type__":"cc.SpriteAtlas","_name":"hero_die.plist","_spriteFrames":{"hero_die_1":{"__uuid__":"e0NJ0bAMxFj7e1DM3gnI9z"},"hero_die_10":{"__uuid__":"8c6zsYQTlK55a63YWxHatc"},"hero_die_2":{"__uuid__":"d0ifHQyndAxqNjJFx4MJ7P"},"hero_die_3":{"__uuid__":"07rvu9lN5Do4erpKQaDeZ6"},"hero_die_4":{"__uuid__":"9bYRshIUZBrIwyZellxkz+"},"hero_die_5":{"__uuid__":"83ehsJd/tMEq7wdxis0vFv"},"hero_die_6":{"__uuid__":"dbNeuSLUdBBaCsvOl8GU9O"},"hero_die_7":{"__uuid__":"c4T2bI0XFE96MQo1lzmyUx"},"hero_die_8":{"__uuid__":"15DBZW6fFBFqv70wxKcIB0"},"hero_die_9":{"__uuid__":"8eN41zRFJLIJo04jALRXYr"}}},{"__type__":"cc.SpriteFrame","content":{"name":"hero_die_7","texture":"c6sAGcgGZNqamAbwz4Xe9S","rect":[358,144,144,164],"offset":[0,0],"originalSize":[144,164],"capInsets":[0,0,0,0]}},{"__type__":"cc.SpriteFrame","content":{"name":"hero_die_2","texture":"c6sAGcgGZNqamAbwz4Xe9S","rect":[140,360,86,82],"offset":[0,0],"originalSize":[86,82],"rotated":1,"capInsets":[0,0,0,0]}},{"__type__":"cc.SpriteFrame","content":{"name":"hero_die_6","texture":"c6sAGcgGZNqamAbwz4Xe9S","rect":[2,2,178,162],"offset":[0,0],"originalSize":[178,162],"capInsets":[0,0,0,0]}},{"__type__":"cc.SpriteFrame","content":{"name":"hero_die_1","texture":"c6sAGcgGZNqamAbwz4Xe9S","rect":[140,324,34,34],"offset":[0,0],"originalSize":[34,34],"capInsets":[0,0,0,0]}}]