{"__type__":"cc.JsonAsset","_name":"DropMore","json":[{"type_4":0,"type_3":0,"type_2":0,"type_1":18,"Num_2":0,"Num_1":4,"Num_4":0,"id":10001,"Num_3":0,"Num_6":0,"Num_5":0,"type_6":0,"type_5":0},{"type_4":0,"type_3":0,"type_2":8,"type_1":18,"Num_2":1,"Num_1":4,"Num_4":0,"id":10002,"Num_3":0,"Num_6":0,"Num_5":0,"type_6":0,"type_5":0},{"type_4":0,"type_3":9,"type_2":8,"type_1":18,"Num_2":1,"Num_1":3,"Num_4":0,"id":10003,"Num_3":1,"Num_6":0,"Num_5":0,"type_6":0,"type_5":0},{"type_4":0,"type_3":9,"type_2":8,"type_1":18,"Num_2":1,"Num_1":2,"Num_4":0,"id":10004,"Num_3":1,"Num_6":0,"Num_5":0,"type_6":0,"type_5":0},{"type_4":0,"type_3":14,"type_2":11,"type_1":18,"Num_2":1,"Num_1":2,"Num_4":0,"id":10005,"Num_3":1,"Num_6":0,"Num_5":0,"type_6":0,"type_5":0},{"type_4":0,"type_3":0,"type_2":15,"type_1":18,"Num_2":1,"Num_1":4,"Num_4":0,"id":10006,"Num_3":0,"Num_6":0,"Num_5":0,"type_6":0,"type_5":0},{"type_4":0,"type_3":0,"type_2":11,"type_1":18,"Num_2":1,"Num_1":3,"Num_4":0,"id":10007,"Num_3":0,"Num_6":0,"Num_5":0,"type_6":0,"type_5":0},{"type_4":0,"type_3":0,"type_2":0,"type_1":18,"Num_2":0,"Num_1":3,"Num_4":0,"id":10008,"Num_3":0,"Num_6":0,"Num_5":0,"type_6":0,"type_5":0},{"type_4":0,"type_3":0,"type_2":11,"type_1":18,"Num_2":1,"Num_1":3,"Num_4":0,"id":10009,"Num_3":0,"Num_6":0,"Num_5":0,"type_6":0,"type_5":0},{"type_4":0,"type_3":6,"type_2":14,"type_1":18,"Num_2":1,"Num_1":3,"Num_4":0,"id":10010,"Num_3":1,"Num_6":0,"Num_5":0,"type_6":0,"type_5":0},{"type_4":0,"type_3":0,"type_2":12,"type_1":18,"Num_2":1,"Num_1":5,"Num_4":0,"id":10011,"Num_3":0,"Num_6":0,"Num_5":0,"type_6":0,"type_5":0},{"type_4":0,"type_3":0,"type_2":0,"type_1":18,"Num_2":0,"Num_1":5,"Num_4":0,"id":10012,"Num_3":0,"Num_6":0,"Num_5":0,"type_6":0,"type_5":0},{"type_4":0,"type_3":0,"type_2":0,"type_1":18,"Num_2":0,"Num_1":10,"Num_4":0,"id":10013,"Num_3":0,"Num_6":0,"Num_5":0,"type_6":0,"type_5":0}]}