{"__type__":"cc.JsonAsset","_name":"level_3","json":[{"nextOrderNum":2,"drop":"1#18,2#0,3#18","boomNum":"0","route":"1#0,2#1,3#2","num":3,"orderNum":1,"pid":1,"delayTime":0,"id":3,"ballistic":"1","enemyID":2,"speed":1.5},{"nextOrderNum":3,"drop":"0","boomNum":"0","route":"1#0,2#1,3#2,4#1,5#2,6#0","num":6,"orderNum":2,"pid":1,"delayTime":2,"id":3,"ballistic":"0","enemyID":1,"speed":1},{"nextOrderNum":4,"drop":"1#18,2#0,3#18,4#0,5#18","boomNum":"0","route":"1#1,2#0,3#2,4#1,5#2","num":5,"orderNum":3,"pid":1,"delayTime":2,"id":3,"ballistic":"2","enemyID":3,"speed":1.4},{"nextOrderNum":5,"drop":"1#18,2#0,3#18","boomNum":"1,2","route":"1#0,2#1,3#2","num":3,"orderNum":4,"pid":1,"delayTime":0,"id":3,"ballistic":"2","enemyID":3,"speed":1.8},{"nextOrderNum":6,"drop":"1#18,2#0,3#0","boomNum":"0","route":"1#0,2#1,3#2","num":3,"orderNum":5,"pid":2,"delayTime":0,"id":3,"ballistic":"1","enemyID":2,"speed":1.6},{"nextOrderNum":7,"drop":"1#0,2#18,3#0,4#0,5#0","boomNum":"0","route":"1#2,2#2,3#0,4#1,5#0","num":5,"orderNum":6,"pid":2,"delayTime":0.7,"id":3,"ballistic":"0","enemyID":1,"speed":1.5},{"nextOrderNum":8,"drop":"1#18,2#18,3#0,4#18","boomNum":"0","route":"1#3,2#3,3#4,4#4","num":4,"orderNum":7,"pid":0,"delayTime":1,"id":3,"ballistic":"1","enemyID":2,"speed":1.8},{"nextOrderNum":9,"drop":"1#18,2#6,3#0,4#0,5#18","boomNum":"0","route":"1#0,2#1,3#3,4#4,5#2","num":5,"orderNum":8,"pid":2,"delayTime":0.8,"id":3,"ballistic":"0","enemyID":1,"speed":1.5},{"nextOrderNum":10,"drop":"18","boomNum":"1,3","route":"1#0,2#1,3#2","num":3,"orderNum":9,"pid":2,"delayTime":1,"id":3,"ballistic":"0","enemyID":3,"speed":1.6},{"nextOrderNum":11,"drop":"1#0,2#18,3#0,4#18,5#18","boomNum":"0","route":"1#1,2#2,3#0,4#1,5#2","num":5,"orderNum":10,"pid":2,"delayTime":0.8,"id":3,"ballistic":"2","enemyID":6,"speed":1.5},{"nextOrderNum":12,"drop":"1#6,2#18,3#18,4#0","boomNum":"0","route":"1#0,2#1,3#2,4#0","num":4,"orderNum":11,"pid":2,"delayTime":1.5,"id":3,"ballistic":"2","enemyID":3,"speed":1.5},{"nextOrderNum":13,"drop":"1#18,2#18,3#18","boomNum":"2","route":"1#3,2#3,3#3","num":3,"orderNum":12,"pid":3,"delayTime":0.4,"id":3,"ballistic":"0","enemyID":1,"speed":1.7},{"nextOrderNum":14,"drop":"1#11,2#18,3#0,4#0,5#18,6#18","boomNum":"0","route":"1#4,2#4,3#4,4#3,5#3,6#3","num":6,"orderNum":13,"pid":3,"delayTime":0.4,"id":3,"ballistic":"1","enemyID":1,"speed":2},{"nextOrderNum":15,"drop":"1#18,2#18,3#0,4#0,5#18,6#18","boomNum":"0","route":"1#4,2#4,3#4,4#3,5#3,6#3","num":6,"orderNum":14,"pid":3,"delayTime":0.6,"id":3,"ballistic":"2","enemyID":5,"speed":2},{"nextOrderNum":16,"drop":"1#6,2#0,3#18","boomNum":"0","route":"1#4,2#4,3#4","num":3,"orderNum":15,"pid":4,"delayTime":0.7,"id":3,"ballistic":"0","enemyID":2,"speed":1.6},{"nextOrderNum":17,"drop":"1#18,2#0,3#0,4#0,5#0","boomNum":"1,2","route":"1#3,2#3,3#3,4#0,5#1","num":5,"orderNum":16,"pid":4,"delayTime":0.7,"id":3,"ballistic":"1","enemyID":3,"speed":1.5},{"nextOrderNum":18,"drop":"1#12,2#18,3#18,4#0,5#18","boomNum":"0","route":"1#0,2#1,3#1,4#0,5#2","num":5,"orderNum":17,"pid":4,"delayTime":1,"id":3,"ballistic":"2","enemyID":8,"speed":3},{"nextOrderNum":19,"drop":"1#18,2#18,3#18,4#0,5#18","boomNum":"0","route":"1#3,2#5,3#4,4#6,5#0","num":5,"orderNum":18,"pid":5,"delayTime":0.8,"id":3,"ballistic":"0","enemyID":3,"speed":3},{"nextOrderNum":20,"drop":"1#0,2#18,3#0,4#18,5#18,6#18","boomNum":"2","route":"5","num":6,"orderNum":19,"pid":5,"delayTime":0.4,"id":3,"ballistic":"0","enemyID":1,"speed":2},{"nextOrderNum":21,"drop":"1#0,2#18,3#18,4#0,5#18","boomNum":"0","route":"1#2,2#2,3#2,4#0,5#1","num":5,"orderNum":20,"pid":5,"delayTime":0.8,"id":3,"ballistic":"0","enemyID":4,"speed":2.8},{"nextOrderNum":22,"drop":"1#18,2#18,3#0,4#15,5#0,6#0","boomNum":"0","route":"6","num":6,"orderNum":21,"pid":6,"delayTime":0.4,"id":3,"ballistic":"1","enemyID":1,"speed":2},{"nextOrderNum":23,"drop":"0","boomNum":"0","route":"1#0,2#0,3#1,4#1,5#2,6#2","num":6,"orderNum":22,"pid":6,"delayTime":0.5,"id":3,"ballistic":"0","enemyID":2,"speed":1.8},{"nextOrderNum":24,"drop":"1#18,2#0,3#0,4#18,5#18","boomNum":"0","route":"1#0,2#1,3#0,4#1,5#2","num":5,"orderNum":23,"pid":6,"delayTime":0.6,"id":3,"ballistic":"2","enemyID":6,"speed":1.4},{"nextOrderNum":25,"drop":"1#18,2#18,3#0,4#18","boomNum":"1,3","route":"1#2,2#3,3#2,4#4","num":4,"orderNum":24,"pid":7,"delayTime":0.4,"id":3,"ballistic":"0","enemyID":1,"speed":1.6},{"nextOrderNum":26,"drop":"1#18,2#18,3#0,4#18,5#18","boomNum":"0","route":"1#2,2#3,3#2,4#4,5#2","num":5,"orderNum":25,"pid":7,"delayTime":0.3,"id":3,"ballistic":"1","enemyID":3,"speed":2.5},{"nextOrderNum":27,"drop":"1#18,2#0,3#0,4#18,5#18","boomNum":"0","route":"1#5,2#6,3#5,4#6,5#2","num":5,"orderNum":26,"pid":7,"delayTime":0.3,"id":3,"ballistic":"0","enemyID":1,"speed":1.6},{"nextOrderNum":28,"drop":"1#18,2#18,3#0,4#0,5#0","boomNum":"0","route":"1#3,2#4,3#3,4#4,5#2","num":5,"orderNum":27,"pid":7,"delayTime":0.4,"id":3,"ballistic":"0","enemyID":2,"speed":3},{"nextOrderNum":29,"drop":"0","boomNum":"0","route":"3","num":9,"orderNum":28,"pid":7,"delayTime":0.4,"id":3,"ballistic":"2","enemyID":5,"speed":0},{"nextOrderNum":30,"drop":"0","boomNum":"0","route":"4","num":9,"orderNum":29,"pid":7,"delayTime":0.4,"id":3,"ballistic":"2","enemyID":6,"speed":4},{"nextOrderNum":31,"drop":"1#12,2#18,3#11,4#18","boomNum":"0","route":"1#5,2#6,3#5,4#2","num":4,"orderNum":30,"pid":7,"delayTime":0.3,"id":3,"ballistic":"0","enemyID":1,"speed":1.2},{"nextOrderNum":32,"drop":"1#18,2#0,3#18,4#18","boomNum":"0","route":"1#2,2#1,3#0,4#2","num":4,"orderNum":31,"pid":7,"delayTime":0.3,"id":3,"ballistic":"1","enemyID":1,"speed":1.2},{"nextOrderNum":33,"drop":"1#18,2#18,3#0,4#18","boomNum":"0","route":"1#5,2#6,3#5,4#6","num":4,"orderNum":32,"pid":7,"delayTime":0.3,"id":3,"ballistic":"0","enemyID":2,"speed":1.2},{"nextOrderNum":34,"drop":"1#11,2#18,3#0","boomNum":"0","route":"1#1,2#2,3#0","num":3,"orderNum":33,"pid":8,"delayTime":1,"id":3,"ballistic":"2","enemyID":8,"speed":1.3},{"nextOrderNum":35,"drop":"0","boomNum":"1,2","route":"1#0,2#5,3#6","num":3,"orderNum":34,"pid":9,"delayTime":0.3,"id":3,"ballistic":"0","enemyID":2,"speed":1},{"nextOrderNum":36,"drop":"1#18,2#0,3#18","boomNum":"0","route":"3","num":3,"orderNum":35,"pid":10,"delayTime":0.3,"id":3,"ballistic":"1","enemyID":1,"speed":1},{"nextOrderNum":37,"drop":"1#18,2#0,3#18","boomNum":"0","route":"4","num":3,"orderNum":36,"pid":11,"delayTime":1,"id":3,"ballistic":"0","enemyID":3,"speed":1},{"nextOrderNum":38,"drop":"0","boomNum":"0","route":"1#0,2#5,3#6","num":3,"orderNum":37,"pid":12,"delayTime":2,"id":3,"ballistic":"1","enemyID":1,"speed":1},{"nextOrderNum":-1,"drop":"0","boomNum":"0","route":"2","num":1,"orderNum":38,"pid":13,"delayTime":3,"id":3,"ballistic":"1,2,3","enemyID":11,"speed":35}]}