{"__type__":"cc.JsonAsset","_name":"level_pass_reward_1","json":[{"reward1":0,"reward2":0,"id":1,"reward5":0,"reward6":0,"reward3":0,"reward4":0},{"reward1":0,"reward2":0,"id":2,"reward5":0,"reward6":0,"reward3":0,"reward4":0},{"reward1":0,"reward2":0,"id":3,"reward5":0,"reward6":0,"reward3":0,"reward4":0},{"reward1":0,"reward2":0,"id":4,"reward5":0,"reward6":0,"reward3":0,"reward4":0},{"reward1":0,"reward2":18,"id":5,"reward5":18,"reward6":18,"reward3":18,"reward4":18},{"reward1":0,"reward2":18,"id":6,"reward5":0,"reward6":18,"reward3":0,"reward4":0},{"reward1":0,"reward2":18,"id":7,"reward5":18,"reward6":18,"reward3":18,"reward4":18},{"reward1":0,"reward2":18,"id":8,"reward5":0,"reward6":18,"reward3":0,"reward4":0},{"reward1":0,"reward2":18,"id":9,"reward5":18,"reward6":18,"reward3":18,"reward4":18},{"reward1":0,"reward2":18,"id":10,"reward5":0,"reward6":18,"reward3":0,"reward4":0},{"reward1":0,"reward2":18,"id":11,"reward5":18,"reward6":18,"reward3":18,"reward4":18},{"reward1":0,"reward2":18,"id":12,"reward5":0,"reward6":18,"reward3":0,"reward4":0},{"reward1":0,"reward2":18,"id":13,"reward5":18,"reward6":18,"reward3":18,"reward4":18},{"reward1":0,"reward2":18,"id":14,"reward5":0,"reward6":18,"reward3":0,"reward4":0},{"reward1":0,"reward2":18,"id":15,"reward5":0,"reward6":18,"reward3":0,"reward4":0},{"reward1":0,"reward2":18,"id":16,"reward5":0,"reward6":18,"reward3":0,"reward4":0},{"reward1":0,"reward2":18,"id":17,"reward5":0,"reward6":18,"reward3":0,"reward4":0},{"reward1":0,"reward2":18,"id":18,"reward5":6,"reward6":18,"reward3":6,"reward4":0},{"reward1":0,"reward2":18,"id":19,"reward5":0,"reward6":18,"reward3":0,"reward4":0},{"reward1":0,"reward2":18,"id":20,"reward5":0,"reward6":18,"reward3":0,"reward4":15},{"reward1":0,"reward2":18,"id":21,"reward5":0,"reward6":18,"reward3":0,"reward4":0},{"reward1":0,"reward2":18,"id":22,"reward5":8,"reward6":18,"reward3":0,"reward4":0},{"reward1":0,"reward2":18,"id":23,"reward5":0,"reward6":18,"reward3":0,"reward4":0},{"reward1":0,"reward2":18,"id":24,"reward5":0,"reward6":18,"reward3":0,"reward4":0},{"reward1":0,"reward2":18,"id":25,"reward5":0,"reward6":18,"reward3":0,"reward4":0},{"reward1":0,"reward2":18,"id":26,"reward5":0,"reward6":18,"reward3":0,"reward4":0},{"reward1":0,"reward2":18,"id":27,"reward5":0,"reward6":18,"reward3":0,"reward4":0},{"reward1":0,"reward2":18,"id":28,"reward5":0,"reward6":18,"reward3":0,"reward4":6},{"reward1":0,"reward2":18,"id":29,"reward5":18,"reward6":18,"reward3":18,"reward4":18},{"reward1":0,"reward2":18,"id":30,"reward5":0,"reward6":18,"reward3":0,"reward4":0},{"reward1":0,"reward2":18,"id":31,"reward5":0,"reward6":18,"reward3":0,"reward4":0},{"reward1":0,"reward2":18,"id":32,"reward5":18,"reward6":18,"reward3":18,"reward4":18},{"reward1":0,"reward2":18,"id":33,"reward5":0,"reward6":18,"reward3":0,"reward4":0},{"reward1":0,"reward2":18,"id":34,"reward5":18,"reward6":18,"reward3":18,"reward4":18},{"reward1":0,"reward2":18,"id":35,"reward5":0,"reward6":18,"reward3":0,"reward4":0},{"reward1":0,"reward2":18,"id":36,"reward5":18,"reward6":18,"reward3":18,"reward4":18},{"reward1":0,"reward2":18,"id":37,"reward5":0,"reward6":18,"reward3":0,"reward4":0},{"reward1":0,"reward2":18,"id":38,"reward5":18,"reward6":18,"reward3":18,"reward4":18},{"reward1":0,"reward2":0,"id":48,"reward5":0,"reward6":0,"reward3":0,"reward4":0}]}