{"__type__":"cc.JsonAsset","_name":"task","json":[{"need":500,"kind":1,"name":"累计获取得{need}星星","qzb":0,"id":100,"param3":0,"trigger1":101,"param1":0,"param2":0,"coin":100},{"need":5000,"kind":1,"name":"累计获取得{need}星星","qzb":0,"id":101,"param3":0,"trigger1":102,"param1":0,"param2":0,"coin":500},{"need":150000,"kind":1,"name":"累计获取得{need}星星","qzb":0,"id":102,"param3":0,"trigger1":103,"param1":0,"param2":0,"coin":600},{"need":1000000,"kind":1,"name":"累计获取得{need}星星","qzb":0,"id":103,"param3":0,"trigger1":0,"param1":0,"param2":0,"coin":800},{"need":100,"kind":3,"name":"累计飞机距离达到{need}KM","qzb":0,"id":300,"param3":0,"trigger1":301,"param1":0,"param2":0,"coin":100},{"need":10000,"kind":3,"name":"累计飞机距离达到{need}KM","qzb":0,"id":301,"param3":0,"trigger1":302,"param1":0,"param2":0,"coin":500},{"need":100000,"kind":3,"name":"累计飞机距离达到{need}KM","qzb":0,"id":302,"param3":0,"trigger1":303,"param1":0,"param2":0,"coin":600},{"need":1000000,"kind":3,"name":"累计飞机距离达到{need}KM","qzb":0,"id":303,"param3":0,"trigger1":0,"param1":0,"param2":0,"coin":800},{"need":6,"kind":5,"name":"邀请{need}个好友进入游戏","qzb":1,"id":500,"param3":0,"trigger1":501,"param1":0,"param2":0,"coin":200},{"need":20,"kind":5,"name":"邀请{need}个好友进入游戏","qzb":2,"id":501,"param3":0,"trigger1":502,"param1":0,"param2":0,"coin":1000},{"need":150,"kind":5,"name":"邀请{need}个好友进入游戏","qzb":2,"id":502,"param3":0,"trigger1":503,"param1":0,"param2":0,"coin":1200},{"need":600,"kind":5,"name":"邀请{need}个好友进入游戏","qzb":2,"id":503,"param3":0,"trigger1":0,"param1":0,"param2":0,"coin":1600},{"need":10000,"kind":6,"name":"升级战机花费{need}星星","qzb":0,"id":600,"param3":0,"trigger1":601,"param1":0,"param2":0,"coin":100},{"need":50000,"kind":6,"name":"升级战机花费{need}星星","qzb":0,"id":601,"param3":0,"trigger1":602,"param1":0,"param2":0,"coin":500},{"need":300000,"kind":6,"name":"升级战机花费{need}星星","qzb":0,"id":602,"param3":0,"trigger1":603,"param1":0,"param2":0,"coin":600},{"need":1000000,"kind":6,"name":"升级战机花费{need}星星","qzb":0,"id":603,"param3":0,"trigger1":0,"param1":0,"param2":0,"coin":800},{"need":20,"kind":7,"name":"出战次数{need}次","qzb":0,"id":700,"param3":0,"trigger1":701,"param1":0,"param2":0,"coin":50},{"need":80,"kind":7,"name":"出战次数{need}次","qzb":0,"id":701,"param3":0,"trigger1":702,"param1":0,"param2":0,"coin":300},{"need":250,"kind":7,"name":"出战次数{need}次","qzb":0,"id":702,"param3":0,"trigger1":703,"param1":0,"param2":0,"coin":500},{"need":1500,"kind":7,"name":"出战次数{need}次","qzb":2,"id":703,"param3":0,"trigger1":0,"param1":0,"param2":0,"coin":800}]}